Date,AAPL,ABBV,ABT,ADBE,AMGN,AXP,BAC,BA,CAT,COST,CRM,CSCO,CVX,DIS,DUK,GE,GILD,GS,HD,HON,IBM,INTC,JNJ,JPM,KO,MA,MCD,MMM,MRK,MSFT,MS,NKE,PEP,PFE,PG,QCOM,SBUX,SLB,SO,TXN,T,UNH,UNP,UPS,VZ,V,WFC,WMT,XOM
2013-02-08,67.8542,36.25,34.41,39.12,86.77,61.8,11.76,76.56,96.85,102.79,42.4875,21.16,115.64,54.66,69.0,22.5,40.9,151.6,67.01,70.53,201.68,21.0,75.48,48.63,38.77,52.447,94.87,102.66,41.18,27.55,23.32,27.295,72.6,26.88,75.75,66.95,28.185,79.07,43.85,34.28,35.27,57.74,66.575,82.38,44.35,39.45,34.88,71.48,88.61
2013-02-11,68.5614,35.85,34.26,38.64,84.92,61.98,11.86,75.87,96.6,101.99,42.6575,21.27,115.64,54.75,69.14,22.45,40.4,152.24,66.38,70.09,200.16,21.03,75.41,48.66,38.61,52.085,95.17,102.62,41.38,27.86,23.28,27.61,72.36,27.14,75.81,67.18,28.07,77.93,44.06,33.69,35.23,57.12,66.71,82.69,44.32,39.0825,35.26,71.4,88.28
2013-02-12,66.8428,35.42,34.3,38.89,84.54,62.2,12.245,75.99,97.22,101.76,43.09,20.97,116.5,54.95,69.5,22.58,40.83,154.11,67.32,70.42,200.04,21.19,75.8,49.14,37.56,51.964,95.1,103.46,41.45,27.88,23.63,27.545,72.17,26.99,75.98,65.885,28.13,78.53,44.16,33.56,35.6,57.01,67.335,82.31,44.44,39.2,35.51,71.4,88.46
2013-02-13,66.7156,35.27,34.46,38.81,84.94,62.1,12.17,74.78,96.38,101.63,43.075,21.14,115.53,54.96,68.82,23.39,41.4,154.52,67.45,70.18,200.09,21.25,75.66,48.68,37.21,51.921,94.0,102.86,41.15,28.03,23.63,27.28,71.5,27.0,76.56,65.45,27.915,78.63,44.17,33.72,35.42,57.23,67.645,82.5,44.52,38.6925,35.13,71.39,88.67
2013-02-14,66.6556,36.57,34.7,38.61,84.72,62.34,12.13,74.93,96.07,102.02,43.615,20.99,115.71,54.88,68.0,23.41,41.6,155.93,67.34,70.09,199.65,21.23,75.81,49.22,36.84,52.216,93.56,102.78,41.19,28.04,23.83,27.31,72.28,27.06,76.78,65.53,27.775,81.56,43.91,33.79,35.29,57.05,68.085,82.69,44.33,38.995,35.21,70.82,88.52
2013-02-15,65.7371,37.58,35.08,38.635,83.61,61.69,12.03,75.03,95.61,102.17,43.7575,20.99,114.96,55.61,68.06,23.29,41.6,154.99,67.52,70.11,200.98,21.115,76.16,48.88,37.42,52.313,93.9,103.23,41.42,28.01,23.87,27.475,73.68,27.29,76.54,65.43,27.17,80.03,44.11,33.585,35.36,57.32,68.415,83.48,44.4,39.4975,35.16,69.3,88.36
2013-02-19,65.7128,38.19,34.82,38.995,84.131,62.28,12.19,74.65,95.6,101.9,43.7075,21.46,115.92,55.73,68.96,23.75,42.28,158.65,67.55,70.93,200.32,21.085,76.96,49.45,37.67,52.286,93.85,104.18,42.22,28.045,24.32,27.235,75.5,27.71,77.38,65.67,27.225,79.99,44.48,33.94,35.67,56.66,68.765,84.76,44.5,39.4025,35.14,68.76,89.32
2013-02-20,64.1214,38.61,34.52,38.77,84.65,61.91,11.8,74.78,93.22,101.08,42.77,21.105,114.99,54.6,68.85,23.41,41.88,155.18,66.44,70.35,199.31,20.73,76.65,48.61,37.73,51.291,93.91,103.15,42.66,27.87,23.42,27.01,75.42,27.57,77.08,65.27,26.655,78.53,44.55,33.06,35.47,55.21,67.36,83.81,44.92,38.855,35.1,69.21,88.97
2013-02-21,63.7228,38.78,34.26,38.34,85.13,61.54,11.42,76.01,91.53,100.69,42.1375,20.76,114.99,54.17,68.83,23.26,41.54,150.88,64.38,69.8,198.33,20.25,76.87,48.25,37.71,51.959,94.14,102.72,42.5,27.49,22.83,27.27,75.36,27.41,77.04,64.82,26.675,77.43,44.43,32.48,35.43,55.24,67.125,82.61,45.12,39.36,35.46,70.26,88.59
2013-02-22,64.4014,38.46,34.55,38.55,86.82,62.57,11.44,76.66,91.54,101.16,42.64,20.9,115.96,54.25,69.46,23.39,42.45,154.09,65.58,69.89,201.09,20.42,76.25,48.91,38.52,52.383,95.25,103.54,42.97,27.76,23.58,27.235,75.57,27.38,76.99,64.94,27.085,77.79,44.74,34.18,35.68,54.47,68.01,82.94,45.4,39.8575,35.82,70.4,89.2
2013-02-25,63.2571,37.37,34.27,38.11,89.55,62.02,11.03,75.03,89.16,100.09,40.8775,20.66,113.54,53.59,69.11,22.81,42.09,147.65,63.92,68.95,197.51,20.23,75.57,47.7,37.72,51.09,96.14,101.75,42.52,27.37,22.03,27.02,75.19,26.84,75.92,64.8,26.605,75.83,44.54,33.73,35.19,53.3,66.59,81.94,45.72,38.9725,34.79,70.44,87.7
2013-02-26,64.1385,37.09,34.06,38.59,89.47,61.92,11.13,75.65,89.95,99.45,40.84,20.608,114.96,53.9,69.59,23.05,42.25,148.0,67.56,69.12,199.14,20.58,75.75,47.6,38.11,50.97,96.22,102.31,42.42,27.37,22.44,27.135,75.62,27.03,76.08,65.27,26.64,76.33,44.71,33.76,35.49,53.05,66.97,81.94,46.12,39.4575,34.75,71.11,88.51
2013-02-27,63.5099,36.73,34.26,39.6,91.03,62.5,11.3,77.36,92.25,100.73,41.735,20.89,116.65,54.48,70.13,23.37,42.89,151.65,68.06,70.35,202.33,20.93,76.32,49.28,38.45,51.519,95.73,103.57,42.97,27.81,22.9,27.17,75.48,27.41,76.75,65.64,27.285,77.9,45.07,34.29,35.85,53.87,68.355,82.83,46.35,39.9675,35.13,71.66,89.53
2013-02-28,63.0571,36.92,33.79,39.31,91.55,62.15,11.23,76.9,92.37,101.29,42.305,20.855,117.15,54.59,69.25,23.22,42.72,149.76,68.5,70.1,200.83,20.88,76.11,48.92,38.72,51.782,95.9,104.0,42.73,27.8,22.55,27.23,75.77,27.37,76.18,65.64,27.425,77.85,45.01,34.428,35.91,53.45,68.555,82.65,46.53,39.66,35.08,70.78,89.55
2013-03-01,61.4957,37.81,33.6,39.83,92.58,62.37,11.34,77.28,91.36,101.42,45.5,20.83,116.9,55.33,69.25,23.19,43.45,150.53,69.03,70.05,202.91,21.03,76.7,48.91,38.7,51.83,95.68,103.77,42.63,27.95,22.43,27.41,75.93,27.39,76.49,66.3,27.435,77.64,44.83,34.52,36.01,53.52,68.285,82.87,46.72,39.52,35.39,71.74,89.43
2013-03-04,60.0071,38.24,34.31,40.46,92.73,62.89,11.41,77.09,89.75,103.43,46.4725,20.74,117.49,55.8,69.71,23.27,43.87,152.18,70.29,69.7,205.19,21.27,77.2,49.1,38.82,52.141,95.07,103.28,43.34,28.15,22.6,27.365,76.6,27.69,76.68,66.63,27.85,76.5,45.03,34.56,36.23,53.32,69.175,82.93,47.11,39.875,35.85,73.26,88.95
2013-03-05,61.5919,37.51,34.67,41.46,93.44,64.12,11.55,78.66,90.21,103.15,46.4425,21.218,117.93,56.48,70.16,23.59,45.02,152.96,70.47,70.68,206.53,21.51,77.66,49.49,38.68,52.71,95.81,104.45,43.25,28.35,22.74,27.45,76.9,28.07,77.05,67.97,28.255,76.95,45.36,35.0,36.6,53.5,69.54,84.07,47.69,40.0725,35.88,73.72,89.61
2013-03-06,60.8088,37.74,34.27,41.29,93.27,64.65,11.92,79.08,89.64,102.56,46.5925,21.715,118.47,56.36,69.88,23.67,45.4,154.13,70.48,71.27,208.38,21.75,77.39,50.03,39.02,52.758,96.81,104.66,43.68,28.09,22.91,27.65,76.8,28.12,77.2,66.67,28.55,77.16,45.48,35.14,36.29,53.61,69.48,84.43,47.28,40.265,36.05,73.38,89.56
2013-03-07,61.5117,37.49,34.43,41.5,92.95,64.56,12.26,81.05,89.65,101.97,46.1175,21.802,118.56,56.32,69.55,23.68,44.95,156.62,70.25,72.17,209.42,21.89,77.75,50.63,39.12,52.667,97.09,104.54,43.27,28.14,23.22,27.61,77.14,28.27,76.9,66.79,29.125,77.82,45.39,35.2,36.39,53.8,68.51,84.3,47.48,40.1275,36.42,73.32,88.71
2013-03-08,61.6742,37.34,34.68,41.5,93.0,64.7,12.07,81.23,90.51,103.04,46.4625,21.83,118.57,57.39,69.64,23.77,45.43,152.98,71.37,73.7,210.38,21.58,78.19,50.2,39.22,52.923,98.71,105.71,42.97,28.0,23.03,27.345,77.2,28.19,77.18,66.65,29.335,77.96,45.32,35.29,36.68,53.81,69.35,84.44,47.96,40.1675,36.5,73.03,88.97
2013-03-11,62.5528,37.67,34.93,41.48,91.44,65.5,12.15,82.94,91.18,102.44,46.485,21.88,118.73,57.66,69.79,23.62,45.94,153.3,71.32,73.86,210.08,21.69,78.44,50.48,39.31,53.089,98.89,105.81,43.66,27.87,23.1,27.265,76.85,28.25,77.35,66.7,29.305,77.78,45.31,35.52,36.6,54.21,69.845,84.68,47.81,40.295,37.13,72.98,89.16
2013-03-12,61.2042,37.17,34.98,41.4,91.75,65.29,12.01,84.16,89.74,103.75,45.1975,21.7,118.25,57.11,69.54,23.41,46.18,151.85,70.75,73.59,210.55,21.64,78.56,50.28,38.96,52.316,98.76,105.13,45.04,27.91,22.67,26.745,76.89,27.94,77.17,67.04,29.14,77.44,45.2,35.62,36.72,54.83,69.5,84.53,48.36,39.95,36.66,73.6,89.16
2013-03-13,61.1928,37.17,35.01,41.59,91.54,65.3,12.06,84.75,89.28,103.42,45.2275,21.575,118.36,57.34,69.91,23.49,45.87,151.91,70.76,73.95,212.06,21.655,78.55,50.16,38.59,52.748,99.38,105.09,44.59,27.915,22.78,27.425,76.95,28.02,76.8,66.755,29.2925,77.39,45.29,35.29,36.6,54.48,69.78,85.18,47.94,39.8425,36.77,73.65,89.26
2013-03-14,61.7857,37.56,35.14,41.62,92.18,65.38,12.11,84.62,88.7,102.91,44.6225,21.59,120.0,57.75,69.93,23.69,45.88,154.02,70.24,73.81,215.8,21.65,79.1,51.0,39.02,52.718,99.31,106.02,44.27,28.135,22.8,27.345,77.19,28.11,77.39,66.57,28.84,78.75,45.37,35.38,36.86,54.73,70.5,85.63,48.48,40.165,36.97,73.22,89.83
2013-03-15,63.3799,38.5,34.14,41.38,91.808,66.09,12.57,86.43,88.83,101.746,44.125,21.925,119.68,57.58,69.95,23.44,45.17,154.84,69.05,73.46,214.92,21.375,79.19,50.02,38.83,51.937,99.67,106.4,44.09,28.035,23.59,27.39,77.04,28.02,76.34,64.975,28.83,79.4,45.52,35.08,36.43,54.73,70.845,85.47,48.02,39.6375,38.2,72.5,89.37
2013-03-18,65.1028,38.16,33.46,41.06,90.39,65.78,12.56,85.18,89.36,101.68,43.5325,21.67,119.13,56.83,69.62,23.25,44.8,151.95,69.35,73.89,213.21,21.26,78.81,49.51,38.76,51.501,98.57,105.41,43.63,28.1,22.99,27.08,76.68,28.04,76.16,64.56,28.465,76.34,45.31,34.62,36.15,55.0,70.105,85.43,48.75,39.5175,37.76,72.25,88.77
2013-03-19,64.9271,38.36,33.54,40.75,92.4,65.13,12.71,85.51,88.27,102.12,42.8075,21.52,119.46,56.31,69.91,23.32,44.38,148.84,68.79,74.03,213.44,21.14,78.86,49.2,39.33,51.16,98.4,105.18,43.7,28.18,22.39,26.915,76.67,27.99,77.11,64.72,28.415,73.98,45.47,34.66,36.14,55.17,69.79,85.08,48.95,39.0,37.49,72.45,88.58
2013-03-20,64.5828,39.06,33.81,42.46,94.05,66.0,12.78,85.37,86.94,103.08,43.1275,21.67,120.35,56.94,70.4,23.46,44.52,150.13,68.88,74.7,215.06,21.18,79.45,49.12,39.87,51.862,98.77,105.66,44.12,28.315,22.74,27.415,76.32,28.29,77.58,65.74,28.715,73.79,45.79,35.06,36.19,54.88,69.565,84.03,48.6,39.8325,37.44,72.99,88.63
2013-03-21,64.6756,38.49,33.48,42.18,94.31,65.41,12.57,84.33,86.83,103.52,43.1825,20.84,120.34,56.31,70.26,23.29,44.54,145.38,68.95,74.59,212.26,21.04,79.01,48.35,40.07,51.401,98.53,104.94,43.79,28.11,22.06,26.8,76.15,28.11,77.21,65.35,28.525,73.44,45.43,34.29,36.15,55.06,69.185,83.0,48.8,39.45,37.14,73.13,88.17
2013-03-22,65.9871,38.97,33.69,42.97,96.56,66.22,12.56,84.82,87.48,105.11,44.015,20.75,121.18,56.78,70.61,23.37,45.51,146.6,69.56,75.19,212.08,21.33,79.74,48.78,40.04,51.75,99.27,106.42,43.9,28.25,22.18,29.765,78.64,28.38,77.27,65.92,28.69,74.37,45.66,34.46,36.43,54.46,69.57,84.76,49.02,40.0225,37.2,74.28,89.29
2013-03-25,66.2256,39.32,33.8,42.49,96.81,66.1,12.4,84.85,86.64,105.47,43.19,20.85,120.18,56.21,70.28,23.24,44.98,146.11,69.47,74.86,210.74,21.15,79.68,48.52,40.12,51.999,98.24,105.17,43.69,28.16,21.97,29.78,77.83,28.16,76.68,65.67,28.345,73.86,45.63,34.48,36.39,54.86,68.595,84.61,49.16,41.0,37.21,74.85,89.02
2013-03-26,65.8765,40.21,34.35,42.75,98.66,67.17,12.28,86.62,87.0,105.97,43.3975,20.845,120.98,56.63,70.95,23.12,45.76,146.54,70.05,75.48,212.36,21.765,80.85,48.64,40.69,53.547,98.5,106.07,44.39,28.155,22.22,29.735,78.92,28.6,77.4,66.62,28.525,74.42,46.14,35.095,36.74,55.65,69.74,85.04,49.48,41.865,37.3,74.77,90.13
2013-03-27,64.5828,40.15,34.61,42.66,100.15,67.15,12.23,86.2,86.9,106.64,43.97,20.83,120.19,56.47,71.72,23.1,47.72,147.84,69.65,75.17,210.89,21.83,81.27,47.77,40.22,53.803,98.9,105.29,44.1,28.37,22.29,29.225,78.29,28.64,77.06,66.68,28.455,75.1,46.36,35.08,36.62,56.62,70.415,85.43,48.94,42.165,36.98,74.78,90.58
2013-03-28,63.2371,40.78,35.32,43.515,102.51,67.46,12.18,85.85,86.97,106.11,44.7075,20.895,118.82,56.8,72.59,23.12,48.94,147.15,69.78,75.35,213.3,21.835,81.53,47.46,40.44,54.113,99.69,106.31,44.2,28.605,21.98,29.505,79.11,28.86,77.06,66.94,28.475,74.89,46.92,35.48,36.69,57.21,71.205,85.9,49.15,42.46,36.99,74.83,90.11
2013-04-01,61.2728,41.12,35.31,43.38,102.31,67.26,12.15,85.25,85.64,105.81,43.8475,20.83,119.61,56.69,72.32,23.08,47.98,146.04,69.67,74.33,212.38,21.43,81.93,47.83,40.45,53.723,99.05,105.65,44.35,28.61,21.66,29.13,79.1,28.84,77.7,66.0,28.435,74.02,46.74,35.01,37.25,58.97,70.05,84.47,49.22,41.8375,36.93,75.43,90.77
2013-04-02,61.3988,40.71,36.12,43.845,106.4,67.64,12.15,84.09,84.88,107.68,43.8325,21.22,119.0,57.46,72.62,23.34,48.2,146.68,71.02,74.21,214.36,21.455,82.69,48.28,40.72,54.059,100.26,106.52,44.91,28.8,21.7,29.45,79.74,29.23,78.96,66.255,29.13,74.81,46.82,34.765,37.57,61.74,70.41,83.92,49.5,41.9875,36.88,76.02,90.58
2013-04-03,61.7128,40.57,36.32,43.7,104.81,66.25,11.81,84.36,84.12,106.36,42.1275,21.197,117.78,57.25,71.71,23.0,47.63,143.41,70.36,73.33,212.66,21.05,82.07,46.85,40.17,53.325,99.25,105.68,45.36,28.56,21.11,29.455,78.96,29.03,78.12,65.97,28.85,74.01,46.69,34.15,37.28,61.67,69.42,83.33,48.99,41.1875,36.67,76.0,89.93
2013-04-04,61.1028,41.6,36.65,44.21,105.88,66.73,11.94,84.95,84.63,106.36,41.6025,21.04,118.07,57.59,71.79,23.08,47.74,142.99,70.69,73.75,211.31,21.135,82.41,47.49,40.54,53.422,100.63,105.82,45.32,28.595,21.33,29.67,79.53,29.16,78.54,65.81,29.055,73.94,47.23,34.49,37.91,62.03,69.23,83.67,49.3,41.62,37.42,76.2,89.77
2013-04-05,60.4571,41.31,36.31,43.38,104.04,65.3,11.97,86.17,84.6,105.8,41.355,20.61,117.52,57.7,72.05,22.93,47.37,143.69,70.06,72.98,209.41,20.94,82.04,47.91,40.08,53.16,101.42,105.78,45.13,28.7,21.56,29.485,78.59,29.1,78.23,65.16,28.9,74.35,47.19,34.2,38.02,62.1,69.27,83.54,49.56,41.29,37.15,76.39,89.01
2013-04-08,60.8871,41.77,36.55,43.79,105.1,65.6,12.21,86.75,84.19,107.04,41.715,20.57,117.81,58.82,73.01,23.12,47.2,143.82,71.22,73.55,209.32,21.09,81.11,48.58,40.86,53.437,101.5,105.75,45.48,28.59,21.74,29.975,79.5,29.16,78.79,65.86,29.06,74.96,47.49,35.07,37.62,61.89,69.81,83.23,49.43,41.5725,37.02,77.29,88.6
2013-04-09,60.9971,42.55,36.66,44.17,104.3,65.22,12.25,87.21,85.9,105.79,41.3325,20.97,118.64,59.14,72.62,23.06,48.3,146.52,71.2,73.54,209.22,21.75,81.52,48.68,40.71,52.764,101.06,105.95,45.51,29.61,21.74,29.945,79.21,29.11,78.26,65.96,28.705,75.43,47.31,35.16,37.76,62.18,69.865,83.55,49.36,41.1875,37.45,78.12,88.77
2013-04-10,62.2414,43.62,37.1,44.7,108.255,65.4,12.32,87.82,86.57,105.75,42.195,21.47,119.64,60.11,72.79,23.58,49.73,149.46,71.69,74.41,212.0,22.26,82.02,49.25,41.07,53.443,101.49,107.69,46.84,30.28,22.22,30.145,80.06,29.92,79.24,67.285,28.9,76.99,47.45,35.755,38.18,62.41,70.65,84.56,49.86,41.7475,37.57,77.37,88.68
2013-04-11,62.0471,43.2,37.27,45.21,108.22,65.74,12.27,88.53,85.7,106.01,41.6275,21.685,120.95,60.55,73.17,23.59,51.65,149.07,71.9,74.7,212.92,21.825,82.32,49.31,41.18,54.124,101.99,108.25,47.21,28.935,22.27,30.6,79.96,30.64,79.67,67.03,29.2875,77.14,47.62,35.69,38.54,62.98,70.7,84.32,50.51,41.905,37.51,77.79,89.22
2013-04-12,61.3999,43.09,37.13,45.03,111.57,65.68,12.17,88.89,85.05,106.13,42.38,21.54,119.94,60.55,72.97,23.46,51.93,149.12,73.62,74.25,211.38,21.675,82.74,49.01,41.08,53.299,103.59,107.68,47.11,28.79,21.82,30.29,79.99,30.67,80.08,66.68,29.545,75.66,47.88,35.85,38.59,63.03,70.635,84.14,50.86,41.4375,37.21,78.56,88.99
2013-04-15,59.9785,41.44,36.13,44.6,108.48,64.1,11.98,86.77,82.27,104.21,41.295,21.05,116.57,58.88,72.29,22.81,50.68,146.46,72.23,72.2,209.26,21.38,81.71,47.93,40.09,52.171,102.15,105.76,46.46,28.69,21.48,29.835,78.92,30.45,79.65,65.49,28.855,71.89,47.36,35.27,37.95,61.59,67.88,82.41,50.64,40.3225,36.57,78.47,86.49
2013-04-16,60.8914,42.45,36.4,45.28,110.85,64.59,12.28,86.89,82.61,105.55,42.5975,21.16,117.01,60.75,73.57,23.1,52.01,144.1,72.46,73.18,212.0,21.915,83.44,48.49,42.37,53.158,103.04,106.15,46.96,28.97,21.85,30.25,80.0,30.94,80.1,65.81,29.28,73.29,48.13,35.735,37.94,62.81,69.805,83.22,50.46,41.1775,37.06,78.68,86.61
2013-04-17,57.5428,42.24,37.28,44.9,109.44,64.13,11.7,86.69,81.47,104.77,41.8375,20.63,114.81,60.68,73.15,22.76,51.94,140.6,72.8,71.89,209.67,21.93,83.9,46.79,42.55,52.576,102.54,105.48,46.76,28.825,21.47,30.45,78.85,30.87,79.06,64.23,29.085,70.97,47.96,34.21,37.78,62.03,68.47,82.52,49.54,40.5575,36.56,78.51,86.08
2013-04-18,56.0071,42.32,36.88,44.46,107.46,65.04,11.44,86.12,80.46,103.61,41.03,20.58,115.59,59.99,73.24,22.67,50.86,138.6,72.48,71.47,207.15,22.24,83.18,46.64,42.1,52.1,101.91,104.98,46.56,28.79,20.31,30.09,81.25,30.59,79.87,63.64,28.86,71.0,47.87,33.92,37.74,59.69,71.23,82.37,50.91,40.3525,36.27,77.16,86.62
2013-04-19,55.7899,42.39,37.2,44.74,111.38,67.24,11.66,87.96,80.43,104.45,40.88,20.46,115.9,61.56,74.34,21.75,53.17,138.72,74.0,74.18,190.0,22.44,84.49,47.23,42.66,52.196,99.92,105.71,47.49,29.765,20.58,30.46,82.77,31.06,81.43,63.93,29.2025,69.95,48.51,34.25,38.28,60.04,72.925,82.99,52.25,40.99,36.69,78.29,87.45
2013-04-22,56.9528,44.2,36.89,44.53,113.42,66.66,11.72,86.94,82.71,105.16,40.32,20.59,116.57,62.01,74.28,21.35,54.05,139.52,73.86,74.59,187.83,22.88,84.83,47.35,42.72,52.211,99.32,105.8,47.92,30.83,20.71,30.68,83.38,30.93,81.4,64.58,29.32,71.23,48.47,34.81,38.73,59.22,73.72,83.26,52.19,40.8825,36.73,77.97,88.09
2013-04-23,58.0185,45.14,37.21,44.87,112.76,67.45,12.07,88.18,84.1,107.25,41.08,20.91,117.48,62.59,74.41,21.5,53.33,142.94,73.38,74.76,191.61,23.375,85.45,48.17,42.7,53.1,99.76,107.39,48.63,30.6,21.61,30.84,84.1,31.08,82.54,65.35,29.695,71.94,48.65,35.7,39.0,58.54,73.715,83.74,52.32,41.415,37.13,79.09,89.3
2013-04-24,57.9231,44.32,36.52,44.67,104.93,67.42,12.31,90.83,83.78,107.83,40.91,20.39,118.28,61.94,74.72,21.96,50.57,143.93,73.28,74.83,191.71,23.66,84.39,48.72,42.15,53.202,101.02,107.87,47.95,31.76,21.45,30.765,82.34,30.6,77.12,66.0,29.915,73.17,48.03,36.01,37.04,58.79,73.65,83.5,51.8,41.765,37.34,78.03,89.43
2013-04-25,58.3399,44.24,36.49,45.05,108.66,68.13,12.44,91.67,84.51,109.13,40.76,20.64,118.51,62.0,75.14,21.95,51.43,144.76,73.37,74.53,193.95,23.38,85.22,49.0,42.35,53.514,100.94,104.88,47.35,31.94,21.43,31.035,82.82,30.26,76.58,62.44,30.25,73.44,48.09,36.11,37.28,59.34,74.11,85.42,53.22,42.19,37.64,78.65,88.07
2013-04-26,59.6007,45.84,36.46,44.91,108.38,67.75,12.42,92.85,84.68,109.27,40.71,20.67,120.04,61.87,74.86,22.21,51.38,144.11,73.35,73.9,194.31,23.4,85.12,48.88,42.1,53.533,100.89,103.79,47.87,31.79,21.4,30.945,82.51,30.09,77.1,61.52,30.0,73.34,47.95,35.74,37.04,59.48,73.76,85.71,53.63,41.8075,37.88,79.04,88.0
2013-04-29,61.4457,45.23,36.73,45.06,106.67,67.63,12.38,91.9,84.8,108.63,41.01,20.98,121.32,63.0,75.2,22.27,51.09,145.11,73.67,73.8,199.15,23.76,85.58,48.92,42.24,53.901,102.18,103.83,47.82,32.61,22.21,31.315,82.65,30.43,77.68,61.61,30.29,74.03,48.14,35.97,37.3,60.01,73.71,86.27,53.46,41.975,37.88,78.39,88.21
2013-04-30,63.2542,46.05,36.92,45.08,104.21,68.41,12.31,91.41,84.67,108.43,41.11,20.92,122.01,62.84,75.2,22.29,50.64,146.07,73.35,73.54,202.54,23.95,85.23,49.01,42.33,55.293,102.14,104.71,47.0,33.1,22.15,31.8,82.47,29.07,76.77,61.6,30.42,74.43,48.23,36.21,37.46,59.93,73.98,85.84,53.91,42.115,37.98,77.72,88.99
2013-05-01,62.7557,45.55,36.89,44.71,104.54,68.28,12.14,91.18,83.08,108.22,41.56,20.38,120.27,63.21,74.89,22.15,50.14,142.61,72.76,72.53,199.63,23.99,84.23,48.01,42.21,53.982,101.38,104.55,45.69,32.72,21.85,31.68,82.21,28.9,76.99,61.92,30.07,73.79,47.84,36.41,37.56,59.72,72.835,84.82,52.4,41.505,37.46,78.06,87.51
2013-05-02,63.6457,43.99,37.06,45.69,105.59,69.38,12.19,92.21,84.26,108.69,41.87,20.73,122.04,63.88,74.78,22.32,52.18,143.67,73.33,73.97,202.39,24.11,85.16,48.08,41.96,54.553,102.06,106.04,45.73,33.16,22.29,31.66,82.56,29.27,77.76,62.89,30.19,74.25,47.23,36.7,37.56,59.48,73.585,85.33,52.53,43.85,37.41,78.46,88.63
2013-05-03,64.2828,44.68,36.8,47.01,106.48,70.23,12.24,93.74,86.98,109.75,42.24,20.83,123.49,64.8,74.47,22.57,55.15,145.37,73.96,75.24,204.51,23.96,85.75,47.57,42.24,55.355,102.92,107.83,45.67,33.49,22.76,32.275,82.83,28.96,78.19,63.77,30.935,75.72,47.26,37.01,37.34,58.92,74.715,86.09,52.68,44.885,37.74,79.25,90.02
2013-05-06,65.8156,44.59,35.85,46.49,104.83,70.06,12.88,94.19,87.59,109.09,42.44,20.81,123.25,65.06,72.9,22.58,54.43,148.45,75.26,76.08,202.78,23.91,84.68,48.18,42.08,54.773,102.07,107.84,44.98,33.75,23.28,31.98,82.5,28.72,77.75,63.86,31.24,76.16,46.76,37.04,37.09,60.2,75.7,87.04,52.05,44.7225,37.9,78.83,90.58
2013-05-07,65.5225,44.91,36.06,45.602,104.46,70.24,12.9,94.79,89.79,109.71,42.42,20.38,123.04,66.07,73.7,22.68,53.13,149.32,75.07,76.9,203.63,24.15,85.53,49.14,42.7,55.126,102.29,108.01,45.27,33.31,23.27,31.955,83.34,29.03,77.94,63.97,31.095,76.89,47.27,37.04,37.52,60.5,76.86,88.66,52.92,44.9475,38.4,78.83,91.15
2013-05-08,66.2628,43.49,36.29,45.32,105.07,70.31,13.02,94.04,90.31,109.61,42.37,20.72,123.36,65.99,72.91,23.01,52.38,150.26,75.42,77.48,204.82,24.25,85.46,49.76,42.46,55.372,100.95,108.2,44.99,32.99,23.67,31.95,83.25,28.73,78.44,64.12,31.205,77.59,46.93,37.09,37.83,62.51,77.69,89.03,53.11,44.815,38.45,78.25,91.7
2013-05-09,65.2528,44.24,36.18,43.97,104.56,70.21,12.91,94.61,89.95,109.14,43.15,20.83,123.64,66.67,72.05,22.78,52.79,148.54,75.87,77.78,203.24,24.36,85.15,49.04,42.12,55.188,99.69,109.92,45.49,32.66,23.41,31.87,82.85,28.6,78.21,64.11,31.18,77.25,46.22,37.01,37.33,62.01,76.835,88.23,52.71,44.645,37.89,78.4,91.03
2013-05-10,64.7099,45.01,36.17,44.02,106.72,70.08,13.02,94.24,88.62,109.99,44.17,21.1,123.23,67.2,72.18,22.9,52.88,149.1,76.01,77.74,204.47,24.5,85.76,48.96,42.15,55.513,100.2,110.48,45.95,32.69,23.94,32.38,83.0,28.72,78.76,64.64,31.5485,76.82,46.1,37.04,37.36,62.91,77.15,88.34,52.89,44.6875,38.03,78.89,90.14
2013-05-13,64.9628,44.54,36.35,43.61,106.89,69.79,12.98,94.76,88.07,110.01,43.96,21.27,122.85,67.32,71.77,22.85,54.47,149.63,76.67,77.86,202.47,24.08,85.85,49.67,42.19,55.584,100.38,110.5,46.17,33.03,23.68,32.325,83.03,29.37,78.59,64.815,31.41,77.04,45.84,36.54,37.0,62.39,76.95,88.04,52.55,44.7325,38.2,78.5,90.1
2013-05-14,63.4085,45.35,37.05,44.04,107.94,71.51,13.34,96.11,87.55,111.39,44.98,21.27,125.0,67.47,72.08,23.01,56.25,154.52,77.32,79.16,203.21,23.84,86.97,50.23,42.52,56.968,101.2,110.59,46.65,33.53,24.27,32.955,83.5,29.4,79.47,65.32,31.76,76.86,46.26,36.51,37.23,61.73,78.47,88.4,53.17,45.08,38.76,78.78,91.11
2013-05-15,61.2642,46.03,37.66,45.07,107.42,72.78,13.44,97.02,87.0,112.82,44.79,21.21,123.01,67.67,72.24,23.24,56.36,155.61,77.88,79.89,203.32,24.2,87.64,51.09,42.92,57.436,101.95,111.5,46.73,33.845,24.86,32.915,84.25,29.56,80.68,65.54,32.035,75.68,46.66,36.81,37.53,61.61,79.015,88.6,53.6,45.44,39.3,79.86,91.24
2013-05-16,62.0825,46.21,36.83,44.56,104.97,72.23,13.36,96.58,86.78,111.51,46.15,23.887,122.76,66.47,71.16,23.27,54.96,154.47,76.75,78.73,204.69,23.94,87.45,50.97,43.09,57.014,101.12,111.07,46.37,34.08,24.58,32.22,83.74,29.25,80.2,65.64,31.775,75.27,46.3,36.6,37.38,62.14,78.52,87.85,53.2,44.95,39.26,78.5,90.7
2013-05-17,61.8942,47.17,36.59,44.61,105.63,73.32,13.43,98.92,87.67,113.05,46.79,24.24,123.42,66.58,71.62,23.46,56.3,158.18,76.86,80.75,208.44,24.04,88.09,52.3,42.97,58.478,101.54,111.39,45.99,34.87,25.19,32.66,83.8,28.96,80.02,66.61,32.065,75.74,46.6,36.77,37.44,62.84,79.955,88.7,53.35,46.1425,39.88,77.87,91.76
2013-05-20,63.2757,46.26,37.81,44.29,102.18,74.4,13.51,98.72,88.33,112.02,47.01,23.945,124.78,66.12,71.33,23.57,55.74,158.9,76.76,80.53,207.6,24.08,88.01,52.29,42.38,58.334,101.54,111.72,45.21,35.08,25.07,32.665,82.59,28.7,79.09,66.1,31.915,77.42,46.4,36.63,37.22,62.56,79.815,88.55,52.74,45.4025,40.2,77.4,92.52
2013-05-21,62.8085,46.54,37.72,44.02,104.24,75.11,13.44,98.75,88.1,113.48,46.33,24.01,125.94,65.83,71.39,23.66,56.47,160.73,78.71,80.15,208.65,24.15,88.59,53.02,42.34,58.485,102.14,112.01,47.33,34.85,25.12,32.615,82.63,28.78,78.8,65.76,32.125,77.08,46.44,36.6,36.94,62.87,79.23,88.78,52.07,45.3875,40.68,77.39,92.8
2013-05-22,63.0505,46.76,37.72,43.17,104.53,74.44,13.31,97.93,87.7,113.38,45.78,23.34,124.93,65.57,70.19,23.86,55.93,159.34,79.69,79.59,206.99,24.07,88.46,53.63,42.25,57.671,101.74,110.79,46.71,34.61,24.7,32.225,82.97,29.3,78.82,65.23,32.075,75.58,45.76,36.01,36.62,62.28,78.795,88.14,51.47,45.035,40.1,77.03,92.19
2013-05-23,63.1628,46.59,37.48,42.77,105.62,74.69,13.21,99.75,86.95,113.19,45.69,23.51,125.4,65.23,69.76,23.66,55.48,157.41,78.91,79.24,206.16,24.05,87.21,53.35,41.93,56.973,101.03,110.41,47.33,34.15,24.25,31.665,82.12,29.11,78.7,63.91,31.76,75.38,45.52,35.99,36.74,62.36,78.035,87.31,51.89,44.525,40.01,76.33,91.79
2013-05-24,63.5928,45.44,37.76,42.43,105.91,75.27,13.24,100.0,86.21,114.39,43.25,23.53,125.45,65.49,68.88,23.53,55.81,158.72,78.99,79.29,205.72,23.923,86.82,53.66,42.24,57.146,100.29,110.27,47.16,34.269,24.35,31.395,82.58,29.04,81.88,64.26,31.68,74.66,45.2,35.99,36.75,62.06,78.405,86.83,51.39,45.1125,40.24,77.31,91.53
2013-05-28,63.0627,45.39,38.56,42.91,106.2,76.16,13.35,100.11,86.19,114.83,41.8,23.89,126.43,66.69,67.75,23.6,56.18,160.7,79.82,79.77,207.78,24.08,87.61,54.6,42.55,57.574,101.24,111.59,47.62,35.02,24.73,31.64,82.43,29.01,80.86,64.07,32.13,75.4,44.89,36.2,36.18,63.34,78.87,86.75,50.82,45.0075,40.52,77.32,92.38
2013-05-29,63.5642,43.88,37.72,42.6,104.39,75.83,13.48,99.09,86.49,112.95,41.93,24.12,125.49,66.26,67.15,23.64,55.63,162.87,79.49,78.8,207.92,24.27,85.65,54.67,41.4,57.301,99.05,111.13,46.87,34.88,24.98,31.465,81.12,28.28,78.9,64.11,31.815,74.98,44.26,36.09,35.91,63.35,78.065,86.34,49.57,44.535,40.75,76.23,92.08
2013-05-30,64.5114,44.55,37.68,43.19,105.22,76.14,13.83,100.54,86.41,111.88,42.76,24.37,125.11,64.65,67.31,23.6,55.8,164.35,79.44,79.44,209.36,24.21,85.99,55.62,40.77,57.616,97.07,111.42,47.07,35.03,25.82,31.205,81.22,28.25,79.09,64.18,31.735,74.81,44.13,36.47,35.5,64.66,78.585,86.36,49.08,45.2575,41.25,75.63,92.09
2013-05-31,64.2478,42.69,36.67,42.91,100.53,75.71,13.66,99.02,85.8,109.631,42.33,24.115,122.75,63.08,66.93,23.32,54.48,162.08,78.66,78.46,208.02,24.28,84.18,54.59,39.99,57.025,96.57,110.27,46.7,34.9,25.9,30.83,80.77,27.23,76.76,63.48,31.57,73.03,43.9,35.91,34.99,62.63,77.31,85.9,48.48,44.535,40.55,74.84,90.47
2013-06-03,64.3885,43.36,37.16,43.46,99.13,76.47,13.55,100.74,86.13,110.88,41.04,24.38,124.09,63.8,67.2,23.64,53.12,163.56,79.08,78.85,208.95,25.24,84.71,54.49,40.81,57.591,97.96,110.61,48.45,35.59,25.65,31.515,81.4,27.75,77.66,63.23,31.73,73.25,44.09,36.03,35.07,62.8,77.945,86.25,48.66,45.0475,40.73,75.69,91.46
2013-06-04,64.1871,43.63,36.8,44.39,97.29,76.06,13.36,99.61,85.92,110.66,37.8,24.36,122.96,64.35,67.15,23.66,52.32,161.68,76.63,77.74,206.19,25.36,84.1,54.04,41.42,56.822,98.37,110.02,49.44,34.99,25.47,31.39,81.63,27.66,77.37,63.71,31.665,72.85,43.95,36.64,35.67,62.36,77.86,85.96,48.84,45.05,40.44,75.94,90.79
2013-06-05,63.5871,43.04,36.3,43.84,94.6,74.76,13.09,98.49,84.42,109.17,37.95,24.32,121.57,63.12,66.81,23.32,50.12,158.3,75.1,76.7,202.74,24.7,83.68,53.03,40.65,55.957,96.42,108.59,48.73,34.78,25.03,30.875,81.2,27.48,76.66,63.15,31.17,72.18,43.69,35.87,35.26,61.75,75.845,84.96,48.3,44.305,39.82,75.25,89.65
2013-06-06,62.6371,43.5,36.64,43.57,97.49,76.24,13.2,99.76,84.0,111.09,38.06,24.55,120.59,63.14,67.5,23.38,51.35,159.68,77.26,77.66,203.8,24.65,84.46,53.5,40.79,56.495,96.68,108.67,48.6,34.96,25.41,31.08,81.66,28.11,76.82,62.97,31.51,73.3,44.43,35.67,35.81,61.92,77.25,84.76,49.97,44.8375,40.72,75.63,90.23
2013-06-07,63.1158,44.0,37.51,44.12,98.81,78.04,13.38,102.49,84.65,110.58,39.61,24.49,121.7,64.85,67.69,23.86,52.892,166.01,78.74,79.08,206.35,24.59,84.91,54.27,41.41,56.625,98.28,111.11,48.19,35.67,27.0,31.375,82.51,28.26,77.75,62.1,32.52,73.93,44.44,36.18,35.45,62.57,79.065,86.37,50.24,44.985,41.25,76.33,91.45
2013-06-10,62.6985,43.92,37.49,44.09,98.31,78.28,13.3,102.24,83.8,110.31,38.68,24.36,122.69,63.83,67.89,23.78,52.44,167.49,77.73,78.68,205.02,25.01,85.14,54.36,41.18,56.578,99.53,110.81,48.46,35.47,27.15,31.52,82.85,28.37,78.07,62.03,33.055,73.3,44.4,36.62,35.99,63.68,78.54,86.35,50.53,45.5825,41.27,75.75,91.12
2013-06-11,62.5142,43.59,36.83,43.12,97.93,76.52,13.12,101.75,83.52,110.02,37.59,24.07,121.45,63.8,67.21,23.58,52.44,163.31,77.61,78.16,203.98,24.71,84.69,53.49,40.79,56.044,98.23,110.22,47.56,34.84,26.09,31.075,82.53,28.42,78.12,61.66,32.71,71.44,44.26,35.26,35.76,63.93,77.41,85.65,50.18,44.915,40.66,75.25,90.46
2013-06-12,61.7414,42.77,36.44,42.72,96.37,74.72,13.06,100.88,83.21,109.4,37.58,23.99,119.97,62.99,66.59,23.5,51.17,161.86,76.4,77.32,201.2,24.46,83.74,53.18,40.39,55.798,98.24,109.03,47.25,35.0,25.57,30.705,82.11,28.43,77.6,61.11,32.225,70.95,43.92,34.79,35.62,63.83,77.16,85.51,49.9,44.7875,40.27,74.84,89.74
2013-06-13,62.2807,43.15,36.7,43.3,98.51,75.21,13.21,102.16,85.14,110.88,37.8,24.35,121.66,64.3,67.49,23.68,51.95,165.82,76.53,78.31,203.77,24.99,84.91,54.17,40.41,57.372,98.88,111.2,47.9,34.715,26.37,30.88,81.98,29.08,78.43,61.96,32.985,72.46,44.65,35.48,36.3,64.15,78.475,86.32,50.64,45.5625,40.94,75.0,91.33
2013-06-14,61.4357,43.21,36.81,42.84,97.42,72.97,13.07,101.83,83.87,111.0,37.56,24.09,120.28,63.8,67.64,23.52,52.23,162.92,76.59,78.18,202.2,24.92,84.91,53.13,40.34,57.116,98.42,111.03,47.95,34.4,25.83,30.945,82.13,29.09,78.03,61.38,32.8,71.6,44.49,35.48,35.91,63.8,78.51,85.91,51.07,45.2325,40.16,74.87,90.58
2013-06-17,61.7142,43.01,36.89,43.39,99.08,73.84,13.21,103.03,83.92,111.7,38.22,24.7,121.22,64.49,67.65,23.77,51.03,164.11,76.14,79.71,203.04,25.1,85.63,53.85,40.68,57.819,98.74,111.91,47.8,35.0,26.21,30.97,82.55,29.16,78.96,62.07,33.015,73.1,44.52,35.78,35.76,64.37,77.985,86.54,50.71,45.5875,40.61,74.95,91.51
2013-06-18,61.6814,43.54,37.51,43.36,101.5,74.98,13.27,104.08,84.55,112.085,38.25,24.82,121.52,65.29,68.23,24.33,51.94,164.15,77.19,80.85,204.87,25.465,86.36,54.11,40.93,58.441,99.75,112.97,47.75,34.98,26.32,31.075,82.57,29.4,79.04,62.38,33.5475,74.16,44.75,36.12,36.17,65.68,78.975,87.43,51.55,46.0025,40.84,75.73,91.93
2013-06-19,60.4285,43.04,36.21,45.78,99.18,74.23,13.19,102.25,84.25,110.19,37.65,24.68,120.5,64.33,66.72,23.98,50.6,161.56,75.93,79.68,201.94,25.0,84.86,53.55,40.41,58.637,98.81,111.57,47.58,34.59,26.11,30.875,80.89,29.1,77.61,61.91,33.205,73.4,43.57,35.71,35.25,65.26,77.83,86.37,50.05,45.6575,40.66,74.46,91.0
2013-06-20,59.5482,41.06,35.17,44.895,96.28,72.92,12.89,99.64,83.2,107.56,36.75,24.435,117.95,61.98,65.1,23.25,49.35,155.41,73.87,77.67,197.35,24.185,82.62,52.48,39.13,57.272,96.79,108.78,46.31,33.49,25.15,30.39,78.91,28.635,75.25,60.92,32.61,72.14,42.48,34.625,34.35,63.8,76.59,84.89,48.96,44.615,40.09,73.03,89.05
2013-06-21,59.0714,42.62,35.58,44.77,98.282,73.31,12.69,99.98,83.12,108.65,38.3,24.481,118.93,62.73,65.58,23.36,48.83,154.25,73.82,78.25,195.46,24.195,83.2,51.96,39.76,57.329,97.23,109.59,47.0,33.265,24.91,30.285,80.13,28.46,77.43,60.67,32.345,72.83,43.1,34.95,34.47,63.9,76.345,85.41,49.52,44.875,40.96,73.51,89.48
2013-06-24,57.5057,41.89,34.97,43.6,96.14,72.01,12.3,97.85,81.52,109.64,36.95,24.055,116.82,62.44,65.46,22.93,48.93,150.78,73.51,76.65,193.54,23.58,84.61,50.92,39.53,56.26,97.29,107.5,46.41,33.715,24.4,29.975,80.13,27.71,76.58,59.885,32.005,71.24,42.94,34.19,34.46,64.65,74.67,85.27,49.12,44.5675,39.8,74.2,88.48
2013-06-25,57.5185,42.63,35.11,44.37,96.378,73.23,12.67,98.67,82.33,110.25,37.44,24.005,117.45,62.57,66.12,23.11,49.78,153.06,74.14,77.65,194.98,23.88,85.35,52.08,39.72,56.458,97.52,108.24,46.23,33.67,25.03,30.195,80.04,27.99,76.69,61.81,32.37,72.09,43.56,35.02,35.03,63.73,76.71,85.72,50.44,45.1175,40.3,74.37,89.11
2013-06-26,56.8671,43.38,35.6,45.68,99.6,73.9,12.76,100.75,82.1,111.18,38.0,24.385,118.15,63.21,67.61,23.25,51.31,151.66,75.67,79.75,194.86,24.005,86.99,52.5,40.33,57.0,98.84,109.68,46.69,34.35,24.88,30.925,81.3,28.1,77.4,61.27,32.9,71.81,44.03,34.96,35.33,64.78,78.15,86.42,50.66,45.6625,41.02,75.01,89.8
2013-06-27,56.2542,43.13,35.36,45.93,98.99,75.12,13.01,103.15,82.96,111.49,38.84,24.63,118.71,63.72,67.52,23.32,51.005,153.51,76.27,80.2,195.65,24.05,86.71,53.15,40.26,57.068,99.65,110.24,47.28,34.62,25.04,31.16,81.74,28.18,77.67,61.08,32.845,71.93,44.0,34.85,35.63,66.09,77.67,87.09,51.0,46.065,41.56,75.26,90.04
2013-06-28,56.6471,41.34,34.88,45.56,98.66,74.76,12.86,102.44,82.49,110.57,38.18,24.335,118.34,63.15,67.5,23.19,51.27,151.25,77.47,79.34,191.11,24.23,85.86,52.79,40.11,57.45,99.0,109.35,46.45,34.545,24.43,31.84,81.79,28.01,76.99,61.09,32.755,71.66,44.13,34.85,35.4,65.48,77.14,86.48,50.34,45.6875,41.27,74.49,90.35
2013-07-01,58.4599,41.61,35.03,46.235,97.49,75.64,12.93,103.24,82.72,110.43,37.8,24.335,119.08,63.93,66.84,23.34,51.655,151.75,76.87,80.32,191.28,23.886,86.63,52.49,40.46,58.321,99.82,109.31,46.32,34.36,24.59,31.165,82.04,27.78,78.02,60.96,33.12,72.78,43.81,35.045,35.3,65.63,77.71,87.05,50.36,46.305,41.36,74.59,90.3
2013-07-02,59.7842,42.21,34.86,46.03,96.06,74.62,12.9,101.47,82.48,110.85,38.17,24.32,119.15,63.26,67.18,22.9,52.23,150.92,77.31,77.88,191.5,23.72,86.57,52.8,40.37,58.306,99.93,108.73,46.55,33.94,24.44,31.31,81.68,27.7,78.44,60.92,33.395,72.61,43.61,35.13,35.53,65.27,77.6,86.61,50.63,46.31,41.22,74.71,90.64
2013-07-03,60.1142,42.23,34.25,46.42,95.81,74.58,12.83,102.89,81.85,110.91,38.55,24.59,119.08,63.61,67.39,22.91,51.98,150.43,77.73,78.51,193.25,23.762,86.78,52.77,40.49,58.618,100.35,109.45,46.55,34.01,24.04,31.43,80.73,27.65,78.57,60.91,33.65,73.01,43.4,35.47,35.62,65.54,77.65,86.16,51.01,46.76,41.22,74.76,90.69
2013-07-05,59.6314,42.72,34.92,47.0,97.64,76.31,13.06,104.2,82.14,111.76,38.94,24.57,120.51,63.82,67.27,23.24,53.32,153.24,78.29,80.06,194.93,24.06,87.87,53.99,40.52,59.503,99.86,111.54,47.16,34.21,24.57,31.82,80.8,27.97,78.34,60.95,33.86,74.09,43.14,36.0,35.83,66.17,78.74,87.54,51.3,47.6975,42.07,75.21,91.57
2013-07-08,59.2928,43.68,35.41,46.625,98.18,77.04,13.28,104.37,83.2,112.62,38.43,24.625,121.24,64.71,67.73,23.32,53.32,153.81,79.22,80.67,194.98,23.185,88.59,54.7,40.54,58.929,99.88,112.13,47.41,34.325,24.88,31.86,81.78,28.13,78.76,59.99,34.145,74.79,43.85,35.69,35.58,67.56,78.125,88.35,51.17,47.025,42.83,76.71,92.25
2013-07-09,60.3357,43.32,34.74,47.26,98.33,77.61,13.53,104.68,85.33,113.35,38.72,25.155,123.27,64.94,68.16,23.62,54.38,156.94,79.7,81.39,191.3,23.135,88.88,54.89,40.83,59.359,99.99,113.35,47.62,34.35,25.44,31.965,82.77,28.35,79.57,59.39,34.065,76.54,44.12,36.24,35.6,67.97,79.705,89.73,50.96,46.8,42.7,77.03,93.34
2013-07-10,60.1042,43.91,34.74,47.25,102.06,76.33,13.37,105.5,84.96,113.65,39.74,25.41,122.9,64.91,68.59,23.54,55.33,155.83,79.4,81.21,192.25,23.25,89.24,54.83,40.68,59.091,99.98,113.43,47.96,34.7,25.34,31.8,82.99,28.44,79.8,60.44,34.05,76.18,44.23,36.59,35.39,67.69,78.815,90.24,50.54,46.675,42.07,76.77,92.82
2013-07-11,61.0411,43.78,35.37,47.99,103.26,76.94,13.51,106.88,86.7,115.895,41.52,25.87,123.77,66.58,69.9,23.94,55.85,157.71,79.86,82.57,192.8,23.99,89.67,55.14,41.03,60.102,100.79,114.53,48.31,35.685,25.55,31.86,84.55,28.77,80.77,61.3,34.67,76.63,44.96,37.17,35.87,68.36,79.68,91.45,51.21,47.49,41.89,77.63,93.27
2013-07-12,60.9299,45.05,35.32,48.39,104.27,78.33,13.78,101.87,87.17,116.46,42.43,25.94,124.06,66.98,70.15,23.76,57.339,160.11,80.54,82.37,192.07,23.9,89.99,54.97,41.03,59.886,101.58,115.14,48.54,35.67,26.13,31.835,84.32,28.81,81.55,62.02,34.86,76.84,44.99,37.49,35.81,68.0,80.375,86.12,50.41,47.68,42.63,77.63,93.4
2013-07-15,61.0628,44.62,35.48,48.12,104.45,77.85,13.88,105.66,87.4,115.89,41.98,25.93,124.68,65.93,71.01,23.63,57.66,163.0,80.4,82.3,194.0,23.94,90.4,54.89,41.01,59.587,100.75,114.85,48.52,36.17,26.69,31.675,84.72,28.79,81.51,61.28,34.83,77.02,45.55,37.79,35.55,67.62,79.9,85.48,49.96,47.5625,43.35,77.03,93.25
2013-07-16,61.4564,43.81,35.7,47.485,104.05,78.27,13.92,104.23,88.17,116.53,41.84,25.71,124.12,65.03,70.49,23.43,57.14,160.24,80.22,82.03,193.85,24.25,90.4,55.01,40.23,58.979,100.88,114.34,48.23,36.27,26.38,31.35,84.02,28.68,80.97,61.85,34.76,76.52,45.25,37.82,35.88,66.91,79.61,85.98,50.28,47.345,43.02,77.37,93.3
2013-07-17,61.4728,43.96,35.82,48.04,104.31,76.8,14.31,104.79,86.67,117.4,42.71,25.72,124.35,65.36,70.71,23.54,57.75,161.5,80.44,82.44,194.55,24.15,90.13,55.27,40.84,59.335,100.1,114.64,48.13,35.74,26.54,31.665,85.24,28.68,80.09,62.65,34.1,77.61,45.26,37.9,35.96,66.23,79.84,86.65,50.74,47.41,43.51,77.2,93.46
2013-07-18,61.6797,44.32,35.7,48.19,104.77,74.01,14.76,107.63,85.72,117.06,41.9,25.86,125.47,65.82,71.15,23.63,58.22,164.06,80.02,82.97,197.99,23.244,90.17,56.37,40.81,59.692,100.18,115.48,47.4,35.44,27.7,31.66,86.8,28.49,80.3,61.115,34.24,78.48,45.62,37.6,35.74,70.55,80.68,87.85,49.97,47.7525,44.41,77.34,94.38
2013-07-19,60.7071,44.52,35.87,48.07,109.39,74.06,14.75,106.96,85.65,118.07,42.5,25.82,126.91,65.16,70.88,24.72,60.1,164.36,79.89,83.57,193.54,23.04,92.23,56.16,41.09,59.333,100.27,116.19,47.79,31.4,27.6,31.675,86.41,29.09,81.37,61.46,34.395,82.74,45.56,37.26,35.81,71.45,81.68,88.08,49.95,47.48,44.45,78.08,95.17
2013-07-22,60.9014,44.97,35.8,48.28,108.95,74.72,14.92,106.86,86.0,118.05,42.04,25.72,127.03,64.4,70.77,24.86,59.71,166.25,80.0,83.04,194.09,22.77,92.28,56.56,40.84,60.26,97.58,116.28,47.72,32.01,27.61,31.645,86.4,29.35,81.22,62.21,34.51,83.81,45.51,37.42,35.58,72.18,81.64,87.61,50.27,47.805,44.63,77.87,94.83
2013-07-23,59.8557,44.31,36.68,48.07,106.62,74.41,14.94,107.79,85.52,119.1,42.54,25.56,127.26,64.45,71.31,24.71,59.12,166.26,80.19,83.27,194.98,22.75,92.42,56.67,40.96,59.8,96.76,116.75,47.93,31.82,27.81,31.595,86.2,29.42,80.95,62.3,33.83,83.57,45.62,38.93,35.81,72.69,80.83,87.51,50.36,47.145,44.57,78.55,95.2
2013-07-24,62.9299,43.64,36.45,47.8,106.6,75.36,14.71,106.95,83.44,117.9,42.01,25.59,126.37,64.64,70.5,24.62,59.88,165.04,80.27,83.01,196.61,22.93,92.36,56.63,40.86,59.099,96.66,116.33,47.77,31.96,27.73,31.315,85.64,29.28,80.27,61.39,33.305,82.85,45.04,38.93,35.4,72.53,79.7,86.98,50.38,46.6875,44.31,78.23,94.99
2013-07-25,62.6428,44.24,36.58,47.79,109.51,75.77,14.83,106.7,82.14,117.45,43.22,25.5,127.76,64.55,70.6,24.69,60.86,165.91,78.99,82.85,197.22,23.06,92.57,56.5,40.84,59.898,97.49,116.55,48.17,31.39,27.76,31.245,85.55,29.19,80.41,63.42,34.085,82.57,45.14,39.25,35.46,72.62,80.04,86.83,50.71,48.6525,43.65,78.01,94.97
2013-07-26,62.9985,44.79,36.78,47.64,109.6,75.34,14.73,105.6,82.06,116.57,43.22,25.496,127.56,64.98,70.79,24.65,62.57,165.26,78.74,82.88,197.35,23.26,92.83,56.05,40.64,59.815,98.03,116.91,48.49,31.62,27.7,31.265,85.31,29.37,80.39,64.61,36.68,81.91,45.34,39.11,35.6,72.21,79.7,86.99,51.02,48.3,43.51,78.0,94.79
2013-07-29,63.9699,45.06,36.74,47.17,109.37,75.06,14.52,104.81,83.02,117.14,43.31,25.33,126.17,64.61,71.22,24.49,62.02,163.17,78.67,82.76,196.21,23.24,93.21,55.69,40.28,59.702,97.87,116.61,48.34,31.54,27.31,31.355,85.25,29.54,80.09,64.24,36.225,81.15,45.4,38.59,35.88,72.79,78.61,86.81,51.49,47.9925,43.25,77.99,94.03
2013-07-30,64.7599,44.7,36.88,47.36,111.2,75.19,14.52,105.73,83.19,116.93,43.99,25.67,125.78,64.18,71.49,24.48,61.73,162.43,78.6,83.0,196.01,23.38,93.17,55.33,40.32,60.142,98.37,116.84,48.05,31.85,27.07,31.425,85.11,29.67,80.44,64.51,35.965,81.43,45.42,38.76,35.42,72.27,79.36,86.41,50.42,47.86,43.26,77.89,93.81
2013-07-31,64.6471,45.48,36.63,47.28,108.29,73.77,14.6,105.1,82.91,117.42,43.75,25.59,125.89,64.65,71.0,24.37,61.4,164.03,79.03,82.98,195.04,23.335,93.5,55.73,40.08,61.061,98.08,117.43,48.17,31.84,27.21,31.46,83.54,29.23,80.3,64.562,35.6445,81.33,44.84,39.18,35.27,72.85,79.295,86.8,49.48,44.2525,43.5,77.94,93.75
2013-08-01,65.2394,45.25,36.84,47.7,109.39,75.63,14.95,106.7,84.44,118.34,45.14,25.891,126.44,65.36,71.51,24.62,62.0,167.49,78.64,84.56,195.81,23.2,93.77,56.54,40.57,64.638,99.0,118.41,48.58,31.67,27.92,32.985,84.2,29.11,81.64,65.27,36.74,83.55,44.35,39.82,35.72,73.16,81.385,88.04,50.01,44.7925,44.26,78.22,92.73
2013-08-02,66.0771,45.32,36.75,47.45,109.06,75.69,14.84,107.9,84.3,119.37,45.52,26.19,124.95,66.51,71.75,24.7,61.75,167.62,80.23,84.68,195.16,23.22,94.39,56.49,40.22,64.557,99.2,118.26,48.54,31.89,27.85,33.15,84.29,29.37,81.29,66.75,37.115,82.89,44.34,39.94,35.77,72.26,81.685,87.92,50.25,46.0,44.49,78.75,91.95
2013-08-05,67.0642,44.71,36.45,47.63,107.43,75.93,14.8,107.5,83.56,120.07,45.69,26.31,123.99,66.02,71.37,24.52,60.95,168.32,79.66,84.53,195.5,22.924,93.8,56.1,40.29,64.245,99.31,117.92,48.53,31.7,27.85,33.2,84.48,29.19,81.4,66.25,36.985,82.89,44.07,39.86,35.67,73.34,80.985,87.86,50.21,46.135,44.34,78.77,91.59
2013-08-06,66.4642,44.88,36.1,47.39,105.22,75.81,14.64,107.04,82.53,119.5,45.42,26.21,123.14,67.05,71.12,24.31,59.98,164.78,80.05,84.16,190.99,22.8,93.81,55.49,40.37,65.4,98.69,117.5,48.44,31.58,27.31,33.27,85.05,29.34,81.74,65.59,36.4,82.22,43.77,39.73,35.48,73.24,80.0,87.95,50.09,45.7225,44.03,77.87,91.47
2013-08-07,66.4256,44.57,35.93,47.1,112.4,75.14,14.53,106.42,82.43,119.34,44.92,26.12,123.33,65.91,71.05,24.34,60.22,163.45,78.83,83.65,188.56,22.7,93.66,55.3,40.15,64.632,98.33,117.83,48.55,32.063,27.07,32.815,84.76,29.26,81.96,65.21,36.095,81.05,44.14,39.65,35.59,72.92,79.54,87.88,49.93,45.3475,43.27,77.37,91.34
2013-08-08,65.8585,45.06,35.92,47.51,110.38,76.19,14.61,105.84,83.96,117.39,45.24,26.26,123.07,65.75,71.23,24.33,59.3,162.84,80.04,83.51,187.93,22.45,93.34,54.83,40.2,64.584,98.04,118.68,48.47,32.89,26.92,33.025,84.68,29.13,82.17,66.35,36.47,81.23,44.04,39.65,35.29,73.18,80.275,88.12,49.62,45.195,43.22,77.25,91.78
2013-08-09,64.9214,44.71,35.89,47.18,109.63,75.5,14.45,105.33,84.51,115.63,45.21,26.053,122.5,64.73,70.77,24.25,59.21,162.13,78.97,83.32,187.82,22.51,92.36,54.52,40.16,63.796,97.62,118.31,48.39,32.7,26.76,33.155,84.34,29.21,81.64,66.27,36.4,80.49,43.87,39.78,34.8,72.93,79.895,87.81,49.32,44.9525,43.23,76.9,90.72
2013-08-12,66.7656,45.04,35.9,47.2,108.21,75.49,14.41,104.24,86.32,115.73,45.39,26.34,121.8,63.93,70.77,24.27,58.9,161.69,79.2,83.43,189.09,22.64,92.0,54.09,39.83,63.072,97.04,118.38,48.47,32.87,26.62,33.255,83.81,29.19,81.62,66.46,36.465,80.25,43.56,39.71,34.92,72.39,79.585,87.77,49.65,44.94,43.2,77.08,89.89
2013-08-13,69.9385,44.93,35.94,47.14,107.86,76.23,14.51,106.23,86.57,115.65,45.07,26.3205,122.5,63.98,70.82,24.2,58.93,163.71,79.44,83.69,188.42,22.52,93.01,54.29,39.65,63.333,96.45,118.67,48.43,32.23,26.96,32.905,83.39,29.27,81.66,67.25,36.32,82.22,43.78,39.76,34.72,73.35,80.095,87.71,49.15,44.8075,43.32,76.86,89.4
2013-08-14,71.2142,44.58,35.61,46.84,106.64,75.88,14.6,104.16,85.82,113.78,44.66,26.377,122.05,63.96,69.02,24.07,58.17,163.34,77.44,83.35,187.53,22.57,90.7,54.15,39.53,62.998,96.11,117.62,48.57,32.35,26.79,32.175,82.75,29.03,81.25,66.96,35.925,82.16,43.61,39.17,34.77,72.49,79.295,87.45,48.89,44.5875,43.1,76.4,88.95
2013-08-15,71.1299,43.21,35.03,45.87,105.76,74.88,14.32,102.73,85.86,111.79,43.6,24.485,120.25,62.38,67.91,24.0,56.89,160.75,75.14,82.01,185.79,22.03,89.55,53.29,39.09,61.874,95.39,115.85,47.97,31.79,26.36,31.745,80.91,28.8,80.48,66.95,35.37,81.99,42.9,38.65,34.35,71.4,78.39,85.96,48.54,43.4825,42.99,74.41,88.16
2013-08-16,71.7614,43.0,34.97,45.4,104.91,75.17,14.42,103.47,85.16,111.9,43.83,24.27,119.88,62.17,67.05,23.95,56.91,160.66,75.38,81.96,185.34,21.915,89.37,53.29,39.05,61.821,95.03,115.9,47.7,31.8,26.47,31.825,80.18,28.37,79.9,66.9,35.355,81.92,42.39,38.74,34.18,71.43,78.965,86.05,47.71,43.2825,42.75,74.11,87.91
2013-08-19,72.5342,43.37,34.88,44.89,104.47,74.34,14.15,104.72,84.2,112.08,43.44,24.27,118.66,61.83,66.33,23.85,57.34,158.63,75.21,81.46,184.23,22.28,90.45,51.83,38.78,61.989,95.48,115.61,47.58,31.393,25.81,32.355,80.88,28.46,79.59,66.33,35.145,80.41,42.05,38.44,33.79,71.71,78.24,86.08,47.5,43.745,42.49,73.58,86.92
2013-08-20,71.5814,42.97,34.71,45.07,105.6,74.27,14.29,104.63,83.86,112.84,43.39,24.32,118.29,61.88,66.79,23.72,58.0,159.56,74.29,81.72,184.56,22.523,89.73,52.12,38.65,62.241,95.5,115.42,47.56,31.62,26.31,32.315,80.29,28.53,79.53,66.71,35.33,80.62,42.25,38.75,33.87,72.46,78.22,86.3,47.91,43.305,42.59,73.23,86.83
2013-08-21,71.7656,42.31,34.64,45.14,104.65,73.44,14.34,103.91,82.94,111.96,43.5,24.07,117.7,61.14,65.81,23.61,58.69,157.11,73.73,80.58,184.86,22.17,88.8,51.63,38.28,61.931,95.11,113.42,47.46,31.61,26.01,32.065,79.08,28.24,79.38,66.57,35.3565,80.05,41.67,38.45,33.48,71.85,77.435,86.09,47.27,44.5975,42.36,73.55,86.42
2013-08-22,71.8514,42.92,34.67,45.68,106.29,73.86,14.57,105.14,84.17,112.24,43.75,24.01,118.29,61.64,65.94,23.78,59.93,159.41,74.0,80.77,185.19,22.26,88.26,52.21,38.31,62.108,95.46,114.67,47.81,32.39,26.22,32.43,79.25,28.16,79.77,67.13,35.95,82.21,41.93,38.82,33.82,71.97,79.3,86.96,47.02,44.73,42.48,73.46,86.98
2013-08-23,71.5742,43.43,34.84,45.77,105.6,73.65,14.57,105.48,83.89,113.07,43.59,23.86,119.53,61.73,66.35,23.78,59.64,158.65,73.89,81.4,185.42,22.44,88.41,52.32,38.52,62.611,95.13,114.4,47.73,34.75,26.32,32.105,79.85,28.34,80.01,67.15,35.985,81.67,42.23,39.07,34.29,72.54,79.03,87.17,47.61,44.775,42.76,73.44,87.52
2013-08-26,71.8528,43.45,34.52,46.06,113.75,73.61,14.49,105.53,83.56,111.87,43.4,23.83,118.84,61.35,65.79,23.61,60.42,157.9,75.43,81.05,184.74,22.275,87.53,51.8,38.12,61.518,95.31,114.33,47.62,34.15,26.38,31.96,79.69,28.02,78.54,66.95,35.94,81.9,41.9,39.19,33.82,72.38,78.265,87.2,46.94,43.75,42.39,73.03,87.09
2013-08-27,69.7985,42.63,34.01,45.5,109.13,71.91,14.11,103.21,82.7,111.67,42.46,23.485,118.81,60.69,65.85,23.18,58.74,153.23,74.12,79.25,182.74,22.191,86.17,50.6,38.15,60.792,94.84,112.73,47.11,33.26,25.45,31.405,79.06,27.995,77.97,66.021,35.08,81.17,41.68,38.25,33.69,71.52,76.795,85.84,46.95,43.5425,41.11,72.86,86.82
2013-08-28,70.1279,42.56,33.75,45.53,109.2,72.01,14.12,103.27,82.45,110.46,42.78,23.445,121.81,60.81,66.05,23.2,60.44,152.97,75.03,79.45,182.16,22.285,86.53,50.58,38.35,61.061,96.08,113.0,47.09,33.02,25.58,31.685,79.37,28.21,76.85,66.56,35.48,82.68,41.64,38.43,33.58,71.54,77.0,85.64,46.56,43.8025,41.25,72.38,88.84
2013-08-29,70.2428,42.62,33.73,45.93,108.86,72.22,14.17,104.93,82.53,111.39,43.65,23.45,120.37,61.08,65.66,23.11,60.93,153.63,75.05,80.06,182.64,22.06,86.57,50.7,38.1,61.257,94.86,113.32,47.1,33.55,25.91,31.74,79.33,28.1,77.31,66.71,35.59,81.6,41.44,38.61,33.65,72.44,77.075,85.71,47.82,43.8425,41.25,72.43,87.27
2013-08-30,69.6022,42.61,33.33,45.75,108.94,71.91,14.12,103.92,82.54,111.87,49.13,23.31,120.43,60.83,65.6,23.14,60.27,152.13,74.49,79.57,182.27,21.98,86.41,50.53,38.18,60.608,94.36,113.58,47.29,33.4,25.76,31.41,79.73,28.21,77.89,66.28,35.26,80.94,41.62,38.2,33.83,71.74,76.77,85.58,47.38,43.605,41.08,72.98,87.16
2013-09-03,69.7971,42.59,32.93,45.88,111.01,72.43,14.25,105.01,82.51,111.98,49.58,23.48,120.55,60.93,64.96,23.06,60.92,154.76,73.9,80.98,183.96,22.067,86.42,51.13,37.9,62.345,94.52,113.22,47.21,31.88,26.27,32.145,80.2,28.01,77.75,66.75,35.8,82.42,41.09,38.64,33.32,72.56,76.87,85.96,46.01,44.255,41.39,72.68,87.15
2013-09-04,71.2415,43.13,33.46,46.93,113.02,73.14,14.32,106.37,83.54,111.5,48.77,23.77,120.86,61.11,64.69,23.17,61.11,155.74,74.14,80.96,183.13,22.635,86.9,51.87,38.54,62.34,95.16,114.55,47.68,31.195,26.51,32.565,79.53,28.37,77.49,67.28,36.07,82.86,40.89,39.37,33.74,73.35,77.655,86.55,46.78,44.0475,41.5,72.91,87.76
2013-09-05,70.7528,43.51,33.74,46.731,112.93,73.8,14.37,106.65,82.95,114.62,48.6,23.69,121.37,61.3,64.8,23.16,61.07,156.17,72.99,81.39,184.15,22.6,87.04,52.11,38.24,62.9,95.66,114.87,47.51,31.235,26.65,32.69,79.07,28.27,77.14,67.83,36.025,84.22,40.75,39.482,33.34,74.04,78.06,86.81,46.64,44.0525,41.82,72.67,87.35
2013-09-06,71.1742,43.89,33.5,46.87,111.01,73.35,14.36,106.07,83.39,114.35,48.47,23.55,121.21,61.39,65.45,23.16,61.12,156.66,72.7,81.66,183.03,22.67,87.16,52.56,38.35,63.662,96.26,115.04,47.49,31.152,26.81,32.49,79.26,28.28,77.15,68.02,35.785,85.14,41.12,39.18,33.41,74.06,77.46,86.76,46.34,44.1675,41.43,72.59,87.25
2013-09-09,72.3099,44.43,33.8,47.25,111.67,73.66,14.48,107.19,85.59,115.35,49.2,23.92,122.22,61.59,65.57,23.39,62.66,159.49,73.58,82.43,184.98,22.91,87.56,52.86,38.52,64.04,96.45,116.74,47.74,31.655,27.44,32.7,79.38,28.3,78.16,69.299,36.22,86.45,41.23,39.75,33.63,74.25,78.315,87.13,45.91,44.6375,41.72,73.51,88.04
2013-09-10,70.6628,44.78,34.09,48.02,111.16,74.6,14.61,108.17,86.61,117.32,50.02,24.155,123.01,62.83,65.95,23.87,62.86,165.14,74.6,84.13,186.6,22.985,88.53,53.67,38.63,65.15,96.89,117.59,47.98,32.39,28.04,33.41,79.43,28.45,77.95,70.09,37.1075,86.9,41.41,40.31,33.97,74.63,78.625,88.07,46.47,46.1475,42.45,73.96,87.82
2013-09-11,66.8156,44.95,34.75,48.2,111.97,75.18,14.65,109.23,87.13,119.25,49.88,24.375,123.92,63.94,65.31,24.09,62.93,165.06,75.04,84.03,190.7,22.81,89.23,53.26,38.78,65.846,97.46,118.71,48.14,32.74,28.25,33.795,79.85,28.67,78.27,68.09,37.695,87.05,41.02,40.03,33.97,75.18,78.625,88.75,46.52,46.5775,42.5,74.05,88.84
2013-09-12,67.5271,44.7,34.76,47.64,113.46,75.29,14.48,109.8,86.84,118.19,49.96,24.29,123.89,65.49,64.97,23.85,63.185,163.35,75.4,83.78,190.73,22.63,89.01,52.24,38.44,66.752,97.18,118.2,47.85,32.69,28.02,34.04,79.87,28.31,78.26,68.81,37.835,86.58,40.76,39.905,34.375,74.74,77.5,88.59,47.35,46.265,42.26,73.91,87.98
2013-09-13,66.4142,44.89,34.87,47.76,115.06,75.3,14.49,111.33,87.01,117.03,49.64,24.32,124.14,66.69,65.55,23.78,63.53,164.0,75.11,84.05,192.17,23.44,88.57,52.59,38.69,66.641,97.35,118.6,47.79,33.03,28.13,33.955,80.32,28.51,79.05,68.58,37.785,86.72,40.96,40.28,34.32,74.48,77.375,88.66,47.76,47.25,42.19,74.36,88.4
2013-09-16,64.3028,45.82,35.01,48.14,117.18,75.6,14.53,115.67,87.18,117.35,49.65,24.38,124.08,66.94,66.03,24.14,63.02,167.03,75.54,85.1,193.15,23.39,89.03,53.14,38.86,67.1,97.71,119.23,48.19,32.801,28.73,34.095,81.02,28.71,80.16,68.09,37.62,87.0,40.94,40.45,34.57,75.12,78.18,89.59,48.3,47.345,42.89,74.78,88.67
2013-09-17,65.0456,47.6,34.97,48.14,115.73,76.92,14.55,117.11,87.07,117.91,49.9,24.37,124.34,66.98,66.19,24.45,62.69,167.42,75.8,85.45,192.16,23.74,89.06,53.09,38.79,67.917,97.92,119.93,48.01,32.93,29.01,34.16,81.66,28.64,79.83,69.42,38.02,87.74,41.15,40.73,34.75,74.31,78.72,89.89,48.57,47.9,42.85,75.15,88.94
2013-09-18,66.3828,47.92,35.65,52.58,117.521,77.64,14.715,118.4,87.84,118.642,52.49,24.795,125.82,67.11,68.1,24.86,64.28,168.06,77.37,86.65,194.42,23.9,89.91,53.41,39.59,68.764,98.7,121.29,48.4,33.32,29.02,34.74,82.88,29.04,80.295,69.64,38.665,88.95,42.63,40.85,34.95,73.04,79.75,90.97,48.72,48.4125,43.31,76.42,89.58
2013-09-19,67.4714,47.4,35.34,51.869,117.182,77.57,14.61,119.04,87.75,119.2,53.38,24.615,125.44,65.72,67.93,24.46,64.32,167.78,78.51,86.79,193.39,23.915,90.07,52.75,39.31,68.637,97.92,121.57,48.255,33.64,28.6,34.75,81.82,28.84,80.12,69.46,38.175,88.79,42.3,40.795,34.81,70.84,80.435,91.7,48.51,48.6775,42.96,76.21,89.28
2013-09-20,66.7728,47.84,35.29,52.31,116.852,77.32,14.44,116.63,84.75,117.94,52.76,24.51,124.92,65.01,67.36,24.01,63.86,169.75,77.0,85.48,190.02,23.769,89.68,52.8,39.4,68.574,96.9,120.01,48.01,32.791,28.19,34.685,81.74,28.97,79.39,69.06,38.06,87.44,41.78,40.52,34.315,70.57,79.775,91.55,47.78,49.7075,42.85,75.83,88.66
2013-09-23,70.0914,47.1,35.12,51.8,115.05,76.44,14.14,117.51,85.03,117.57,52.35,24.275,125.52,64.75,67.73,24.28,62.58,165.25,75.91,84.13,190.99,23.62,89.09,51.46,38.63,68.299,97.28,121.11,47.68,32.74,27.22,34.49,81.02,28.8,79.28,68.98,37.68,87.04,42.17,40.47,34.22,71.82,79.61,91.29,47.981,49.06,42.31,76.42,87.75
2013-09-24,69.8714,45.98,34.36,51.42,114.78,76.07,14.09,119.0,85.11,116.34,52.14,24.14,124.49,64.32,67.69,24.32,62.74,162.97,76.04,84.25,189.97,23.705,88.22,50.32,38.53,68.537,97.78,120.8,47.53,32.455,27.27,34.715,80.54,28.71,78.62,68.51,38.275,87.91,42.08,40.315,34.09,72.32,79.62,91.26,47.27,48.335,41.73,75.75,87.36
2013-09-25,68.7899,45.33,33.67,51.87,112.48,75.99,14.14,118.51,84.5,115.41,52.47,24.43,124.07,64.45,67.26,24.23,61.73,162.31,75.52,83.84,189.47,23.7,87.08,51.7,38.33,67.194,97.62,120.2,47.67,32.505,27.22,34.46,80.21,28.49,77.72,68.75,38.17,88.57,41.72,40.319,34.05,71.98,78.73,91.0,46.945,47.89,41.81,74.65,87.14
2013-09-26,69.4599,45.0,33.66,52.1,112.85,76.32,14.08,119.38,84.2,116.4,53.32,23.77,123.49,65.24,67.65,24.25,62.8,162.29,76.07,84.05,190.22,23.41,87.07,51.89,38.74,67.758,98.19,120.66,47.68,32.77,27.15,35.17,80.54,28.52,78.05,68.87,38.59,88.83,41.53,40.38,34.23,72.16,78.975,91.8,47.67,48.39,41.61,74.62,87.07
2013-09-27,68.9642,44.33,33.14,52.03,113.19,75.89,13.9,118.74,83.8,115.72,52.43,23.33,122.64,65.19,66.9,24.05,63.54,159.85,75.96,83.58,186.92,22.98,86.73,52.24,38.4,68.185,97.12,120.22,47.79,33.27,27.08,36.82,80.2,28.88,77.21,67.38,38.665,88.82,41.23,40.16,33.98,71.99,78.295,91.25,47.0,48.2625,41.59,74.36,86.9
2013-09-30,68.1071,44.73,33.19,51.94,111.925,75.52,13.8,117.5,83.4,115.17,51.91,23.431,121.5,64.49,66.78,23.89,62.87,158.21,75.85,83.04,185.18,22.921,86.69,51.69,37.88,67.278,96.21,119.41,47.609,33.28,26.95,36.32,79.5,28.725,75.59,67.32,38.485,88.36,41.18,40.29,33.82,71.61,77.67,91.37,46.675,47.775,41.32,73.96,86.04
2013-10-01,69.7085,45.8,33.78,52.43,114.58,75.93,13.9,117.75,83.76,115.0,52.63,23.24,121.32,64.83,67.27,24.17,62.8,159.0,76.26,83.22,186.38,22.83,87.47,51.96,37.95,67.779,96.13,119.62,48.74,33.58,27.14,36.21,79.82,28.89,76.16,67.49,38.58,89.05,41.28,40.4,34.06,72.58,78.34,91.8,46.99,48.305,41.49,73.59,86.0
2013-10-02,69.9371,45.95,33.9,51.52,113.06,74.58,14.06,117.84,84.07,114.82,53.15,23.32,120.83,64.88,67.25,24.33,62.4,158.67,76.32,82.84,184.96,22.885,87.29,52.09,37.43,67.631,95.28,119.2,48.37,33.92,27.12,35.945,79.56,29.01,75.93,67.68,38.595,89.85,41.33,40.26,33.94,72.57,78.065,91.28,46.79,47.955,41.26,73.72,86.08
2013-10-03,69.0585,46.01,33.29,50.88,111.118,74.02,14.0,115.24,83.97,114.42,52.0,23.005,118.25,64.02,66.33,24.1,61.71,156.85,75.88,81.45,183.86,22.6,86.58,51.94,37.16,66.906,94.67,118.55,48.36,33.86,26.85,35.82,79.44,28.77,75.84,67.11,38.435,89.44,40.56,40.221,33.64,72.52,77.69,90.1,47.01,47.1625,41.0,73.16,85.5
2013-10-04,69.0042,46.8,33.56,51.57,112.91,74.31,14.05,117.2,84.2,114.44,52.83,23.02,118.13,65.3,66.43,24.05,63.04,156.55,75.78,82.24,184.1,22.81,87.31,52.67,37.2,67.333,94.7,119.4,48.23,33.88,26.99,36.07,79.62,29.0,76.02,68.02,38.7,90.01,40.66,39.93,33.75,72.99,76.95,91.0,47.1,47.62,41.3,72.8,86.32
2013-10-07,69.6785,46.09,33.5,50.82,110.22,72.94,13.81,116.69,83.53,113.41,52.16,22.89,117.87,64.59,66.34,23.94,61.77,154.25,75.13,82.91,182.01,22.83,86.59,51.83,37.05,66.607,94.36,118.69,47.89,33.3,26.84,35.67,79.06,28.62,75.65,67.19,38.4305,89.29,40.49,39.86,34.0,72.17,76.365,90.03,47.29,46.5825,40.62,71.87,85.9
2013-10-08,68.7056,44.52,33.01,49.58,107.76,72.22,13.69,115.44,82.85,112.21,50.14,22.635,116.73,64.0,67.2,23.67,59.38,153.05,74.27,81.82,178.72,22.48,85.61,50.87,37.28,65.387,93.94,117.16,47.75,33.01,26.55,35.14,78.93,28.24,76.33,66.35,37.765,87.95,41.01,39.24,33.11,71.48,76.085,88.93,46.05,45.6325,40.24,72.9,85.51
2013-10-09,69.5125,44.81,33.17,49.45,106.28,72.22,13.84,114.47,83.52,114.59,49.91,22.5,116.13,63.59,67.51,23.57,58.9,154.44,74.14,81.9,181.32,22.59,85.96,50.75,37.08,65.723,93.27,117.57,47.27,33.07,26.77,35.445,79.5,28.29,76.95,65.71,37.63,87.04,41.27,39.29,33.75,71.38,76.205,88.7,46.2,45.9625,40.36,73.0,85.16
2013-10-10,69.9482,45.68,33.64,51.165,109.92,74.66,14.23,118.9,84.73,115.7,51.54,23.01,116.38,65.58,68.29,24.25,62.74,158.01,75.51,85.09,184.77,23.1,87.78,52.52,37.78,67.859,94.44,119.34,47.49,33.76,27.64,36.72,80.69,28.77,77.89,66.84,38.56,89.42,41.57,40.12,34.15,73.98,78.565,90.28,46.86,47.2575,41.44,74.79,86.04
2013-10-11,70.4016,45.65,33.76,52.19,110.89,75.4,14.19,117.98,85.61,115.9,51.07,23.28,117.67,66.21,68.85,24.4,62.69,160.0,76.32,86.46,186.16,23.255,89.45,52.51,37.77,68.418,94.74,120.72,47.29,34.13,27.95,36.73,80.83,28.72,78.48,67.55,38.91,90.02,41.69,40.38,34.2,74.27,78.685,90.77,47.09,48.05,41.43,74.82,86.95
2013-10-14,70.8628,46.33,34.0,52.63,111.58,76.07,14.35,119.46,86.24,116.26,51.17,23.34,118.58,66.83,68.58,24.38,63.87,159.46,76.35,85.98,186.97,23.45,89.8,52.71,37.91,68.91,94.72,121.4,46.75,34.45,28.18,37.03,81.09,29.35,78.74,67.75,39.05,91.17,41.35,40.55,33.92,74.72,78.63,90.36,46.81,48.36,41.75,74.68,87.6
2013-10-15,71.2399,46.08,33.71,51.93,111.44,75.25,14.24,118.18,85.75,115.36,50.72,23.18,118.15,66.44,67.85,24.19,63.6,157.63,75.18,85.14,184.66,23.39,89.93,52.31,37.66,68.639,93.8,119.82,46.57,34.49,27.99,36.855,80.6,29.16,77.6,68.17,38.355,90.54,40.85,40.25,33.71,73.87,78.155,90.28,46.32,47.8425,41.54,74.37,86.79
2013-10-16,71.5876,47.06,35.9,51.91,114.28,76.32,14.56,120.34,86.27,117.36,52.58,22.995,119.16,66.35,69.03,24.36,65.65,162.25,74.94,85.75,186.73,23.695,91.11,54.0,38.0,69.55,95.22,120.94,47.17,34.64,28.63,37.26,82.27,29.8,78.34,68.87,39.02,92.18,41.28,40.749,34.2,75.19,78.58,91.33,47.25,48.9075,42.21,75.6,87.31
2013-10-17,72.0714,48.17,37.17,52.065,115.85,80.23,14.66,122.29,85.85,118.258,53.01,22.781,119.521,66.42,69.8,24.68,67.36,158.32,75.74,86.74,174.83,23.92,91.97,54.21,38.55,70.464,95.47,122.62,47.11,34.92,28.93,37.27,82.58,30.26,79.42,68.7,39.3675,91.43,41.91,40.645,34.44,71.37,75.58,91.92,48.9,49.57,42.68,75.78,87.48
2013-10-18,72.6985,48.33,37.29,52.63,114.918,80.52,14.63,122.52,87.34,117.64,54.1,22.961,119.65,67.15,70.08,25.55,68.21,158.69,74.69,84.58,173.78,23.875,91.63,54.3,38.78,71.519,95.2,122.84,46.61,34.96,29.69,37.965,83.01,30.51,79.41,68.402,39.655,93.99,41.94,40.71,34.61,68.76,76.05,93.0,50.01,50.1125,42.68,75.71,87.55
2013-10-21,74.4802,48.35,36.86,53.08,113.64,80.4,14.52,121.47,87.7,117.38,55.1,22.93,119.82,67.61,70.06,26.14,66.99,159.77,74.62,84.65,172.86,24.135,91.2,54.27,38.82,71.784,94.59,123.25,46.51,34.99,29.43,38.045,82.37,30.4,78.97,68.77,39.73,93.48,41.76,40.99,35.22,68.2,76.95,93.78,50.58,50.01,42.62,75.15,87.23
2013-10-22,74.2667,49.0,37.02,53.17,116.21,80.87,14.52,122.48,89.17,117.81,54.28,22.65,120.64,69.0,71.09,26.02,68.09,159.25,74.86,86.16,174.97,24.071,92.36,53.62,39.09,71.868,95.12,123.8,46.47,34.58,29.46,37.98,83.44,30.68,80.38,68.92,40.45,94.46,42.28,40.28,35.23,68.86,77.365,93.77,51.14,49.995,42.94,76.32,87.98
2013-10-23,74.9942,48.33,37.23,53.06,115.67,80.63,14.21,129.02,83.76,117.16,53.34,22.255,120.13,68.12,71.71,25.7,69.01,157.74,75.08,86.69,175.77,23.735,92.1,52.75,39.09,71.097,94.21,123.2,46.56,33.76,29.08,37.78,83.33,30.6,80.91,67.04,40.025,92.84,42.29,39.73,35.279,68.01,77.45,93.95,50.82,49.7225,42.76,75.9,87.61
2013-10-24,75.9871,47.93,37.21,54.21,116.2,80.9,14.17,128.98,84.53,116.24,54.38,22.3745,120.56,69.05,71.63,25.94,69.83,159.96,76.78,87.28,177.8,23.78,92.35,52.48,38.8,72.469,94.68,123.49,46.22,33.72,29.39,37.755,82.54,30.61,80.61,66.94,39.525,92.85,42.01,39.88,34.63,67.61,77.075,94.49,50.42,50.7275,42.69,76.42,88.42
2013-10-25,75.1368,49.3,37.25,53.81,116.32,82.61,14.26,131.19,84.77,116.44,54.56,22.455,120.59,69.26,72.37,25.88,69.68,162.09,76.25,87.5,176.85,24.235,92.09,52.77,39.03,72.378,94.78,124.42,46.54,35.73,29.23,37.85,83.35,30.61,80.0,68.27,39.98,92.9,42.46,40.23,35.19,67.62,76.18,95.61,50.71,50.765,42.86,76.08,87.97
2013-10-28,75.6965,49.42,37.28,53.93,118.33,82.76,14.23,129.88,84.28,117.35,53.49,22.55,120.91,69.0,72.37,26.09,68.731,161.45,76.06,87.33,177.35,24.36,92.39,52.68,39.61,72.994,95.37,124.92,45.35,35.57,28.97,37.755,84.61,30.74,81.3,68.54,39.355,92.85,42.44,41.01,35.57,66.94,76.045,97.77,50.57,50.77,42.83,77.14,88.23
2013-10-29,73.8111,49.79,37.28,54.86,118.269,83.66,14.15,129.66,84.07,118.75,53.7,22.825,121.5,68.92,72.62,26.21,69.5,162.11,77.5,87.46,182.12,24.523,93.14,52.73,39.8,73.244,96.05,125.28,45.58,35.52,29.36,37.955,85.49,31.25,82.46,68.93,39.81,94.0,42.39,41.76,36.27,68.08,75.285,98.31,51.09,51.06,42.96,77.06,88.93
2013-10-30,74.9851,48.8,36.94,54.1,116.88,83.1,14.17,129.68,83.49,117.76,52.79,22.705,120.3,68.47,72.01,26.37,72.67,162.05,77.88,86.72,180.15,24.495,92.79,52.6,39.62,72.568,96.03,124.79,45.24,35.54,29.11,38.065,84.72,30.93,81.52,69.04,40.415,93.88,41.9,41.72,36.26,68.01,75.295,98.28,50.53,50.955,43.1,76.91,88.81
2013-10-31,74.6716,48.45,36.55,54.22,116.14,81.8,13.97,130.5,83.36,118.0,53.36,22.56,119.96,68.59,71.73,26.14,71.175,160.86,77.89,86.73,179.21,24.47,92.61,51.54,39.57,71.71,96.52,125.85,45.09,35.405,28.73,37.88,84.09,30.685,80.75,69.49,40.525,93.72,40.91,42.085,36.2,68.26,75.7,98.24,50.51,49.1675,42.69,76.75,89.62
2013-11-01,74.2899,48.96,36.96,54.61,118.688,82.16,14.02,133.03,83.59,119.618,53.96,22.565,118.01,69.01,72.51,26.54,70.97,162.05,76.99,86.91,179.23,24.325,93.37,52.51,39.61,73.748,97.24,125.9,45.23,35.525,29.2,38.03,84.56,31.17,81.15,69.9,40.185,93.0,41.02,42.03,36.24,68.63,76.385,98.22,50.49,49.79,42.67,77.07,89.82
2013-11-04,75.2499,48.76,36.98,55.39,117.28,81.93,14.04,132.79,83.89,120.34,55.58,22.58,118.1,68.81,72.47,26.43,69.34,163.16,77.0,86.31,180.27,24.255,93.03,52.04,39.51,72.84,97.31,126.32,45.72,35.94,29.34,38.185,84.37,31.26,81.33,69.57,40.185,93.51,41.49,41.99,36.45,68.95,76.88,99.88,51.08,49.105,42.7,77.33,92.1
2013-11-05,75.0641,48.17,37.36,54.79,115.14,81.9,13.93,133.57,84.05,120.13,55.69,23.065,118.45,68.85,72.45,26.42,69.54,161.95,76.65,86.34,177.85,24.03,92.81,51.95,39.5,73.638,97.41,126.12,45.36,36.64,28.99,38.6,84.62,31.24,81.43,69.005,40.995,92.39,41.1,41.9,35.53,68.72,76.605,100.3,50.1,49.3425,42.63,77.42,91.99
2013-11-06,74.4171,48.05,37.56,54.88,113.325,82.12,13.96,133.09,84.22,124.07,55.23,23.28,121.14,69.0,73.21,26.9,67.365,163.52,76.42,86.72,179.19,24.245,93.04,52.1,40.05,73.387,97.9,127.13,45.96,38.18,29.13,38.38,86.68,30.97,82.81,69.74,40.565,93.23,41.77,42.14,35.82,70.29,77.125,99.1,50.61,49.755,42.44,78.16,93.22
2013-11-07,73.2131,47.24,37.64,53.168,111.03,80.92,13.8,131.51,83.65,122.78,54.35,23.11,119.91,67.15,72.92,26.6,65.63,159.64,75.69,85.46,180.0,24.059,92.69,51.65,39.83,72.132,97.2,126.41,45.82,37.5,28.72,37.85,85.3,30.91,82.32,67.09,39.535,92.05,41.52,41.65,35.11,69.76,77.07,98.59,50.17,49.025,41.71,77.51,91.96
2013-11-08,74.3656,48.03,38.12,54.84,113.21,81.78,14.32,133.49,84.24,122.78,55.49,23.51,121.19,68.58,72.43,27.05,67.37,163.17,75.48,87.44,179.99,24.09,94.05,53.96,40.05,73.447,97.01,127.99,46.8,37.78,29.44,38.56,85.85,31.32,82.51,67.45,40.6,93.79,41.21,41.98,35.17,70.5,77.52,99.62,50.2,49.5725,42.71,77.96,92.73
2013-11-11,74.1496,48.57,37.9,56.18,113.17,81.4,14.4,132.53,84.15,123.02,56.12,23.445,121.08,68.34,72.45,27.01,67.51,163.84,75.37,87.42,182.88,24.169,94.29,54.1,39.87,74.116,97.09,127.95,47.0,37.59,30.09,38.58,85.45,31.24,82.26,67.62,40.495,93.87,41.5,41.79,35.03,70.5,77.905,99.28,49.96,49.8175,42.75,79.01,92.96
2013-11-12,74.2871,47.48,37.47,56.24,112.71,81.03,14.32,132.33,83.85,122.45,56.71,23.73,120.0,67.77,71.72,27.05,67.61,162.89,76.18,86.59,183.07,24.43,93.56,53.97,39.88,73.768,97.66,128.36,47.59,37.36,29.76,38.435,85.64,31.38,82.8,68.51,40.3075,91.99,41.39,41.85,35.17,69.95,78.33,99.82,50.16,49.5675,42.28,78.71,92.67
2013-11-13,74.3762,47.85,37.77,57.55,113.53,81.44,14.64,133.17,84.2,123.17,57.21,23.995,120.09,68.97,70.92,27.15,68.5,162.94,77.6,87.51,183.55,24.6,93.34,54.14,40.12,73.548,98.11,128.59,47.34,38.155,30.05,38.925,85.95,31.87,83.5,70.03,40.7305,93.08,41.74,42.39,35.07,71.01,79.025,101.04,49.99,49.945,42.76,78.9,92.59
2013-11-14,75.4514,48.04,37.76,57.17,115.41,81.89,14.795,135.09,83.76,123.74,56.99,21.365,119.56,70.02,71.51,26.99,68.98,163.2,78.94,88.67,182.21,24.385,93.92,54.4,40.21,74.353,97.56,129.79,47.82,38.021,30.34,39.32,86.39,32.0,84.32,71.22,40.57,93.31,42.36,42.63,35.16,71.44,79.15,100.97,50.27,50.0375,43.09,79.08,93.22
2013-11-15,74.9986,48.44,38.05,57.35,114.98,82.8,14.92,136.08,83.74,124.29,57.31,21.535,120.06,70.0,71.8,27.2,69.89,164.4,80.03,88.62,183.19,24.52,94.39,54.87,40.22,75.226,96.92,129.85,48.07,37.841,30.3,39.61,86.03,32.2,84.84,72.17,40.595,92.98,42.42,42.55,35.43,71.87,79.745,100.94,50.31,50.5,43.54,79.22,95.27
2013-11-18,74.0898,48.87,37.94,56.6,116.03,82.34,14.92,138.36,84.04,123.31,55.51,21.29,120.56,69.5,71.54,27.22,68.97,165.68,79.67,88.68,184.47,24.6,94.3,55.74,40.17,75.455,97.65,130.13,48.01,37.2,30.33,39.29,85.86,32.01,84.57,71.94,40.27,92.02,42.33,42.44,35.6,71.68,79.65,101.28,50.76,49.975,43.41,79.22,95.45
2013-11-19,74.2214,48.46,38.71,55.77,115.46,82.46,15.2,136.98,83.67,123.63,52.74,21.42,122.06,69.12,71.12,27.03,69.66,166.6,80.38,87.86,185.25,24.7,94.86,56.15,40.14,74.695,97.98,130.05,48.07,36.74,30.34,38.905,85.29,31.66,84.34,71.84,39.96,91.28,42.07,42.15,35.72,71.61,79.05,100.72,50.78,49.3475,43.56,79.25,95.42
2013-11-20,73.5714,47.95,38.18,55.94,115.56,82.25,15.14,132.45,82.68,122.76,53.61,21.23,122.0,69.23,70.03,26.96,71.08,165.0,79.75,87.22,185.19,24.56,95.15,56.1,40.06,74.593,97.54,129.18,48.13,37.08,30.27,38.92,85.13,31.92,84.69,71.03,39.845,90.45,41.4,41.93,35.4,71.98,79.285,100.13,50.4,49.53,43.62,78.9,94.68
2013-11-21,74.4479,48.57,38.07,56.23,112.25,83.95,15.59,132.93,82.12,123.89,54.44,21.47,123.46,69.94,70.75,26.91,71.63,167.07,79.83,87.94,184.13,25.23,95.2,57.22,40.43,74.7,97.7,130.35,48.62,37.4,30.89,39.045,85.62,31.97,84.67,71.71,40.765,91.01,41.37,42.44,35.3,72.91,80.39,101.13,50.38,50.4025,44.08,78.86,94.69
2013-11-22,74.2571,48.94,38.25,56.41,113.03,83.85,15.64,135.97,82.88,125.21,54.69,21.46,124.03,70.2,71.13,27.08,74.27,168.1,79.18,88.8,181.3,23.87,95.25,57.46,40.43,75.445,98.27,131.02,48.94,37.57,31.34,39.435,85.74,32.12,84.95,72.96,40.675,92.73,41.23,42.64,35.42,73.74,81.01,101.98,50.22,50.53,44.36,79.81,95.01
2013-11-25,74.8199,48.41,38.15,56.95,113.96,84.59,15.81,133.0,84.4,125.17,52.75,21.27,123.74,69.74,70.99,26.73,74.6,169.48,79.75,88.59,178.94,23.75,95.63,57.65,40.37,75.649,98.92,131.23,49.66,37.64,31.54,39.565,85.37,32.14,85.41,72.49,40.355,89.81,41.0,42.55,35.37,74.07,80.99,101.22,50.01,50.4825,44.48,80.43,95.09
2013-11-26,76.1999,48.6,38.07,56.7,113.67,85.09,15.88,134.78,84.36,125.18,52.3,21.21,122.78,71.18,70.5,26.78,74.37,168.04,80.35,88.53,177.31,23.65,95.06,57.17,40.25,75.704,98.2,132.15,49.58,37.35,31.39,39.8,84.39,31.89,84.64,73.65,40.755,89.46,40.73,42.7,35.28,74.52,80.815,102.29,50.05,50.88,44.31,80.68,94.27
2013-11-27,77.9942,48.25,38.32,56.91,113.82,85.59,15.83,134.72,84.67,125.38,52.71,21.27,122.42,70.77,70.03,26.83,74.63,168.22,80.66,88.87,178.97,23.9,94.98,57.48,40.19,76.04,97.06,133.5,49.83,37.6,31.41,39.665,84.42,31.88,84.28,73.56,40.81,87.95,40.68,42.52,35.41,74.36,81.42,102.54,49.93,50.9975,44.27,80.93,93.8
2013-11-29,79.4385,48.45,38.19,56.78,114.08,85.8,15.82,134.25,84.6,125.43,52.09,21.25,122.44,70.54,69.96,26.66,74.81,168.94,80.67,88.51,179.68,23.84,94.66,57.22,40.19,76.081,97.37,133.51,49.83,38.13,31.3,39.57,84.46,31.73,84.22,73.58,40.73,88.42,40.63,43.0,35.21,74.48,81.02,102.38,49.62,50.865,44.02,81.01,93.48
2013-12-02,78.7471,48.39,38.14,56.76,114.47,85.29,15.73,134.16,84.25,123.69,51.56,21.09,122.34,70.91,69.61,26.66,74.52,169.72,79.77,88.14,177.48,23.7,94.28,56.98,40.08,75.612,96.51,127.68,50.18,38.45,31.43,39.545,83.7,31.83,83.34,73.44,40.535,87.6,40.74,42.81,34.8,74.16,81.765,102.33,49.26,51.2825,44.18,81.11,93.52
2013-12-03,80.9031,49.97,37.6,56.4,113.45,84.61,15.54,132.0,83.87,123.82,51.63,21.26,122.52,69.9,69.75,26.56,72.42,168.05,78.71,87.07,176.08,23.55,93.97,56.86,40.35,75.41,96.38,126.6,49.76,38.31,30.97,39.565,83.8,31.22,83.83,73.31,40.275,87.64,40.88,42.84,34.74,73.73,81.23,101.9,49.6,50.4375,43.73,81.21,94.39
2013-12-04,80.7142,49.67,37.36,56.05,113.07,84.5,15.63,131.5,83.97,122.97,52.27,21.249,121.77,69.97,69.92,26.64,72.47,168.7,78.4,86.83,175.74,23.74,93.63,57.19,40.37,74.817,95.71,126.46,49.31,38.94,31.13,39.41,82.65,31.27,83.35,73.18,39.75,87.28,41.09,42.43,34.6,73.65,80.695,101.72,49.37,50.685,43.75,80.22,94.67
2013-12-05,81.1286,49.76,36.92,55.04,113.35,84.54,15.43,132.73,84.41,120.95,53.05,20.91,121.1,70.23,69.6,26.45,73.19,165.56,78.54,86.86,176.08,24.26,92.97,55.82,39.83,75.15,95.43,126.83,48.81,38.0,30.21,39.475,81.9,31.25,82.69,73.23,39.86,86.87,40.94,42.66,34.25,72.75,81.185,101.63,48.91,50.4275,43.25,79.44,94.13
2013-12-06,80.0028,51.35,37.53,55.6,114.12,85.93,15.56,135.18,85.5,122.06,53.88,21.28,122.29,71.46,70.19,26.94,73.99,167.21,79.84,88.32,177.67,24.82,94.44,56.06,40.46,75.847,96.8,128.61,49.39,38.36,30.46,39.93,83.15,31.54,84.52,73.76,39.97,88.15,41.43,43.49,34.53,73.5,82.17,102.43,49.48,50.4675,44.11,79.94,95.65
2013-12-09,80.9185,51.21,37.2,55.44,113.98,85.75,15.58,134.68,86.09,121.66,53.68,21.22,123.34,71.11,69.81,27.19,75.19,167.67,79.6,87.87,177.46,24.93,94.44,56.51,40.4,75.886,95.72,128.57,49.56,38.705,30.39,39.89,82.69,31.58,84.78,73.37,39.865,88.03,41.04,43.58,34.69,73.72,82.25,102.34,49.57,50.3975,44.32,79.95,95.84
2013-12-10,80.7928,52.14,37.11,55.32,114.1,85.29,15.56,133.7,86.42,120.04,53.72,21.21,123.66,71.57,69.27,27.14,72.81,169.73,78.61,87.84,177.12,24.82,94.14,56.7,39.85,76.361,95.43,127.55,49.43,38.11,30.77,39.61,82.4,31.34,83.65,73.38,38.69,87.01,40.46,43.41,34.4,74.05,81.38,101.73,49.05,49.8575,44.11,79.08,95.71
2013-12-11,80.1942,52.67,36.58,54.64,113.05,83.9,15.25,132.56,85.28,118.57,51.43,20.88,122.1,70.52,68.33,26.58,70.61,167.6,79.0,86.45,175.2,24.42,93.11,56.07,40.13,79.057,95.26,126.77,48.95,37.61,30.12,38.42,82.67,30.65,84.02,73.01,38.2,86.14,40.28,42.81,33.95,72.14,80.35,100.87,48.49,51.415,43.52,79.09,94.26
2013-12-12,80.0771,52.39,36.29,53.99,112.57,83.3,15.25,132.96,85.57,118.22,50.98,20.51,120.99,69.63,68.19,26.54,70.27,168.33,78.53,86.29,173.37,24.47,91.16,56.31,39.21,78.254,94.1,126.58,48.32,37.22,30.48,38.115,81.28,30.25,82.3,72.73,38.24,86.96,40.2,42.42,33.89,71.01,80.485,100.95,48.13,50.86,43.5,78.5,95.36
2013-12-13,79.2042,52.37,36.4,60.89,112.16,83.68,15.18,133.83,86.05,117.91,51.13,20.24,119.9,69.62,68.19,26.84,71.4,168.39,79.01,86.61,172.8,24.29,91.35,56.17,39.23,78.797,94.44,126.43,48.38,36.69,31.09,38.2,80.93,30.25,82.37,72.58,38.175,86.37,40.12,41.95,33.85,70.48,80.375,101.38,47.84,51.84,43.73,78.08,95.31
2013-12-16,79.6428,53.37,36.53,58.5,112.12,84.52,15.24,134.72,87.38,118.0,51.16,20.68,120.22,70.51,68.51,26.98,71.42,170.95,79.1,87.37,177.85,24.45,91.37,56.42,39.27,79.675,95.45,127.66,48.09,36.885,30.92,38.22,81.0,30.25,81.69,72.79,38.23,87.0,40.38,42.29,34.15,71.06,80.85,102.13,48.26,51.9375,43.98,77.74,97.22
2013-12-17,79.2842,53.63,36.61,57.67,111.0,84.11,15.18,135.88,86.92,117.55,52.22,20.92,118.74,70.66,68.38,27.03,70.08,170.49,78.62,86.48,175.76,24.655,90.66,55.72,39.1,79.795,94.38,131.39,47.9,36.52,30.52,38.38,80.46,30.14,80.91,72.92,38.045,85.54,40.31,42.43,33.85,70.73,80.515,101.98,47.56,53.3125,43.59,77.25,96.75
2013-12-18,78.6813,54.32,38.12,59.04,112.73,85.99,15.69,135.49,88.17,118.5,53.36,21.0,121.6,72.2,69.73,27.41,73.59,174.84,80.05,88.45,178.7,25.15,92.64,57.24,40.02,80.206,95.93,135.8,48.9,36.58,31.62,39.275,81.42,30.77,82.38,73.18,38.84,87.26,41.01,43.1,34.38,72.38,81.78,102.98,48.47,53.8375,44.93,77.94,99.54
2013-12-19,77.7799,52.63,38.03,58.13,112.6,86.41,15.75,135.17,87.54,117.99,53.07,21.07,123.22,72.97,69.19,27.32,73.43,174.77,79.95,88.64,180.22,25.14,91.98,57.23,39.86,80.538,95.14,136.41,48.79,36.25,30.86,39.13,81.66,30.71,81.9,72.43,38.575,86.47,40.79,42.46,34.45,72.39,82.095,103.18,48.43,54.02,45.02,77.24,99.43
2013-12-20,78.4314,52.59,37.84,59.26,114.03,87.57,15.6,136.67,88.93,118.53,53.72,21.13,122.78,72.4,69.5,27.36,74.66,175.16,80.04,89.55,180.02,25.055,92.09,57.7,40.04,81.705,96.51,136.72,49.32,36.8,30.93,38.67,81.81,30.25,81.84,72.91,38.83,87.27,41.06,42.84,34.3,73.35,81.8,103.33,48.08,53.9925,44.96,77.43,98.68
2013-12-23,81.4413,52.58,38.44,59.47,113.2,88.31,15.69,136.4,89.96,118.69,54.58,21.57,122.8,73.28,69.05,27.4,74.99,176.47,80.56,89.72,182.23,25.32,92.03,58.24,40.16,81.51,96.3,136.8,49.36,36.62,31.11,38.555,81.86,30.35,81.31,72.84,39.16,87.32,40.88,43.36,34.69,74.35,82.475,103.96,48.58,54.5075,45.21,77.87,98.51
2013-12-24,81.0956,52.36,38.19,59.53,112.25,88.69,15.7,136.83,90.91,118.69,54.8,21.69,123.51,73.85,69.28,27.61,74.96,176.16,80.64,90.45,183.22,25.43,92.06,58.25,40.19,81.32,96.54,136.99,49.41,37.08,31.01,38.83,82.04,30.29,81.31,73.04,39.285,88.31,40.96,43.43,34.95,74.13,82.82,104.46,48.98,54.6825,45.39,78.01,99.22
2013-12-26,80.5571,52.99,38.35,59.58,114.36,89.0,15.65,138.27,91.15,118.63,54.85,21.8,124.81,74.62,68.77,27.83,75.2,176.45,81.55,91.1,185.35,25.7,92.54,58.2,40.49,82.19,96.84,138.29,49.72,37.44,31.1,39.095,82.45,30.55,81.76,73.48,39.44,89.39,40.75,43.59,35.16,74.85,83.21,104.67,49.18,55.05,45.54,78.39,100.9
2013-12-27,80.0128,52.55,38.37,59.51,115.12,89.19,15.67,136.9,90.87,118.53,54.45,22.02,125.23,74.35,68.95,27.83,74.45,176.35,81.64,91.14,185.08,25.6,92.35,58.14,40.66,82.787,96.91,139.35,49.79,37.29,31.06,39.08,82.71,30.64,82.01,73.8,39.285,89.9,40.86,43.67,35.18,74.69,83.025,104.72,49.17,54.9175,45.5,78.47,101.51
2013-12-30,79.2171,53.01,38.41,59.55,115.49,89.59,15.54,135.92,90.87,118.77,55.17,22.25,124.23,76.23,69.11,27.89,75.08,175.73,81.94,91.0,186.41,25.85,92.3,57.95,41.09,83.33,97.01,139.42,49.94,37.29,30.85,39.37,82.91,30.69,82.0,73.57,39.275,89.17,41.0,43.9,35.2,74.78,83.025,104.92,49.15,55.2275,45.5,78.63,100.31
2013-12-31,80.1456,52.81,38.33,59.879,114.08,90.73,15.57,136.49,90.81,119.02,55.19,22.43,124.91,76.4,69.01,28.03,75.1,177.26,82.34,91.37,187.57,25.955,91.59,58.48,41.31,83.546,97.03,140.25,50.05,37.41,31.36,39.32,82.94,30.63,81.41,74.25,39.195,90.11,41.11,43.91,35.16,75.3,84.0,105.08,49.14,55.67,45.4,78.69,101.2
2014-01-02,79.0185,51.98,38.23,59.29,115.795,89.45,16.1,136.67,89.87,117.81,54.86,22.0,124.14,76.27,68.14,27.5,75.21,176.89,82.02,90.32,185.53,25.79,91.03,58.21,40.66,83.414,96.41,138.13,49.49,37.16,31.03,39.12,82.1,30.46,80.54,73.32,38.585,88.82,40.69,43.1,34.95,74.57,83.555,103.32,49.0,55.2525,45.02,78.91,99.75
2014-01-03,77.2828,52.3,38.64,59.16,114.47,89.74,16.41,137.62,89.82,117.29,55.12,21.98,124.35,76.11,67.92,27.48,74.32,178.15,81.89,90.52,186.64,25.78,91.85,58.66,40.46,83.081,96.54,138.45,49.73,36.91,31.51,39.015,82.24,30.52,80.45,72.89,38.475,88.35,40.47,43.29,34.8,75.1,83.425,103.09,48.42,55.29,45.34,78.65,99.51
2014-01-06,77.7042,50.39,39.15,58.12,113.48,89.7,16.66,138.41,88.64,116.4,54.23,22.01,124.02,75.82,67.96,27.26,73.24,179.37,81.1,90.43,186.0,25.46,92.33,59.0,40.27,82.669,95.85,137.63,49.74,36.13,31.62,38.715,82.28,30.55,80.64,72.7,38.085,88.02,40.4,42.93,34.96,74.24,82.58,101.75,48.69,54.9575,45.42,78.21,99.66
2014-01-07,77.1481,50.49,38.85,58.97,116.43,89.36,16.5,140.51,88.93,115.86,54.95,22.31,125.07,76.34,68.49,27.29,72.78,178.29,81.5,90.8,189.71,25.585,94.29,58.32,40.39,83.709,96.38,137.65,50.11,36.41,31.52,38.745,83.48,30.74,81.42,73.24,38.605,87.51,40.76,42.7,34.95,76.51,83.31,102.08,49.3,55.3775,45.4,78.45,101.07
2014-01-08,77.6371,50.36,39.2,58.9,115.88,89.41,16.58,140.82,89.14,114.05,56.94,22.293,123.29,75.22,67.85,27.21,73.46,178.44,81.93,90.44,187.97,25.43,94.16,58.87,39.94,83.684,95.41,136.63,49.79,35.76,31.56,38.545,83.24,30.95,80.24,73.68,39.015,86.98,40.4,43.29,34.24,75.62,83.465,102.0,48.5,55.555,45.92,77.83,100.74
2014-01-09,76.6455,51.22,39.27,59.09,118.89,88.88,16.83,142.13,89.71,118.51,56.29,22.09,123.29,74.9,67.87,27.22,74.3,177.4,81.57,90.47,187.38,25.31,94.73,58.76,39.73,84.36,95.46,136.45,49.52,35.53,31.55,38.545,82.85,30.93,80.42,73.91,38.8,86.48,40.62,43.06,33.54,76.08,84.635,102.12,47.5,55.4775,46.16,78.09,99.76
2014-01-10,76.1342,50.9,39.57,59.53,117.99,88.55,16.77,141.9,90.51,117.85,56.95,22.22,121.01,75.39,68.59,26.96,74.87,178.39,82.01,90.16,187.26,25.53,94.74,58.49,40.13,83.476,95.8,136.18,49.88,36.04,31.3,38.46,83.5,30.69,80.3,73.87,38.835,88.17,41.39,43.11,33.62,74.7,85.19,102.52,47.75,55.2825,45.94,78.04,100.52
2014-01-13,76.5328,49.83,39.11,58.6,116.4,86.99,16.43,140.7,89.89,114.77,56.21,22.19,119.25,73.27,67.77,26.73,73.14,175.88,80.97,88.87,184.16,25.5,94.5,57.7,39.53,81.0,94.83,134.68,53.12,34.98,30.87,37.59,82.37,30.54,80.01,73.22,37.56,87.46,41.27,42.24,33.3,73.94,84.025,100.23,47.03,54.725,45.56,77.49,98.55
2014-01-14,78.0556,50.6,39.57,60.37,117.72,87.12,16.77,140.01,90.56,116.23,57.51,22.41,119.57,74.45,67.57,26.97,74.99,176.6,81.01,89.39,185.92,26.51,94.72,57.74,39.69,82.171,95.22,137.41,53.0,35.78,31.1,37.585,82.37,31.0,80.87,73.39,37.73,88.87,41.1,43.34,33.48,74.02,84.41,100.93,47.08,55.6625,45.59,77.96,99.12
2014-01-15,79.6228,50.11,39.53,61.68,118.51,88.25,17.15,140.62,92.41,116.24,59.72,22.78,119.18,74.28,67.13,27.34,75.23,178.75,81.07,89.91,187.74,26.67,94.8,59.49,39.76,82.337,95.46,138.44,52.52,36.76,32.22,37.715,82.89,31.18,80.79,74.51,38.095,88.89,41.08,43.54,33.79,74.84,85.075,101.05,48.27,55.94,46.4,77.66,98.78
2014-01-16,79.1785,50.5,39.54,61.63,119.03,87.78,17.08,140.21,92.01,115.56,59.21,22.78,118.83,74.21,67.36,27.2,77.9,175.17,81.26,90.05,188.76,26.54,94.64,58.99,39.71,82.55,96.06,138.16,52.5,36.89,32.0,37.395,82.86,31.17,80.56,74.72,37.645,88.61,41.24,43.37,33.96,72.76,83.98,100.49,48.53,55.4425,46.39,76.76,98.94
2014-01-17,77.2385,50.06,39.4,61.37,119.15,90.97,17.01,140.46,91.44,116.29,59.86,22.74,119.29,73.98,67.57,26.58,78.4,176.28,81.0,89.95,190.09,25.85,95.06,58.11,39.28,81.842,94.93,137.31,51.95,36.38,33.4,36.695,82.2,31.09,79.88,74.73,37.45,90.21,41.16,43.45,33.7,72.52,83.92,99.91,48.35,58.045,46.39,76.19,99.16
2014-01-21,78.4385,50.0,39.12,60.85,119.25,90.59,17.01,141.67,90.6,114.93,60.95,22.83,120.36,74.2,68.51,26.29,81.58,173.2,80.46,90.59,188.43,25.59,94.03,58.17,39.92,81.848,95.08,136.99,51.83,36.17,32.63,36.875,82.92,31.23,80.18,75.46,36.825,91.09,41.65,43.85,33.57,73.16,84.06,98.57,47.7,57.9825,46.5,75.84,98.5
2014-01-22,78.7871,49.08,38.07,61.77,124.37,91.13,17.15,144.37,89.64,113.75,61.14,22.84,120.43,75.31,68.65,25.99,82.18,173.68,80.2,91.09,182.25,25.31,94.32,57.59,39.9,83.3,94.88,136.48,51.35,35.93,32.29,36.75,82.85,31.27,79.23,75.78,36.8,91.21,41.6,44.61,33.34,73.4,84.25,98.99,47.33,58.2475,46.67,75.35,97.88
2014-01-23,79.4542,48.87,37.43,60.88,123.6,89.17,16.86,141.31,88.48,112.8,60.08,22.56,118.39,74.79,68.53,25.82,82.15,170.75,80.24,89.8,182.73,25.13,92.74,56.47,39.24,82.36,95.32,134.71,51.6,36.055,31.48,36.365,82.43,31.01,78.24,75.87,36.695,90.26,41.43,44.09,33.8,73.2,87.06,97.94,47.86,57.0625,46.35,74.96,96.97
2014-01-24,78.0099,47.79,36.58,59.09,119.29,86.95,16.45,136.65,86.17,112.13,58.4,22.2,116.29,72.72,68.26,24.95,80.62,167.64,79.16,88.47,179.64,24.81,90.61,55.09,38.84,78.51,94.43,130.22,51.98,36.805,30.45,35.825,81.43,30.09,79.18,74.08,37.49,88.15,41.22,42.95,33.42,71.6,85.82,96.33,47.63,55.3125,45.48,74.42,94.85
2014-01-27,78.6428,46.83,36.3,58.36,118.52,85.72,16.31,137.36,91.29,113.08,57.08,22.0,116.43,72.25,68.73,25.07,78.86,164.69,78.94,90.29,177.9,24.72,89.94,55.09,38.73,76.05,94.07,128.96,52.53,36.03,29.97,35.95,82.06,29.66,78.47,73.2,37.105,87.91,41.25,42.64,33.51,71.65,85.605,95.17,47.69,54.055,45.53,74.15,94.92
2014-01-28,72.3571,47.69,36.37,59.11,120.7,86.64,16.73,137.09,92.47,114.38,59.37,21.75,116.84,72.88,68.82,25.46,80.67,166.25,78.54,90.45,176.85,24.9,90.1,55.74,38.87,78.83,94.18,129.81,52.87,36.27,30.13,36.355,82.32,30.42,79.11,71.99,36.945,87.76,41.25,42.9,33.7,71.71,86.4,95.81,47.36,55.24,45.96,74.67,95.65
2014-01-29,71.5356,47.61,35.85,58.46,119.17,85.55,16.68,129.78,90.62,112.23,57.96,21.65,116.0,71.33,68.99,25.29,79.85,163.9,76.68,89.74,176.4,24.68,88.9,55.53,37.9,77.7,93.15,130.25,52.21,36.66,29.94,35.885,80.22,30.11,77.64,71.12,35.78,87.3,40.89,42.4,33.31,71.26,85.975,95.33,47.69,54.28,45.59,74.1,95.11
2014-01-30,71.3974,48.31,36.53,59.39,120.89,86.62,16.93,126.53,93.2,112.73,60.97,21.976,116.45,73.22,69.89,25.5,81.52,165.84,76.93,91.7,177.36,24.74,89.5,56.0,38.17,79.76,93.8,128.05,53.51,36.86,29.98,36.97,81.08,30.82,76.87,73.26,35.955,88.81,40.89,42.69,33.35,72.8,88.115,95.78,47.63,55.22,46.05,74.75,93.99
2014-01-31,71.5142,49.23,36.66,59.19,118.95,85.02,16.75,125.26,93.91,112.36,60.53,21.91,111.63,72.61,70.62,25.13,80.65,164.12,76.85,91.23,176.68,24.54,88.47,55.36,37.82,75.68,94.17,128.19,52.97,37.84,29.51,36.425,80.36,30.4,76.62,74.22,35.56,87.57,41.24,42.4,33.32,72.28,87.12,95.23,48.02,53.8575,45.34,74.68,92.16
2014-02-03,71.6471,47.35,35.85,58.09,116.75,82.86,16.35,123.08,92.42,110.18,58.47,21.55,111.14,69.99,70.46,24.35,78.83,159.82,75.09,88.75,172.9,23.95,86.78,54.31,37.2,73.91,93.02,123.9,52.08,36.48,28.95,35.44,78.57,30.6,75.7,73.32,34.485,86.23,41.25,41.5,31.95,70.74,85.87,93.62,46.41,53.3675,44.43,72.66,90.05
2014-02-04,72.6842,47.95,36.25,59.72,115.78,84.0,16.35,122.04,92.5,110.89,60.96,21.8,110.83,71.05,69.94,24.57,82.02,161.76,74.97,89.76,172.84,23.82,86.62,54.95,37.48,73.12,93.09,126.72,53.51,36.35,29.02,35.255,78.82,31.44,76.09,72.51,35.325,87.19,41.0,40.89,32.45,70.51,86.625,93.89,46.82,53.635,44.77,72.73,90.02
2014-02-05,73.2271,47.73,36.35,61.0,115.07,83.72,16.4,121.4,91.96,110.51,61.63,21.98,109.52,71.76,69.62,24.52,78.15,160.42,75.26,89.59,174.24,23.52,87.28,55.21,37.61,72.84,93.58,127.36,53.53,35.82,29.18,35.3,79.42,30.65,76.45,72.37,35.245,86.16,40.82,40.97,32.08,70.82,86.315,93.76,46.69,53.9025,44.23,72.87,89.58
2014-02-06,73.2156,47.93,36.65,61.34,116.07,85.69,16.69,122.67,93.83,114.26,61.7,22.49,111.27,75.56,70.01,24.95,76.5,161.75,76.16,91.14,174.67,23.99,88.75,56.48,38.03,74.9,94.94,128.9,53.77,36.18,29.69,35.755,79.39,30.84,76.9,73.24,36.18,88.51,40.91,41.23,32.0,70.87,87.56,94.74,46.68,54.7525,44.78,72.82,89.8
2014-02-07,74.2399,48.89,37.18,62.88,118.9,87.0,16.82,127.02,94.87,114.04,61.55,22.67,112.05,75.67,69.99,25.19,78.75,161.93,76.45,93.16,177.25,24.205,90.04,56.62,37.95,76.31,95.92,130.33,54.77,36.56,29.69,36.345,80.22,31.22,77.31,74.41,37.0175,89.5,41.1,41.95,32.3,71.36,88.45,95.37,46.81,55.445,45.37,73.75,90.58
2014-02-10,75.5699,49.55,37.16,63.78,120.3,88.34,16.72,127.16,94.5,113.85,61.04,22.83,111.69,77.06,70.74,25.05,80.98,161.0,76.41,92.85,177.14,24.29,91.07,56.74,38.57,76.35,94.86,129.7,54.89,36.8,29.7,36.335,80.6,31.47,78.03,74.69,37.4,89.04,41.28,42.36,32.44,69.74,87.39,94.73,46.91,55.1375,45.52,73.76,89.52
2014-02-11,76.5656,49.66,37.95,63.97,121.24,88.58,16.88,130.16,94.96,114.99,61.23,22.71,113.58,77.79,71.3,25.43,81.8,164.39,76.7,94.16,179.7,24.47,92.97,57.43,38.64,76.19,95.34,130.98,55.7,37.175,30.27,36.99,81.25,31.88,78.84,75.62,37.25,90.37,41.69,43.13,32.95,70.62,88.85,96.16,47.21,55.5825,45.97,74.8,90.84
2014-02-12,76.5599,50.56,38.26,65.14,122.21,89.02,16.75,128.13,96.17,114.81,61.48,22.85,112.03,77.91,70.87,25.39,82.0,163.5,77.28,94.29,180.24,24.55,92.42,57.52,38.51,75.97,94.89,130.44,55.0,37.47,30.16,37.055,81.49,31.61,77.49,76.42,36.955,90.03,41.61,43.3,32.94,70.24,89.425,96.03,47.37,56.0425,45.99,74.96,91.08
2014-02-13,77.7756,50.35,38.72,67.04,124.15,88.9,16.75,129.5,96.11,115.81,63.13,22.27,112.51,77.9,71.43,25.44,82.55,164.06,77.59,94.53,181.84,24.7,92.56,58.03,38.65,76.53,95.46,130.14,55.1,37.61,29.91,37.435,79.69,31.7,77.8,76.44,37.345,90.26,42.23,43.74,33.49,71.21,89.32,96.56,47.31,56.0125,45.98,75.36,91.43
2014-02-14,77.7128,50.73,38.81,68.34,123.84,89.0,16.7,130.16,96.55,116.1,62.8,22.56,113.48,79.23,71.45,25.74,81.21,163.72,77.93,94.61,183.69,24.755,92.76,58.15,38.93,77.39,95.78,132.12,55.44,37.62,29.69,37.535,78.09,31.94,79.4,76.28,37.515,90.45,42.52,43.86,33.15,73.52,90.07,97.24,46.51,56.5,46.13,75.79,94.11
2014-02-18,77.9985,51.46,38.93,68.66,124.94,89.02,16.47,130.63,96.56,115.36,63.73,22.41,112.71,79.58,71.5,25.65,83.81,164.65,77.57,94.35,183.19,24.76,92.17,58.49,37.47,77.49,96.02,131.8,55.69,37.42,29.56,37.605,78.18,31.88,77.97,75.6,36.985,90.63,42.54,44.01,32.82,73.83,89.15,96.49,45.98,56.515,46.13,75.33,94.07
2014-02-19,76.7671,51.19,38.76,67.99,123.35,88.84,16.2,128.39,96.21,114.91,63.02,22.28,113.6,78.87,71.72,25.4,82.7,163.26,76.45,92.95,182.95,24.5,91.64,57.26,37.1,76.65,95.55,130.56,55.04,37.51,28.96,37.41,77.1,31.48,78.14,75.77,36.66,90.48,42.17,43.93,32.85,73.55,87.935,95.18,46.53,55.97,45.53,74.85,93.95
2014-02-20,75.8785,51.86,38.95,68.48,123.49,89.01,16.3,129.56,96.92,115.06,63.01,22.3,114.6,79.19,71.74,25.12,82.81,164.5,77.48,93.56,184.26,24.74,92.38,57.58,37.3,75.86,95.75,131.56,55.81,37.75,29.33,37.79,78.01,31.55,77.92,75.95,36.775,91.03,42.4,44.2,33.18,73.48,88.935,95.67,48.12,55.865,45.63,73.52,95.37
2014-02-21,75.0356,51.04,38.82,68.22,123.85,88.75,16.29,128.28,97.5,113.19,63.59,22.13,112.68,80.13,71.49,24.94,82.59,164.5,77.74,93.93,182.79,24.42,91.52,57.61,37.18,75.7,96.45,131.57,56.03,37.98,29.62,38.24,78.22,31.46,77.97,75.61,36.28,90.07,42.35,44.15,32.8,73.81,89.56,96.11,47.27,55.84,45.6,73.12,95.03
2014-02-24,75.3642,50.85,38.98,68.765,125.79,89.92,16.53,129.59,97.32,113.94,63.91,22.12,114.15,80.73,71.11,25.29,83.57,166.54,77.87,93.76,183.45,24.63,91.11,58.03,37.5,75.96,96.5,132.2,56.18,37.69,30.31,38.92,78.88,31.99,77.86,75.43,36.28,92.72,42.12,44.45,32.47,76.01,89.805,95.95,46.23,56.5475,46.08,73.35,96.44
2014-02-25,74.5799,50.72,39.25,68.01,124.36,89.91,16.34,126.78,96.41,115.46,63.66,21.84,114.97,80.21,71.03,25.27,83.95,163.48,80.98,93.87,183.23,24.62,91.11,57.03,37.77,76.74,96.62,132.93,55.91,37.54,29.71,39.055,79.23,31.89,78.12,74.91,35.275,92.56,42.17,44.47,32.17,75.32,89.35,95.45,46.29,56.7775,46.08,73.35,96.31
2014-02-26,73.9071,50.74,39.39,67.82,121.86,89.73,16.33,126.61,97.2,115.88,63.74,21.93,115.51,80.08,70.88,25.3,83.81,162.8,81.7,93.86,184.06,24.8,91.11,56.75,37.87,77.36,95.89,132.86,56.27,37.47,29.94,39.21,78.65,31.99,77.86,75.05,35.89,92.35,42.0,44.63,32.0,76.06,88.605,95.2,46.35,56.5275,46.05,74.78,95.79
2014-02-27,75.3814,50.91,39.79,69.92,123.08,90.29,16.49,128.56,96.7,116.22,66.22,21.92,115.69,80.48,70.43,25.5,83.65,165.38,81.97,94.37,185.27,24.76,91.36,56.69,38.07,77.76,95.08,134.34,56.66,37.86,30.36,39.01,79.07,32.23,78.19,75.19,36.095,92.57,42.01,44.78,32.23,76.02,89.25,95.55,47.5,56.57,46.05,74.56,95.84
2014-02-28,75.1771,50.91,39.78,68.63,124.02,91.28,16.53,128.92,96.97,116.8,62.37,21.8,115.33,80.81,70.88,25.47,82.79,166.45,82.03,94.44,185.17,24.76,92.12,56.82,38.2,77.72,95.15,134.73,56.99,38.31,30.8,39.15,80.07,32.11,78.66,75.29,35.48,93.0,42.35,44.96,31.93,77.27,90.19,95.77,47.58,56.485,46.42,74.7,96.27
2014-03-03,75.3942,50.09,39.33,67.86,123.69,89.97,16.3,128.22,96.31,115.75,61.49,21.57,114.84,79.46,70.05,25.12,81.45,164.74,82.0,93.59,184.26,24.5,91.56,56.21,38.12,76.73,94.32,132.21,56.42,37.78,30.26,38.695,79.52,31.98,77.48,73.63,35.235,91.26,42.05,44.58,31.86,77.1,89.755,95.78,47.31,55.36,46.15,74.12,95.5
2014-03-04,75.8914,51.59,40.12,68.6,126.0,92.61,16.73,130.23,97.02,116.65,63.07,21.82,115.32,81.71,70.12,25.65,82.9401,168.73,82.87,94.6,186.44,24.61,93.34,57.26,38.31,78.5,94.98,132.68,57.06,38.41,31.1,39.31,80.85,32.69,78.45,76.11,35.83,92.49,42.33,45.26,32.15,78.13,91.925,96.98,47.9,56.375,46.74,75.13,96.52
2014-03-05,76.0514,51.7,39.79,68.9,126.19,92.14,17.25,128.79,96.37,116.47,63.68,21.87,114.43,82.68,70.11,25.93,82.87,171.9,82.91,94.66,187.14,24.5,92.59,58.16,38.35,78.2,95.02,133.85,56.88,38.11,31.97,38.71,81.11,32.75,77.82,76.67,35.65,92.01,42.22,45.18,32.13,77.99,92.17,97.08,47.38,55.7025,47.09,74.8,93.8
2014-03-06,75.8214,52.04,39.73,68.92,124.19,93.52,17.35,128.86,97.6,113.26,63.14,21.82,114.85,83.34,70.03,26.22,79.92,172.6,82.41,94.75,187.64,24.63,92.89,58.9,38.47,77.63,95.58,134.08,57.26,38.15,31.84,39.11,81.33,32.46,78.06,77.0,36.345,92.75,42.04,45.68,32.34,77.64,92.93,97.86,47.46,55.965,47.34,74.88,93.76
2014-03-07,75.7771,51.46,39.57,68.52,122.26,93.86,17.33,128.54,97.05,113.5,60.74,21.73,115.08,82.21,70.06,26.13,79.58,174.26,82.55,95.44,187.68,24.64,93.32,59.4,38.55,77.94,95.5,134.11,57.47,37.9,32.21,39.73,81.56,32.43,78.38,76.79,36.535,92.98,42.1,45.85,32.54,77.4,93.785,98.22,47.15,56.39,47.95,74.58,94.99
2014-03-10,75.8456,51.66,39.82,68.04,125.4,93.7,17.47,126.89,96.75,114.59,59.78,21.69,115.84,81.97,69.62,26.04,80.23,173.51,82.18,95.25,186.39,24.84,93.45,59.2,38.65,77.39,95.2,133.56,57.32,37.82,32.13,39.49,81.73,32.39,78.53,77.07,36.78,92.87,42.16,45.87,32.51,77.88,93.11,98.74,47.03,56.375,48.15,74.43,95.5
2014-03-11,76.5842,51.75,39.71,67.47,124.27,93.2,17.27,125.67,96.84,114.71,61.02,21.61,114.51,81.05,69.47,25.9,79.84,169.89,81.29,94.11,186.76,24.73,93.49,58.19,38.8,77.9,98.78,132.51,56.69,38.02,31.7,39.4,82.81,32.42,78.95,76.71,37.515,91.95,42.05,45.67,32.23,77.78,92.885,98.31,46.7,56.795,47.81,74.92,94.01
2014-03-12,76.6585,51.64,39.66,68.06,125.98,92.9,17.28,124.43,96.82,115.21,61.52,21.82,115.65,81.38,70.36,25.76,79.72,169.72,80.56,93.85,186.22,24.76,93.6,57.92,38.47,78.34,98.71,132.57,56.81,38.27,31.44,39.485,82.15,31.98,79.24,76.97,37.815,91.17,42.63,46.43,32.38,77.6,93.77,98.52,46.36,56.525,48.12,75.53,94.21
2014-03-13,75.8071,51.32,39.23,67.08,123.96,90.69,17.16,121.89,95.61,114.41,59.06,21.52,114.45,79.93,70.57,25.34,78.01,166.7,78.8,92.85,183.9,24.57,93.0,57.42,37.97,76.62,97.37,130.81,55.79,37.89,31.44,39.265,81.8,31.12,79.19,75.63,37.215,90.27,43.16,44.99,32.35,77.01,92.93,97.1,46.03,55.195,47.84,74.93,93.64
2014-03-14,74.9556,51.21,38.97,67.19,122.54,90.17,16.8,123.11,95.39,113.45,58.16,21.3499,114.1,80.07,70.7,25.11,75.05,165.35,79.38,92.01,182.21,24.5,92.81,56.8,38.17,76.34,97.58,129.83,55.7,37.7,31.1,39.16,81.0,31.23,78.98,74.74,37.135,89.09,43.49,44.31,32.49,75.7,92.57,96.27,46.08,55.1925,47.4,74.28,93.47
2014-03-17,75.2485,51.98,39.51,68.17,123.86,91.26,17.11,125.42,95.67,113.46,58.32,21.51,115.07,81.39,71.1,25.43,75.45,166.84,79.58,93.4,185.81,24.7,93.93,57.58,38.27,77.83,97.6,132.27,56.26,38.05,31.37,39.49,82.05,31.42,79.84,77.02,37.09,89.78,43.52,45.27,32.89,76.76,93.685,96.99,46.31,55.945,48.13,74.68,94.32
2014-03-18,75.9142,53.1,39.73,68.52,127.47,91.59,17.19,124.04,96.41,113.85,59.63,21.63,116.24,81.99,70.24,25.65,77.77,168.09,79.82,93.75,186.81,24.82,93.94,58.06,38.4,78.92,97.31,132.74,56.36,39.55,31.65,39.82,81.95,31.93,79.77,77.45,37.3,90.5,43.45,45.4,32.98,78.0,94.7,97.41,46.7,56.6025,48.4,74.77,94.71
2014-03-19,75.8942,53.11,39.45,67.63,126.58,90.73,17.44,122.24,96.04,112.85,58.43,21.63,115.2,80.52,68.71,25.28,76.54,168.18,79.75,92.89,184.71,25.02,93.59,58.3,38.14,78.31,96.1,131.23,55.99,39.27,31.81,39.575,81.37,31.71,78.78,76.805,37.955,90.36,42.79,45.52,32.96,79.96,93.425,96.95,46.36,55.955,47.81,74.38,93.73
2014-03-20,75.5285,53.68,38.87,68.49,127.05,91.69,17.92,123.73,96.21,113.16,59.12,21.83,115.51,80.81,69.17,25.27,75.525,169.22,80.09,92.95,187.9,25.425,94.12,60.11,38.45,78.41,96.6,132.43,55.59,40.33,32.79,39.635,81.86,31.91,78.32,78.1,38.4775,91.11,42.79,46.95,34.09,81.53,94.365,96.91,47.21,55.455,49.03,75.38,94.58
2014-03-21,76.1242,53.46,38.39,67.14,122.93,91.52,17.56,122.58,97.39,113.83,57.03,21.64,115.63,80.35,69.08,25.4,72.07,166.95,80.42,92.99,186.67,25.17,95.93,60.17,38.44,75.99,95.47,133.12,54.66,40.16,32.6,37.605,82.14,32.18,77.88,78.19,38.355,92.67,42.92,47.15,34.3,81.34,93.665,96.86,46.91,55.8425,49.12,76.1,94.31
2014-03-24,77.0271,51.36,38.43,65.24,121.28,91.01,17.37,123.42,96.85,113.37,56.36,21.57,115.85,79.49,69.32,25.41,72.13,165.72,79.66,91.97,188.25,25.12,95.2,61.07,38.4,77.39,96.18,132.42,53.78,40.5,32.44,37.43,81.89,31.49,79.3,77.74,37.885,93.23,43.18,46.57,34.46,81.28,94.0,97.34,47.01,55.1875,48.98,76.76,94.64
2014-03-25,77.8556,51.69,38.4,65.81,120.63,90.84,17.21,124.02,98.59,113.93,56.65,22.34,117.09,79.55,69.92,25.7,73.03,163.25,79.47,92.44,195.04,25.46,97.38,60.93,38.62,75.28,95.91,134.06,55.19,40.34,31.59,36.825,82.4,31.82,79.81,78.56,37.305,95.56,43.43,46.69,34.72,81.1,93.49,97.65,47.22,54.6,48.96,76.87,94.91
2014-03-26,77.1114,51.5,38.56,63.9,120.11,89.66,17.18,123.53,97.8,112.49,55.21,22.32,117.71,78.62,69.5,25.62,72.78,161.73,78.87,90.84,192.62,25.3772,97.05,59.9,38.61,73.71,95.84,133.09,56.02,39.79,31.22,36.61,82.87,32.18,79.5,78.31,36.77,95.43,43.15,46.39,34.61,81.54,92.155,96.75,47.01,53.92,48.5,76.23,94.7
2014-03-27,76.7799,51.66,38.45,64.53,122.29,89.99,17.01,123.21,98.45,112.03,55.97,22.02,117.67,78.48,70.42,25.81,71.41,162.29,78.68,90.3,189.83,25.31,97.28,59.92,38.82,73.34,96.16,132.84,55.73,39.36,30.9,36.66,82.54,32.1,79.65,79.05,36.7,96.49,43.4,46.08,34.96,81.02,91.655,97.05,47.69,53.9425,49.1,76.14,96.24
2014-03-28,76.6942,50.98,38.31,64.88,120.55,90.46,16.98,124.46,99.39,111.66,55.75,22.33,118.5,78.99,70.44,25.88,68.55,162.3,78.72,90.89,190.45,25.62,97.44,60.04,38.95,73.22,97.24,134.2,55.98,40.3,30.91,36.77,82.95,31.88,79.76,79.28,36.85,97.57,43.37,46.64,35.07,81.62,92.375,97.34,47.42,53.0225,49.29,76.01,97.7
2014-03-31,76.6771,51.4,38.51,65.74,123.34,90.03,17.2,125.49,99.37,111.68,57.09,22.415,118.91,80.07,71.22,25.89,70.86,163.85,79.13,92.76,192.49,25.814,98.23,60.71,38.66,74.7,98.03,135.66,56.77,40.99,31.17,36.93,83.5,32.12,80.6,78.86,36.69,97.5,43.94,47.16,35.07,81.99,93.83,97.38,47.57,53.965,49.74,76.43,97.68
2014-04-01,77.3785,52.1,38.47,65.93,126.07,91.17,17.34,128.21,99.81,111.86,58.8,23.1,119.0,81.57,70.67,25.87,73.64,165.92,79.38,93.26,194.5,25.99,97.94,60.67,38.41,74.81,97.9,136.53,56.37,41.42,31.21,37.195,82.88,31.95,80.34,80.1,37.005,97.96,43.5,47.53,35.09,81.84,94.22,97.34,47.75,53.675,49.77,76.77,97.73
2014-04-02,77.5071,53.34,38.58,65.48,125.98,90.4,17.23,128.31,102.63,111.55,58.15,22.99,119.35,81.67,70.26,26.04,73.96,167.27,79.95,93.88,193.55,25.89,98.23,60.48,38.33,74.7,97.59,136.0,56.46,41.35,31.41,37.27,82.73,32.29,80.13,80.14,36.835,97.69,43.29,47.62,35.37,81.61,94.54,97.97,47.82,53.665,49.76,77.18,97.95
2014-04-03,76.9699,53.5,38.65,62.45,124.13,90.98,17.15,128.78,102.55,111.7,55.74,23.09,119.04,81.69,70.45,26.23,74.0,166.09,79.4,94.28,192.69,26.41,98.26,60.66,38.07,74.53,97.66,136.14,56.21,41.01,30.95,36.995,82.91,32.4,80.1,80.55,36.545,98.07,43.31,47.69,35.63,82.25,94.585,98.52,48.12,53.7525,49.83,77.46,97.93
2014-04-04,75.9742,52.2,38.63,61.32,119.11,89.17,16.72,127.38,102.17,110.65,54.41,22.7117,118.8,80.43,70.49,26.02,72.2,163.24,78.72,93.33,191.77,26.16,98.42,59.81,38.22,72.18,97.87,135.86,56.12,39.87,30.37,36.42,82.59,32.16,79.77,78.53,35.775,98.03,43.7,46.34,35.55,81.53,94.025,98.1,48.04,51.925,49.56,77.31,97.36
2014-04-07,74.7814,50.62,38.17,60.47,118.82,86.6,16.38,125.59,101.11,110.789,53.97,22.85,117.34,79.13,71.14,25.85,72.23,158.56,77.13,91.9,194.52,26.485,97.89,59.0,38.62,71.33,97.01,134.4,55.19,39.8,29.52,35.415,83.91,31.2,80.49,78.08,35.215,97.6,44.21,46.25,35.49,81.08,93.125,97.36,48.12,50.8525,48.66,77.31,96.78
2014-04-08,74.7771,49.1,37.62,61.82,117.98,86.49,16.44,124.15,102.39,112.66,55.21,22.94,117.8,79.57,72.51,25.75,70.01,156.56,77.11,91.97,193.29,26.91,98.06,58.85,38.9,71.52,98.08,134.84,55.04,39.82,29.53,36.46,83.47,30.87,81.35,78.89,35.74,98.44,44.71,46.77,35.27,80.66,92.665,97.42,48.21,50.6475,48.83,78.18,97.45
2014-04-09,75.7599,50.63,37.63,63.46,120.0,88.72,16.62,126.88,102.99,113.05,56.95,23.12,119.1,80.47,71.82,25.95,70.65,158.16,77.76,93.21,196.64,26.98,98.95,59.27,38.99,73.56,98.35,135.84,57.1,40.47,30.22,36.78,83.91,31.23,81.49,79.93,36.24,99.02,44.37,47.24,34.92,81.39,93.285,97.85,47.98,51.885,49.1,77.97,97.33
2014-04-10,74.7828,47.35,37.26,61.49,114.11,85.36,16.12,123.64,102.26,112.08,54.55,22.65,116.69,77.51,71.59,25.58,65.48,155.98,76.78,91.34,195.68,26.425,96.54,57.4,38.89,71.17,99.43,133.97,55.85,39.36,29.25,36.225,83.62,30.61,81.09,78.07,35.11,97.32,44.3,45.53,35.12,79.99,91.79,96.63,47.47,50.3875,47.71,76.89,96.78
2014-04-11,74.2299,46.46,37.02,60.5,111.94,84.54,15.77,122.07,101.45,112.08,52.87,22.46,117.03,77.01,71.84,25.43,66.03,152.72,75.7,90.4,195.19,26.1799,96.87,55.3,38.63,68.68,99.29,132.39,55.92,39.209,28.47,35.625,83.15,29.86,80.76,78.01,34.365,97.1,44.57,44.98,35.2,78.95,90.535,96.27,47.07,49.1575,48.08,76.5,96.72
2014-04-14,74.5256,46.83,37.74,61.39,113.32,85.5,16.0,123.25,102.78,112.56,53.78,22.85,118.7,77.62,72.07,25.71,66.79,154.74,75.97,90.92,197.77,26.56,97.14,54.96,38.73,71.18,100.11,133.15,55.57,39.18,29.06,36.19,83.55,29.87,80.81,79.14,34.655,98.48,44.65,45.32,35.36,79.18,91.05,96.09,47.27,50.2525,48.11,77.38,97.86
2014-04-15,73.9942,47.86,37.97,62.105,115.0,86.04,16.39,124.27,102.5,112.06,55.23,22.89,120.3,77.66,72.81,25.82,68.17,154.92,75.89,91.71,197.02,26.77,99.2,54.8,40.18,72.15,100.83,134.09,56.05,39.75,29.55,36.14,83.96,29.89,80.84,79.49,34.445,100.11,45.25,45.81,35.68,79.51,92.765,95.78,46.92,51.0125,48.78,76.88,98.68
2014-04-16,74.1442,48.12,38.38,63.04,115.54,87.4,16.13,126.04,102.93,113.49,55.98,23.03,121.83,78.95,73.23,26.12,69.28,157.22,76.58,93.3,196.4,26.93,98.75,55.26,40.59,73.93,100.83,136.77,56.26,40.4,29.89,36.55,84.77,30.09,81.65,80.18,35.395,100.94,45.82,45.21,36.1,78.19,94.075,97.35,47.1,52.34,49.09,77.22,99.94
2014-04-17,74.9914,48.55,38.93,64.04,115.46,86.22,16.15,127.92,102.83,113.5,56.1,23.21,123.68,79.99,72.57,26.56,70.0,157.44,77.09,93.1,190.01,27.04,98.96,55.22,40.72,74.13,100.25,137.73,56.47,40.01,30.76,37.015,85.55,30.25,81.76,81.32,35.075,99.91,45.12,45.83,36.04,75.78,94.795,98.0,47.6,51.9875,48.93,77.66,100.42
2014-04-21,75.8814,49.43,38.71,64.3,117.02,86.67,16.09,127.82,102.64,114.1,56.11,23.4,124.24,79.11,72.46,26.59,71.6,157.8,77.96,93.18,192.27,26.95,100.0,55.03,40.75,74.31,99.67,138.62,57.25,39.94,30.98,36.95,85.91,30.86,81.56,80.93,35.24,101.8,45.16,46.11,36.06,74.95,95.77,98.9,47.98,52.2825,49.12,77.6,100.93
2014-04-22,75.9569,50.01,38.6,64.48,119.3,87.07,16.29,127.55,103.69,113.56,57.08,23.52,124.0,79.45,72.79,26.58,72.86,160.46,79.67,93.34,192.15,26.84,100.18,55.81,40.71,74.53,99.32,138.89,57.77,39.99,31.2,37.175,85.14,31.0,81.25,80.61,35.5745,102.03,45.34,46.59,36.29,75.76,96.025,99.0,47.92,52.4925,49.23,77.56,100.37
2014-04-23,74.9642,50.14,38.6,64.39,113.315,87.13,16.37,130.63,103.38,114.79,55.64,23.5,124.69,79.52,72.61,26.42,73.86,160.45,78.52,94.03,191.73,26.75,100.22,56.05,40.73,73.36,99.13,137.99,57.5,39.69,31.04,37.05,85.41,30.92,80.36,80.71,35.195,102.21,45.22,46.46,34.92,75.33,95.95,99.24,47.43,52.205,49.59,78.04,100.5
2014-04-24,81.1099,49.32,38.43,63.22,113.72,87.41,16.34,129.86,105.28,115.03,54.73,23.33,124.3,79.59,73.06,26.46,74.08,160.85,79.77,93.63,190.22,26.75,99.96,56.19,40.7,74.35,99.84,136.65,57.53,39.86,30.94,36.695,85.52,30.71,81.15,77.87,35.545,101.8,45.68,48.47,34.5,76.59,95.29,98.64,46.28,52.35,49.32,78.31,100.01
2014-04-25,81.7056,49.14,38.03,61.61,111.41,87.03,15.95,128.66,104.69,115.01,52.8,23.0,123.99,78.23,74.0,26.6,73.9,158.24,79.38,92.65,189.63,26.26,99.79,55.7,41.01,70.66,100.73,136.56,57.24,39.91,30.58,36.35,85.25,30.75,81.41,77.61,35.725,101.75,46.26,46.34,34.49,75.66,93.89,97.4,45.94,49.7325,49.05,78.62,100.41
2014-04-28,84.8699,50.87,38.37,60.4,111.48,87.06,14.95,127.04,104.26,115.59,49.13,23.02,125.73,77.78,74.8,26.78,74.08,156.54,80.17,92.46,193.14,26.33,101.34,55.49,41.03,71.24,100.31,137.23,56.68,40.87,29.99,35.835,86.82,32.04,82.94,78.05,35.465,101.29,46.68,45.45,35.08,75.74,93.965,98.26,46.6,50.355,48.94,79.76,101.17
2014-04-29,84.6185,51.37,38.54,60.91,111.9,87.79,15.24,128.37,105.3,115.4,50.76,23.16,125.97,78.64,74.53,26.76,76.24,158.24,79.52,92.47,195.11,26.48,101.03,56.1,40.57,72.03,101.5,137.55,58.72,40.51,30.52,36.24,85.76,31.76,82.44,78.52,35.32,101.39,46.36,46.12,35.42,75.2,94.945,98.01,46.77,50.6675,49.47,79.67,101.45
2014-04-30,84.2985,52.08,38.74,61.69,111.75,87.43,15.14,129.02,105.4,115.68,51.65,23.11,125.52,79.34,74.49,26.89,78.49,159.82,79.51,92.9,196.47,26.69,101.29,55.98,40.79,73.55,101.38,139.09,58.56,40.4,30.93,36.475,85.89,31.28,82.55,78.71,35.31,101.55,45.83,45.45,35.7,75.04,95.215,98.5,46.73,50.6525,49.64,79.71,102.41
2014-05-01,84.4971,51.61,38.67,62.59,112.76,86.82,15.09,128.46,105.07,115.56,52.08,23.01,124.94,79.56,74.58,26.77,79.02,160.37,79.33,92.24,193.53,26.45,100.53,55.72,40.78,74.22,100.96,140.81,59.62,40.0,31.22,36.46,85.57,31.15,82.34,78.99,35.56,100.8,45.22,45.23,35.58,74.95,94.4,98.11,47.22,51.5225,49.64,79.7,101.41
2014-05-02,84.6542,51.18,38.56,61.56,112.42,86.93,15.25,129.94,105.01,115.15,52.44,22.94,124.72,80.31,72.86,26.68,77.71,158.88,79.4,92.37,191.44,26.41,99.31,55.58,40.95,73.78,101.43,140.12,58.22,39.69,30.69,36.495,85.52,30.75,81.92,78.99,35.3,101.03,44.18,45.78,35.63,75.03,94.0,98.56,47.12,51.105,49.58,79.12,102.01
2014-05-05,85.8513,51.36,38.84,61.44,113.18,87.36,15.08,131.96,104.52,114.49,53.65,22.955,125.36,81.22,73.52,26.58,79.83,156.35,78.69,92.61,191.26,26.17,100.0,54.22,40.76,74.82,101.14,140.61,58.63,39.43,30.07,36.645,85.91,29.96,81.7,79.56,35.46,101.1,44.49,45.72,35.76,75.23,93.875,97.95,47.39,51.7825,49.56,78.62,102.91
2014-05-06,84.9156,50.91,38.58,59.44,112.28,86.2,14.73,130.83,103.87,112.83,51.78,22.72,124.97,81.03,73.07,26.19,78.32,154.54,77.42,91.58,190.03,26.2,99.51,53.34,40.49,73.81,100.95,139.29,57.11,39.06,29.46,36.125,85.37,29.43,81.13,79.31,34.79,101.0,44.35,45.38,35.49,75.26,93.65,97.38,47.47,51.34,49.09,78.01,102.67
2014-05-07,84.6185,52.79,38.69,58.63,112.77,87.98,14.8,130.35,104.62,111.98,50.43,22.87,126.23,80.29,73.82,26.53,78.77,155.52,77.08,92.92,189.3,26.37,100.91,54.05,40.91,73.87,101.96,141.14,55.84,39.425,29.7,36.09,86.8,29.02,82.09,79.325,34.87,101.88,44.86,45.58,35.76,77.91,94.175,98.83,48.1,52.175,49.39,77.96,103.11
2014-05-08,83.9985,52.15,38.73,59.08,110.78,88.62,14.93,130.57,104.94,114.73,50.15,23.018,125.09,81.6,72.84,26.44,78.73,157.4,77.05,92.96,188.91,26.34,100.5,54.36,40.73,74.24,101.95,140.83,54.83,39.64,29.69,36.525,86.66,29.17,82.16,79.5,34.79,100.28,44.2,46.11,36.4,76.89,94.355,98.99,48.49,52.725,49.33,78.69,102.32
2014-05-09,83.6488,52.26,38.99,59.59,111.4825,88.84,14.74,131.1,105.06,115.39,50.28,23.02,125.03,81.95,71.98,26.42,79.76,157.2,77.71,92.8,190.08,26.3,100.91,54.01,40.87,74.38,102.93,141.34,55.21,39.54,29.68,36.725,87.17,29.03,82.39,79.5,35.145,100.22,43.67,45.84,36.44,76.95,94.66,99.76,48.48,52.7025,49.08,79.2,101.95
2014-05-12,84.6899,52.37,39.27,60.7,111.73,89.66,15.07,132.6,106.2,116.51,53.43,23.19,125.24,82.42,71.76,26.85,80.35,159.55,78.27,94.39,192.57,26.37,100.52,54.65,40.82,75.02,102.86,142.82,55.29,39.97,30.33,37.315,86.93,29.13,81.73,79.97,35.575,100.29,43.26,46.95,36.57,77.74,95.815,101.51,48.16,52.925,49.76,79.15,102.23
2014-05-13,84.8228,52.2,39.66,60.81,110.81,89.09,15.03,133.45,107.15,116.29,52.28,22.86,125.85,82.08,71.72,26.92,80.3,160.28,77.27,94.22,192.19,26.45,101.02,54.62,41.11,74.83,103.53,142.43,55.75,40.42,30.33,37.295,87.23,29.2,81.61,80.37,35.58,100.25,43.31,46.14,36.2,78.04,96.45,102.51,47.85,53.015,49.81,79.14,102.36
2014-05-14,84.8385,52.87,39.93,60.88,112.07,88.46,14.84,132.99,106.53,115.13,51.88,22.8099,126.42,80.92,71.27,26.76,80.97,159.45,76.31,92.74,188.72,26.33,100.87,54.36,40.89,74.1,103.03,141.6,56.37,40.24,30.25,36.79,86.84,29.1,81.17,80.41,35.085,100.74,43.73,45.61,36.39,77.17,96.105,102.04,48.01,52.465,49.29,78.74,102.29
2014-05-15,84.1171,52.69,39.24,60.2,110.29,87.6,14.55,131.21,104.99,114.35,51.42,24.18,123.81,80.15,71.38,26.6,80.1,156.64,76.24,91.16,186.46,26.01,100.69,53.51,40.52,73.08,102.5,140.98,55.89,39.6,29.77,36.47,85.74,29.06,80.53,79.78,34.925,99.5,43.44,44.89,36.52,76.48,95.56,100.46,47.96,51.8625,49.03,76.83,100.78
2014-05-16,85.3585,52.93,39.06,61.64,111.94,93.56,14.51,130.81,106.03,115.61,51.8,24.37,123.18,80.39,71.35,26.67,80.8,156.43,77.36,91.2,187.06,25.82,100.58,53.31,40.89,73.75,103.14,141.13,55.87,39.83,30.14,36.97,86.54,29.12,80.33,79.42,35.47,99.59,43.51,44.99,36.74,76.65,97.58,101.33,49.07,52.4525,49.08,77.01,100.74
2014-05-19,86.3699,54.11,39.63,62.2,112.08,88.12,14.67,131.35,105.39,116.37,56.41,24.35,122.95,81.05,70.3,26.61,82.05,157.67,76.5,91.89,187.0,26.04,100.64,53.83,40.71,73.86,102.09,141.67,56.35,39.75,30.16,37.245,86.1,29.28,79.93,79.81,35.51,100.29,42.82,45.6,36.38,77.2,97.795,101.39,49.15,52.59,49.49,76.61,100.87
2014-05-20,86.3871,53.54,39.54,61.71,112.22,87.09,14.53,129.58,101.56,115.13,52.89,24.12,122.5,81.09,70.09,26.3,81.14,156.35,77.96,90.36,184.89,26.04,100.25,53.72,40.58,73.65,101.53,140.23,56.0,39.68,29.71,36.63,85.65,29.25,80.23,79.86,35.115,100.39,42.77,45.71,35.5,76.66,96.935,100.53,48.65,51.98,48.96,75.69,100.67
2014-05-21,86.6156,53.27,39.56,62.47,113.49,87.86,14.61,130.96,102.88,114.52,50.19,24.48,124.16,82.19,69.93,26.49,81.81,159.35,78.08,91.26,186.39,26.2,101.14,54.12,40.87,75.63,102.56,140.66,56.58,40.35,30.01,37.105,86.1,29.57,80.49,79.67,35.2,101.58,42.84,45.65,35.27,77.72,97.625,101.74,49.17,52.525,49.67,75.66,102.03
2014-05-22,86.7528,53.63,39.65,63.15,114.86,88.15,14.71,131.84,103.08,114.73,53.27,24.38,123.63,82.35,70.55,26.51,82.9,159.85,78.78,91.45,185.68,26.15,100.96,54.55,40.58,75.75,102.45,140.31,56.49,40.1,30.39,37.44,85.58,29.66,80.65,79.56,35.7,101.6,43.19,46.14,35.38,78.34,97.65,101.66,49.45,52.3425,49.99,75.39,101.5
2014-05-23,87.7328,53.95,39.6,64.3,114.33,88.78,14.72,132.41,104.03,114.94,53.41,24.52,123.37,83.32,70.28,26.51,80.94,160.16,79.18,91.97,185.94,26.289,100.98,54.53,40.58,76.45,102.0,141.14,56.81,40.12,30.49,37.925,85.83,29.49,80.52,79.88,35.99,101.39,43.08,46.25,35.32,78.77,98.13,102.73,49.74,53.0175,50.16,75.61,101.32
2014-05-27,89.3756,53.99,39.58,65.25,115.89,91.39,15.22,134.17,103.68,113.87,54.36,24.71,122.84,83.74,70.46,26.57,82.16,161.77,79.69,92.36,184.78,26.71,100.81,55.14,40.77,77.03,102.36,141.44,56.69,40.19,31.12,38.305,86.53,29.61,80.08,80.46,36.83,102.16,43.16,46.35,35.21,79.11,98.545,103.17,49.62,53.625,50.55,75.59,101.36
2014-05-28,89.1442,54.07,39.67,64.84,115.67,91.06,15.14,134.33,102.91,114.24,53.34,24.82,122.52,83.6,70.76,26.66,81.86,161.19,79.68,92.51,183.08,26.88,100.3,55.45,40.58,76.93,101.3,141.43,56.4,40.01,30.93,38.135,87.07,29.61,80.1,80.22,36.635,101.87,43.45,46.46,35.34,78.58,98.185,103.41,49.74,53.45,50.44,75.53,101.06
2014-05-29,90.7685,54.03,39.6,65.45,116.0,91.28,15.15,135.14,103.6,114.14,54.4,24.68,122.32,84.03,70.93,26.74,82.08,160.74,79.9,92.83,183.76,26.96,100.76,55.72,40.66,76.79,101.34,142.39,57.7,40.34,31.13,38.19,87.73,29.6,80.4,80.19,36.555,103.86,43.54,46.66,35.39,79.37,98.9,104.06,49.72,53.6675,50.27,75.98,101.27
2014-05-30,90.4285,54.33,40.01,64.54,115.99,91.5,15.14,135.25,102.23,116.02,52.63,24.62,122.79,84.01,71.08,26.79,81.21,159.81,80.23,93.15,184.36,27.32,101.46,55.57,40.91,76.45,101.43,142.55,57.86,40.94,30.86,38.455,88.33,29.63,80.79,80.45,36.62,104.04,43.78,46.98,35.47,79.63,99.635,103.88,49.96,53.7075,50.78,76.77,100.53
2014-06-02,89.8071,54.15,39.8,64.64,116.45,91.89,15.26,135.9,103.76,115.68,52.38,24.78,122.21,84.27,70.85,26.83,81.55,160.03,80.84,93.41,185.69,27.26,102.17,55.35,40.86,77.05,102.03,142.32,57.93,40.79,30.9,38.36,87.87,29.71,80.36,80.48,36.925,103.91,43.67,46.99,35.44,79.47,99.585,104.08,50.05,53.38,51.09,76.76,99.94
2014-06-03,91.0771,54.37,39.82,64.09,117.12,91.73,15.21,135.88,104.49,115.51,50.95,24.675,122.55,83.88,70.7,26.79,82.55,161.8,80.67,93.26,184.37,27.66,102.46,55.6,40.88,76.35,101.45,142.89,57.91,40.29,30.85,37.775,88.22,29.59,79.93,80.4,37.09,103.85,43.67,46.99,35.2,79.88,98.695,103.43,49.29,52.83,51.09,76.71,100.39
2014-06-04,92.1171,54.58,39.75,64.17,119.15,91.81,15.21,135.33,104.31,116.31,51.07,24.5,122.35,84.24,71.01,26.55,83.02,162.39,80.54,93.85,184.51,27.6,102.68,55.68,40.79,76.32,102.44,142.26,57.93,40.32,31.2,38.065,87.43,29.64,79.86,79.92,37.335,103.72,43.73,46.85,35.05,80.51,98.915,102.97,49.15,52.8575,51.04,77.13,100.04
2014-06-05,92.4785,55.3,40.15,65.47,117.74,92.8,15.43,136.82,106.96,117.75,51.37,24.7,123.52,84.78,71.73,26.77,82.8,162.58,80.38,94.95,185.98,27.66,103.22,56.63,40.89,76.84,102.45,143.71,58.1,41.21,31.63,37.935,87.76,29.76,80.11,79.66,37.36,103.91,44.12,47.4,35.1,79.8,100.17,103.62,49.28,53.055,51.63,77.32,100.55
2014-06-06,92.2242,55.1,40.05,66.91,117.82,94.91,15.59,138.25,108.18,118.23,51.8,24.83,124.19,84.61,71.34,27.18,82.39,166.19,80.64,95.2,186.37,28.17,103.18,56.97,40.99,77.47,101.96,144.64,57.85,41.48,31.95,38.115,87.91,29.42,80.03,80.38,37.665,105.99,43.89,47.5,35.02,79.93,100.93,103.59,49.42,53.25,51.98,77.21,101.6
2014-06-09,93.7,53.84,40.13,66.93,116.4,95.57,15.84,137.96,108.75,117.78,51.71,24.8,124.37,85.48,70.86,27.44,79.005,166.0,80.61,95.81,186.22,27.91,103.22,57.42,40.91,76.86,101.38,145.32,57.94,41.27,31.98,38.335,88.0,29.35,80.09,79.95,37.59,106.72,43.64,47.88,35.01,79.76,102.14,103.49,49.57,53.145,52.51,77.01,101.52
2014-06-10,94.25,53.97,40.53,66.96,117.1,95.28,15.92,137.25,109.31,117.1,53.06,25.0,125.34,84.75,70.51,27.41,79.54,166.36,80.74,95.34,184.29,28.24,104.1,57.9,41.07,77.36,100.88,144.97,58.49,41.11,32.08,38.155,88.42,29.5,80.15,79.18,37.3,106.53,43.61,47.97,34.94,79.81,102.42,102.91,49.52,53.5625,52.59,76.62,101.46
2014-06-11,93.86,54.23,40.0,67.46,116.34,95.08,15.59,134.1,108.69,116.24,53.31,25.04,125.18,84.31,69.63,27.15,80.82,165.43,79.81,94.91,182.25,27.93,103.32,57.27,40.86,76.87,100.42,144.41,58.81,40.86,31.69,37.57,87.78,29.43,80.06,79.21,37.4,106.54,43.09,48.09,34.81,80.17,102.18,102.5,49.37,53.17,52.24,76.16,101.95
2014-06-12,92.29,53.66,39.81,66.56,116.2,94.76,15.42,132.19,106.65,115.44,53.04,24.66,126.11,82.8,70.58,26.96,80.58,165.96,78.43,93.66,181.22,27.96,102.53,57.04,40.42,75.72,99.76,143.07,58.3,40.58,31.73,37.385,87.22,29.45,79.76,79.34,36.98,106.33,43.48,48.14,34.83,79.44,100.67,100.89,49.04,52.9425,51.71,75.73,101.66
2014-06-13,91.28,54.16,39.79,66.82,116.03,94.85,15.44,132.29,106.77,115.3,54.31,24.7,127.26,82.8,70.83,27.04,80.72,165.89,78.07,93.77,182.56,29.87,102.53,57.04,40.37,75.94,100.49,143.36,58.24,41.23,31.59,37.31,87.19,29.53,79.64,79.11,37.345,108.25,43.53,48.33,35.03,79.18,100.9,101.03,49.18,52.8225,51.9,75.28,102.65
2014-06-16,92.2,54.0,39.9,67.62,116.16,94.37,15.28,132.54,106.81,115.43,54.61,24.53,128.54,83.3,71.12,26.82,80.77,165.85,78.9,93.8,182.35,30.01,102.45,56.87,40.66,75.11,101.1,143.32,58.07,41.5,31.71,37.275,87.55,29.61,79.69,78.65,37.545,107.05,43.7,48.13,34.98,78.0,99.81,101.18,49.31,52.56,51.09,75.34,102.92
2014-06-17,92.08,54.3,39.86,67.54,116.17,94.66,15.59,132.45,106.67,115.45,57.82,24.5,128.83,83.16,70.71,26.87,79.79,168.22,80.02,94.3,182.26,29.95,101.93,57.42,40.92,74.98,101.27,143.69,58.06,41.68,32.5,37.545,87.28,29.48,79.58,79.16,37.655,106.1,43.43,48.26,35.02,78.17,99.37,101.61,49.21,52.7025,51.66,74.99,102.42
2014-06-18,92.18,54.57,40.37,73.08,117.49,95.56,15.65,132.48,107.48,116.27,57.76,24.63,130.28,83.58,72.41,26.89,79.47,169.86,80.71,94.19,183.6,29.93,102.81,57.78,41.56,75.12,101.35,144.33,58.41,41.65,32.66,38.105,88.9,29.71,79.79,79.19,37.78,107.08,44.53,47.87,35.2,79.21,100.67,102.79,49.42,52.8125,52.04,75.7,102.73
2014-06-19,91.86,54.19,41.0,72.95,117.85,95.07,15.55,132.82,107.25,116.26,57.88,24.71,131.99,83.77,73.23,26.93,79.78,169.73,80.44,94.44,182.82,30.09,103.81,57.3,41.79,74.27,101.91,144.49,58.3,41.51,32.54,37.82,90.1,29.59,80.24,79.75,38.615,107.6,44.72,47.91,35.36,80.51,101.03,102.37,49.47,52.58,52.02,75.87,102.63
2014-06-20,90.91,53.3,40.85,72.61,120.97,95.54,15.45,132.1,109.38,115.36,57.51,24.83,132.34,82.82,72.32,26.97,81.2,169.84,80.17,94.82,181.55,30.2,105.27,57.55,41.69,73.81,101.92,145.16,58.92,41.68,32.29,37.55,89.1,29.78,79.93,79.86,38.3,108.83,44.25,47.94,35.39,81.41,101.08,102.5,49.39,52.3725,52.89,75.68,103.83
2014-06-23,90.83,53.75,40.73,72.89,119.13,95.51,15.64,130.85,108.78,115.22,58.0,24.7,132.98,82.76,72.35,26.68,80.8,170.24,80.64,94.27,182.14,30.23,104.75,58.19,41.73,74.14,101.91,144.09,58.5,41.99,32.52,37.725,88.39,29.45,79.52,79.43,38.365,108.9,44.22,48.08,35.39,81.49,100.69,102.46,49.73,52.3675,52.98,75.79,104.38
2014-06-24,90.28,53.59,40.45,72.38,118.79,94.43,15.49,129.15,107.81,116.31,57.46,24.53,131.77,82.68,72.36,26.58,80.81,168.23,80.43,93.02,180.88,30.5,104.59,57.42,41.85,72.7,101.47,143.09,57.92,41.745,32.03,37.49,88.05,29.3,79.01,78.78,38.715,106.98,44.19,47.71,35.29,81.74,99.68,101.73,49.28,51.9475,52.49,75.97,102.73
2014-06-25,90.36,55.0,40.7,72.44,119.42,94.64,15.47,127.06,108.44,116.27,57.41,24.72,131.23,83.9,73.04,26.42,81.8,168.38,80.53,93.21,180.72,30.88,105.76,57.53,41.96,73.04,101.61,143.65,58.86,42.03,32.23,38.235,88.58,29.8,79.32,78.05,39.06,113.85,44.67,48.04,35.26,82.34,100.09,102.41,49.41,52.265,52.6,75.62,102.14
2014-06-26,90.9,56.51,40.62,72.85,119.14,94.3,15.41,128.02,108.52,115.64,57.17,24.65,130.92,84.45,73.17,26.29,82.18,168.01,80.75,93.06,180.37,30.78,105.65,57.39,42.03,72.77,101.51,143.73,58.53,41.72,31.89,38.43,88.61,29.59,78.62,78.77,39.03,116.12,44.81,47.79,35.26,82.29,99.57,102.64,49.21,52.24,52.37,74.91,102.03
2014-06-27,91.98,56.79,40.54,72.0,118.59,94.93,15.33,128.54,108.78,115.49,57.38,24.7,130.36,85.3,73.7,26.43,82.94,166.78,81.13,93.26,181.71,30.93,104.99,57.53,42.19,73.4,101.46,143.69,57.53,42.25,31.55,38.84,88.76,29.67,79.02,78.99,38.97,117.8,45.06,47.76,35.41,82.0,99.64,102.71,49.32,52.32,52.9,75.34,101.21
2014-06-30,92.93,56.44,40.9,72.36,118.37,94.87,15.37,127.23,108.67,115.16,58.08,24.85,130.55,85.74,74.19,26.28,82.91,167.44,80.96,92.95,181.27,30.9,104.62,57.62,42.36,73.47,100.74,143.24,57.85,41.7,32.33,38.775,89.34,29.68,78.59,79.2,38.69,117.95,45.38,47.79,35.36,81.75,99.75,102.66,48.93,52.6775,52.56,75.07,100.68
2014-07-01,93.52,56.89,41.18,73.01,120.31,95.35,15.6,128.15,109.17,115.44,59.2,25.08,130.54,86.47,73.63,26.4,85.29,166.81,81.82,94.59,186.35,30.98,105.87,57.57,42.29,75.53,101.0,144.56,58.51,41.87,32.32,39.0,89.13,30.08,79.28,79.73,39.04,117.85,45.08,48.49,35.48,81.89,100.1,102.85,49.37,53.5625,52.72,75.28,101.36
2014-07-02,93.48,58.11,41.79,72.76,121.03,95.21,15.85,127.62,109.56,115.75,58.91,25.03,130.23,86.44,72.22,26.61,87.1,166.89,81.98,94.28,188.39,30.98,105.86,56.97,42.29,76.2,100.53,145.23,59.05,41.9,32.49,38.895,89.67,30.37,79.56,80.17,39.095,117.73,44.26,48.51,35.67,82.49,100.07,103.55,49.66,53.71,52.66,75.62,101.57
2014-07-03,94.03,58.22,41.89,73.57,122.85,95.84,16.03,128.51,111.08,116.35,58.76,25.19,131.19,86.84,71.39,26.86,87.9,169.46,82.05,94.88,188.53,31.14,105.42,57.05,42.23,76.63,100.98,145.41,59.2,41.8,32.62,39.225,90.02,30.53,79.98,80.99,39.53,117.5,44.01,48.95,35.84,83.35,100.98,103.88,49.71,54.1275,53.0,75.75,102.59
2014-07-07,95.968,57.4,41.51,72.68,120.16,95.4,15.94,129.09,110.16,116.32,57.34,25.23,130.47,86.59,71.58,26.75,87.21,167.78,81.42,94.38,188.04,31.03,106.47,56.67,42.14,76.18,100.17,144.91,58.52,41.99,32.39,39.325,89.86,30.49,80.19,80.82,39.345,117.43,44.21,48.92,36.02,82.22,100.26,103.24,49.75,54.185,52.5,76.07,102.65
2014-07-08,95.35,55.69,41.05,71.14,119.96,94.57,15.58,126.79,109.46,117.46,54.89,25.07,129.9,85.86,72.32,26.37,87.11,164.91,80.76,94.21,187.22,30.79,105.72,55.76,41.94,75.69,100.09,144.56,58.17,41.78,31.75,38.835,89.73,30.15,80.56,80.65,39.28,116.75,44.54,48.85,35.56,81.93,100.09,102.9,48.76,53.815,52.25,76.65,102.83
2014-07-09,95.39,55.01,41.27,71.57,119.57,94.74,15.6,126.79,110.14,117.92,54.6,25.44,131.39,87.22,72.11,26.32,88.68,164.67,80.73,94.54,188.42,30.89,106.04,56.02,41.95,76.63,101.07,144.68,58.55,41.67,32.01,39.345,89.77,30.05,81.67,80.77,39.725,116.96,44.46,49.28,35.65,82.74,100.61,102.98,48.9,54.04,52.19,77.21,103.55
2014-07-10,95.035,55.79,41.24,71.7,118.95,94.46,15.44,126.79,109.36,118.08,54.3,25.44,130.25,86.86,72.39,26.2,88.94,163.42,79.4,94.28,187.7,31.26,105.8,55.56,42.26,75.47,100.58,143.89,58.58,41.685,31.68,38.75,90.1,30.0,81.61,80.43,39.425,115.4,44.64,48.995,35.7,82.08,99.61,102.09,49.64,53.885,51.81,77.06,102.57
2014-07-11,95.22,54.96,41.3,72.26,119.77,94.47,15.38,128.09,109.96,118.01,54.21,25.52,128.47,86.89,72.16,26.55,88.73,164.8,79.61,94.9,188.0,31.25,105.1,55.8,41.97,75.83,100.37,144.31,58.44,42.09,31.41,38.645,89.85,30.07,81.16,79.6,39.3,114.7,44.53,49.29,35.76,82.87,100.27,102.53,50.32,54.25,51.49,76.82,101.74
2014-07-14,96.45,54.85,41.82,72.88,118.98,94.54,15.57,129.52,110.09,117.36,54.73,25.44,129.26,86.76,71.54,26.66,89.85,167.0,79.46,95.74,189.86,31.49,105.38,56.29,42.38,77.33,100.47,145.0,58.18,42.14,31.81,38.975,91.08,30.24,81.32,79.52,39.28,115.94,44.18,48.92,35.86,84.27,101.09,103.45,50.53,55.2575,51.31,76.55,102.68
2014-07-15,95.32,53.44,41.17,72.29,116.86,94.45,15.81,129.1,109.85,117.82,53.74,25.67,129.26,86.15,72.03,26.61,89.0,169.17,79.86,95.96,188.49,31.71,103.28,58.27,42.1,78.32,100.3,145.06,57.91,42.45,32.0,39.015,90.34,30.41,81.26,79.44,39.445,114.46,44.47,48.66,36.24,83.9,101.37,104.29,50.71,55.445,51.35,76.84,102.39
2014-07-16,94.78,53.65,41.05,72.38,117.71,94.47,15.51,127.42,111.4,117.85,53.95,25.98,130.89,85.35,72.42,27.02,87.0,170.47,79.66,96.39,192.36,34.65,102.22,58.71,42.12,78.31,99.27,146.17,58.15,44.08,32.5,38.46,90.5,30.96,80.94,79.62,39.365,115.88,44.77,49.05,36.45,83.76,101.78,104.52,50.96,55.6675,51.17,76.86,103.77
2014-07-17,93.0899,53.52,42.73,71.39,115.39,92.99,15.2,125.88,110.17,116.79,52.64,25.63,130.08,85.03,72.36,26.61,85.07,170.14,80.08,95.17,192.49,33.7,100.37,57.86,42.02,76.39,98.37,143.54,58.34,44.53,32.64,38.265,89.99,30.73,80.55,78.11,38.62,114.64,44.55,48.15,36.03,85.11,100.45,102.65,50.32,54.47,50.68,76.61,102.31
2014-07-18,94.43,54.91,42.73,72.55,118.3,93.53,15.49,127.64,110.17,117.7399,53.5,25.91,130.39,85.81,73.11,26.46,89.1899,171.47,80.08,96.82,192.5,33.7,101.8,58.23,42.43,77.5,98.99,144.83,58.34,44.69,32.64,38.76,90.09,30.73,80.55,79.39,38.97,112.36,44.89,48.82,36.17,85.52,101.34,103.82,50.75,55.05,51.28,77.09,102.73
2014-07-21,93.939,54.0,42.96,71.96,119.03,92.88,15.52,128.3,110.23,117.04,53.32,25.85,131.29,85.74,73.36,25.98,88.86,171.72,79.71,97.34,190.85,34.06,101.27,58.24,42.4,77.35,97.55,144.3,58.0,44.835,32.55,38.41,89.91,30.35,80.28,79.67,38.805,113.04,44.91,49.17,35.96,85.06,101.64,104.06,50.7,54.805,51.05,76.77,103.08
2014-07-22,94.72,54.05,43.09,72.26,121.11,93.37,15.52,129.74,110.06,117.55,53.6,25.95,132.58,86.21,73.29,26.02,89.33,175.02,80.54,97.19,194.09,34.7901,102.47,58.67,41.19,78.27,96.27,145.12,58.43,44.83,32.91,38.52,89.17,30.49,80.1,81.53,39.37,113.41,44.91,49.12,35.94,86.05,102.86,104.48,50.98,55.315,51.35,76.64,103.54
2014-07-23,97.19,54.48,42.97,72.04,122.01,93.28,15.52,126.71,108.38,117.59,53.6,25.68,133.88,86.04,73.4,25.91,90.34,176.82,81.02,96.6,193.63,34.5,102.19,59.0,40.81,77.74,95.35,144.68,58.11,44.87,33.35,38.685,90.82,30.39,79.99,81.6,39.57,112.11,44.81,48.195,35.88,85.94,102.51,104.34,50.91,55.3,51.33,76.99,104.25
2014-07-24,97.03,54.08,42.89,72.795,122.26,93.15,15.62,124.4,105.04,118.14,54.06,25.83,134.85,86.8,74.03,25.94,90.54,176.26,81.2,96.01,195.24,34.25,102.2,59.17,40.97,77.57,95.35,145.13,58.21,44.4,33.4,39.3,91.91,30.34,80.26,76.172,40.225,113.1,44.78,47.86,35.5,85.68,101.77,104.09,51.05,55.685,51.59,76.35,104.28
2014-07-25,97.671,53.18,43.04,72.62,122.84,91.93,15.59,123.2,104.85,117.55,54.89,25.97,133.57,86.23,73.21,25.79,89.84,179.6,81.03,95.76,194.4,34.25,102.11,59.01,41.0,75.75,95.72,145.12,58.15,44.5,33.24,38.86,91.55,30.19,79.56,76.1,39.37,111.78,44.74,46.82,35.54,84.68,101.66,103.57,51.28,53.6925,51.6,75.97,103.18
2014-07-28,99.02,53.74,42.93,72.7,122.65,91.86,15.5,123.06,104.15,117.12,54.0,25.92,133.24,87.15,74.39,25.59,91.46,175.95,81.07,95.17,195.78,34.23,102.11,59.19,40.68,76.19,95.78,145.53,57.97,43.97,33.07,39.2,90.97,30.1,79.26,75.83,39.18,111.89,45.36,47.35,36.36,85.75,100.64,102.66,51.58,53.555,51.6,75.71,103.25
2014-07-29,98.38,53.43,42.75,72.27,123.31,91.71,15.34,122.32,104.69,118.9,54.83,25.71,132.42,86.2,73.98,25.45,92.99,175.54,80.98,93.78,194.57,34.19,101.96,58.64,40.35,75.89,95.82,144.02,58.58,43.885,32.65,39.05,90.14,29.73,78.65,75.31,39.325,111.12,44.86,46.77,36.59,84.27,99.6,98.86,51.97,53.375,51.54,75.44,103.55
2014-07-30,98.15,53.75,42.86,71.89,130.01,90.91,15.58,122.29,103.38,118.18,56.25,25.63,132.53,87.21,73.05,25.64,93.79,175.76,81.76,94.07,194.0,34.35,102.3,58.91,39.62,75.91,95.95,143.74,58.08,43.5785,33.34,39.805,88.91,29.26,78.16,76.04,39.45,110.27,44.38,47.23,36.36,82.95,99.47,99.35,51.76,53.515,52.1,74.78,103.25
2014-07-31,95.6,52.34,42.12,69.2499,127.39,88.0,15.25,120.48,100.75,117.54,54.25,25.23,129.24,85.88,72.13,25.15,91.55,172.87,80.85,91.83,191.67,33.89,100.09,57.67,39.29,74.15,94.56,140.89,56.74,43.16,32.34,38.565,88.1,28.7,77.32,73.72,38.84,108.39,43.29,46.25,35.59,81.05,98.31,97.09,50.42,52.7525,50.9,73.58,98.94
2014-08-01,96.13,52.48,42.39,68.94,125.55,86.93,14.98,120.38,100.52,117.88,54.9,25.0,127.9,85.38,72.2,25.35,91.5,170.25,79.75,91.57,189.15,33.745,99.9,56.48,39.4,75.68,94.3,140.75,57.06,42.86,31.6,39.41,89.69,28.86,79.65,72.55,38.49,107.95,43.32,46.24,35.33,82.27,97.91,97.03,49.83,52.9525,50.35,73.54,98.8
2014-08-04,95.59,53.29,42.39,68.77,128.65,86.93,15.05,119.93,101.81,118.15,54.9,25.165,128.17,87.24,72.2,25.27,92.18,171.69,80.03,91.36,189.64,34.05,100.16,56.65,39.4,75.68,94.31,140.75,57.06,43.37,31.83,38.58,89.69,28.75,79.22,73.26,38.765,109.67,43.1,46.39,35.46,82.27,98.29,97.18,50.21,53.04,50.99,73.54,100.13
2014-08-05,95.12,52.79,41.78,68.97,127.88,86.36,15.0,121.27,101.5,118.05,54.3,24.97,124.96,86.75,70.98,25.02,92.27,169.42,80.03,91.24,187.1,32.82,99.82,56.06,39.18,75.2,93.43,139.78,56.03,43.08,31.41,38.46,89.2,28.41,79.41,72.75,38.395,107.08,42.6,45.99,35.11,80.99,97.96,96.51,49.66,52.635,50.4,73.34,98.2
2014-08-06,94.96,52.05,41.77,68.23,127.09,86.4,15.2,118.34,101.49,119.59,53.89,24.93,125.73,86.59,69.84,25.44,92.79,169.74,80.52,90.56,185.97,32.845,100.71,56.23,39.92,75.36,93.47,139.55,55.93,42.74,31.56,38.57,90.51,28.28,81.09,72.89,38.565,107.57,42.17,46.17,34.62,81.5,97.51,95.73,49.13,52.6725,50.06,74.2,98.98
2014-08-07,94.48,52.43,41.53,67.83,125.75,86.02,15.12,119.84,101.94,117.8,53.75,24.86,125.65,85.51,70.6,25.5,92.05,169.1,80.47,90.96,184.3,32.68,99.93,55.91,39.35,74.06,93.31,139.13,55.64,43.23,31.36,38.175,89.9,28.04,80.14,72.49,38.355,107.01,42.62,45.67,34.21,79.26,97.48,95.05,48.65,52.26,49.7,73.95,98.27
2014-08-08,94.74,52.82,41.69,68.39,126.95,87.47,15.2,120.63,103.28,119.16,54.44,25.03,127.86,86.85,71.75,25.66,92.45,172.26,82.43,92.71,186.63,32.6,101.08,56.34,39.45,75.17,93.55,140.85,56.55,43.2,31.95,38.53,90.29,28.34,80.95,73.88,38.81,108.38,43.53,46.33,34.47,80.12,98.64,95.94,48.7,52.615,50.0,74.67,99.74
2014-08-11,95.99,53.31,42.05,68.97,127.32,86.95,15.22,120.8,104.5,119.18,54.87,25.23,127.71,87.5,71.58,25.79,92.92,172.46,82.88,93.16,187.47,33.02,101.16,56.32,39.57,75.63,93.53,140.58,56.66,43.2,32.08,38.53,91.79,28.25,81.48,74.73,38.935,109.21,43.06,46.5,34.47,79.87,99.57,96.07,48.67,52.645,49.89,74.36,98.73
2014-08-12,95.97,52.84,41.57,68.785,126.32,87.08,15.21,120.47,105.66,119.01,52.75,25.15,127.09,87.21,70.93,25.61,93.36,172.33,82.92,92.91,187.34,33.13,100.63,56.35,39.68,75.63,93.56,140.88,57.03,43.52,32.01,38.365,91.21,28.08,81.42,74.14,38.91,107.87,43.22,46.665,34.64,80.22,100.57,96.41,48.84,52.575,49.78,74.22,98.49
2014-08-13,97.24,53.6,42.16,69.79,127.34,87.4,15.25,121.98,105.16,118.64,52.82,25.2,127.6,87.6,70.93,25.83,93.98,172.37,83.12,94.27,187.95,34.1,101.74,56.72,39.94,76.3,93.96,141.8,57.85,44.08,32.02,38.625,91.74,28.21,81.48,74.5,38.62,107.62,43.07,47.08,34.69,81.51,100.57,96.62,48.92,52.8575,49.99,74.03,99.09
2014-08-14,97.5,54.19,42.33,70.05,131.86,87.27,15.32,124.11,105.66,119.26,53.51,24.54,126.96,88.61,72.08,25.88,96.36,172.73,83.86,94.39,187.88,33.94,102.02,56.98,40.18,76.05,93.66,142.34,58.78,44.27,32.17,38.65,91.79,28.73,81.95,74.76,38.31,105.91,43.43,47.26,34.91,81.82,101.73,96.07,49.0,53.13,50.38,74.39,99.09
2014-08-15,97.98,53.9,42.06,70.07,132.8,86.6,15.22,123.16,105.74,118.57,53.63,24.43,126.1,89.28,72.09,25.64,99.49,171.9,83.69,94.23,187.38,34.17,101.17,56.75,40.88,75.21,93.79,141.92,58.61,44.79,32.22,38.565,91.85,28.64,81.78,74.41,38.455,106.53,43.42,47.56,34.74,81.47,101.99,96.85,48.8,52.5475,50.21,73.9,99.03
2014-08-18,99.16,54.31,42.23,71.06,133.22,87.16,15.45,124.98,106.98,119.46,54.38,24.63,126.3,89.97,72.09,26.07,100.72,174.55,83.59,95.26,189.36,34.41,102.7,57.23,41.35,76.77,94.25,144.12,58.42,45.11,32.61,39.275,92.15,28.84,82.44,75.03,38.795,108.14,43.38,47.56,34.65,82.34,103.79,97.62,48.78,53.58,50.69,74.49,99.52
2014-08-19,100.53,55.29,42.54,72.05,133.02,88.12,15.45,125.58,107.3,120.61,54.96,24.64,127.63,90.09,72.88,26.05,101.28,173.96,88.23,94.72,190.07,34.34,102.96,57.56,41.26,76.4,94.45,144.25,58.91,45.33,32.53,39.255,91.86,28.94,82.69,75.13,39.06,109.42,43.8,47.69,34.48,83.47,104.39,97.97,48.7,53.75,50.86,74.88,99.49
2014-08-20,100.57,55.06,42.14,71.02,132.68,88.49,15.52,127.35,107.7,120.91,55.39,24.71,127.49,89.84,72.76,26.36,100.79,174.03,90.75,95.77,190.1,34.5,103.21,57.64,41.25,76.39,94.19,144.6,59.48,44.95,32.54,39.455,92.23,28.89,82.81,76.439,39.015,109.85,43.81,47.88,34.53,83.43,105.57,98.8,48.82,54.05,50.85,74.96,99.7
2014-08-21,100.58,54.96,42.32,71.73,132.53,89.14,16.16,127.5,107.97,121.62,55.71,24.89,127.93,90.38,73.04,26.43,102.27,175.15,91.15,95.94,191.23,35.15,104.19,58.5,41.41,76.99,94.53,144.5,58.85,45.22,33.03,39.47,92.05,28.82,83.28,76.77,38.735,109.44,43.89,48.17,34.64,83.77,105.86,98.41,48.87,53.9375,51.29,75.55,99.28
2014-08-22,101.32,55.2,42.11,72.04,132.82,88.88,16.13,127.46,107.31,121.29,59.8,24.65,127.11,90.49,72.87,26.15,103.96,175.47,91.03,95.56,190.41,34.94,103.1,58.49,41.12,76.48,94.45,144.13,59.17,45.15,33.47,39.645,91.6,28.92,83.39,76.82,38.64,109.03,43.68,48.02,34.5,83.78,105.77,97.77,48.64,54.0225,51.18,75.73,98.5
2014-08-25,101.54,55.87,42.49,71.82,134.79,89.59,16.29,128.33,107.97,121.39,59.23,24.7,127.84,90.38,72.98,26.2,107.45,177.87,91.2,95.81,191.16,34.81,103.23,59.34,41.41,75.94,94.44,144.7,59.73,45.17,34.2,40.005,92.75,28.91,83.54,76.59,38.985,110.22,43.9,47.37,34.51,84.24,105.64,97.9,49.15,54.005,51.45,75.69,98.75
2014-08-26,100.889,55.75,42.76,71.53,137.27,89.15,16.33,128.6,108.06,121.09,59.64,24.81,128.25,90.02,72.32,26.01,106.27,177.9,91.63,95.51,192.99,34.8,103.44,59.74,41.6,77.0,94.11,144.6,60.2,45.005,34.4,39.74,92.6,29.4,83.38,77.01,38.895,111.02,43.54,47.49,34.5,85.12,105.56,97.42,49.25,54.1825,51.56,75.52,99.64
2014-08-27,102.13,55.7,42.6,71.55,137.83,89.24,16.2,128.2,108.55,121.24,59.58,24.8,128.64,90.37,72.93,26.13,107.41,177.81,91.87,95.57,192.25,34.79,103.22,59.59,41.6,76.64,94.65,143.94,60.28,44.87,34.13,39.86,92.23,29.49,83.31,76.97,38.96,111.04,43.83,47.78,34.75,86.38,105.3,97.38,49.43,54.2825,51.34,75.85,99.53
2014-08-28,102.25,55.6,42.35,71.37,138.69,89.02,16.01,127.11,108.65,120.97,58.29,24.85,128.75,90.94,73.31,26.01,107.51,177.65,92.51,95.3,192.0,34.65,102.95,59.16,41.63,76.16,94.14,143.98,60.0,44.88,34.06,39.41,92.58,29.38,83.03,76.34,38.905,110.16,44.23,48.02,34.74,86.34,105.04,97.44,49.41,53.65,51.15,75.9,99.57
2014-08-29,102.5,55.28,42.24,71.9,139.38,89.55,16.09,126.8,109.07,121.08,59.09,24.99,129.45,89.88,73.99,25.98,107.56,179.11,93.5,95.23,192.3,34.92,103.73,59.45,41.72,75.81,93.72,144.0,60.11,45.43,34.31,39.275,92.49,29.39,83.11,76.1,38.905,109.64,44.4,48.18,34.96,86.68,105.27,97.33,49.82,53.13,51.44,75.5,99.46
2014-09-02,103.3,55.07,42.23,72.1,137.96,89.72,16.27,125.48,108.92,121.56,59.85,24.88,127.54,90.8,73.45,25.85,109.36,179.77,91.15,95.5,191.56,34.57,103.36,59.67,41.64,75.58,92.8,144.22,59.79,45.09,34.55,39.64,92.48,29.26,82.98,75.06,38.74,108.06,43.8,47.905,34.84,86.39,106.21,97.95,49.77,53.6825,51.57,75.75,98.49
2014-09-03,98.94,55.51,42.76,72.43,138.58,90.14,16.1,125.94,108.46,121.35,59.03,25.04,127.86,90.94,73.86,25.95,109.43,179.6,89.0,95.46,191.95,34.57,103.76,59.7,41.78,75.94,93.14,143.82,60.48,44.96,34.56,39.41,92.75,29.4,82.9,74.89,38.395,108.17,44.18,48.35,34.97,86.79,106.6,97.97,49.88,53.725,51.55,76.01,99.11
2014-09-04,98.12,55.54,42.9,72.455,138.01,89.65,16.11,125.46,108.82,125.15,59.08,24.91,126.8,90.14,74.02,25.96,106.86,180.08,89.93,94.99,190.68,34.905,103.84,59.71,41.87,76.38,93.01,143.61,60.08,45.26,34.7,39.96,91.85,29.37,83.7,75.11,38.58,105.64,44.16,48.25,34.94,87.06,107.25,98.47,49.72,53.565,51.57,76.56,98.36
2014-09-05,98.97,55.94,42.95,73.13,137.88,89.61,16.02,124.69,108.54,127.01,59.81,25.0,127.4,90.94,74.9,26.1,105.36,179.75,91.61,95.61,191.2,35.0,104.42,59.91,41.84,76.86,93.07,144.2,61.18,45.91,34.63,41.02,91.75,29.65,83.77,75.81,38.975,106.76,44.79,48.58,35.15,87.75,107.69,98.86,49.94,53.5525,51.65,77.51,99.26
2014-09-08,98.36,55.57,42.81,73.39,139.27,88.93,16.35,127.98,107.91,126.6,60.36,24.95,126.21,90.56,74.89,26.08,106.53,180.11,90.82,95.24,190.14,35.33,104.05,59.89,41.78,76.23,92.5,144.89,61.05,46.47,34.86,41.2,91.86,29.4,83.32,75.9,38.835,104.49,44.56,48.49,35.01,87.91,107.46,98.42,49.53,53.9425,51.47,76.53,97.77
2014-09-09,97.99,56.95,42.83,72.42,137.39,87.9,16.14,128.21,107.4,126.11,59.66,24.86,125.18,89.6,73.79,25.9,105.89,177.4,88.93,94.46,189.99,34.91,103.8,59.06,41.94,76.07,91.09,144.46,60.56,46.76,33.91,40.92,91.42,29.23,82.99,75.84,38.56,103.97,43.97,48.28,34.66,88.56,107.47,97.71,48.9,53.57,51.07,76.74,97.39
2014-09-10,101.0,57.19,42.9,72.33,139.19,88.41,16.36,128.22,105.93,126.17,60.7,24.93,124.28,89.52,73.39,25.95,108.22,179.87,89.25,94.74,191.54,35.02,104.99,59.22,42.17,76.65,93.0,144.64,60.76,46.84,34.33,41.235,91.79,29.44,83.64,75.93,38.605,104.27,43.76,47.99,34.7,87.25,107.38,97.62,48.75,54.22,51.52,76.51,96.81
2014-09-11,101.43,57.85,42.56,72.42,138.96,88.42,16.57,127.64,105.59,125.94,61.21,25.18,123.83,89.97,74.46,26.02,106.39,181.0,89.22,94.74,191.72,35.02,104.55,59.76,41.95,75.62,92.96,144.35,60.1,47.0,34.73,40.91,91.65,29.63,83.49,76.11,38.06,104.45,44.06,48.15,34.85,87.08,107.71,97.94,49.01,53.7375,51.59,76.1,97.03
2014-09-12,101.66,57.88,42.55,70.98,137.89,87.64,16.79,126.95,105.02,125.37,59.25,25.16,122.66,89.67,73.06,25.87,103.66,183.17,88.84,94.5,191.28,34.62,104.58,60.03,41.46,75.47,93.34,143.94,59.55,46.695,35.01,40.92,90.87,29.43,83.26,75.33,37.735,102.22,43.36,47.83,34.5,86.18,107.01,98.05,48.4,53.51,51.7,75.77,95.78
2014-09-15,101.63,57.93,42.72,70.27,137.97,87.38,16.74,126.31,104.86,125.71,57.57,25.06,124.24,90.08,73.44,25.92,100.99,183.98,89.38,94.65,191.81,34.54,104.72,59.94,41.5,75.24,93.47,144.48,59.52,46.24,35.21,40.805,91.2,29.92,83.87,75.08,37.46,103.05,43.37,47.59,34.69,86.03,107.04,97.62,48.56,53.66,51.94,75.81,96.29
2014-09-16,100.86,58.6,42.9,70.73,139.33,88.36,16.71,127.32,104.86,126.43,57.61,25.22,124.96,90.27,74.35,26.21,104.76,184.04,90.27,94.86,192.96,34.93,105.88,59.99,41.64,76.59,93.75,144.85,59.99,46.76,35.11,40.6,92.57,30.05,84.08,75.71,37.545,104.96,43.93,47.92,34.95,87.16,107.92,97.96,48.96,54.325,52.31,76.32,97.43
2014-09-17,101.58,59.62,43.38,67.3,140.71,89.07,16.77,127.76,103.99,126.01,57.45,25.205,124.72,90.33,74.3,26.27,103.84,184.82,91.22,95.54,192.8,34.98,106.19,60.31,41.61,76.22,93.53,145.37,59.88,46.52,35.56,40.755,92.85,30.35,84.16,75.83,37.67,103.31,43.57,48.37,35.02,86.99,109.58,99.39,49.21,53.8825,52.51,76.24,97.08
2014-09-18,101.79,59.45,43.69,67.91,142.02,90.1,17.04,128.58,104.34,126.48,57.66,25.22,124.14,90.34,73.48,26.21,105.93,187.89,92.09,96.39,193.75,35.17,107.35,61.32,41.79,77.8,93.48,146.84,60.31,46.68,36.13,40.985,93.37,30.58,84.19,76.44,37.865,104.47,43.28,48.98,35.16,87.63,109.4,99.63,49.69,54.11,53.24,76.22,96.61
2014-09-19,100.96,59.06,43.59,66.94,144.01,89.7,16.95,129.35,102.51,126.5,58.24,25.2,124.8,90.49,74.38,26.29,105.96,186.2,92.34,96.5,194.0,34.82,107.99,61.11,42.05,77.28,94.36,146.69,60.49,47.52,35.76,40.905,93.79,30.4,84.47,75.53,38.035,103.21,43.69,48.75,35.47,87.8,109.36,99.44,50.35,54.0625,53.36,76.84,97.12
2014-09-22,101.06,58.71,43.4,67.2,142.18,88.99,17.03,128.61,100.9,125.83,57.32,24.97,123.49,89.29,73.87,26.08,105.47,185.29,91.89,94.7,193.11,34.71,107.88,60.91,42.22,76.16,93.93,145.71,60.58,47.06,35.18,40.355,93.58,30.18,84.81,76.29,37.3,101.72,43.47,48.66,35.5,87.77,108.5,98.14,50.18,53.47,52.9,76.31,96.54
2014-09-23,102.64,57.56,42.5,67.79,140.68,88.31,17.05,127.38,99.99,125.51,56.81,24.7,123.06,88.31,73.67,26.02,105.39,185.09,91.49,93.39,191.62,34.42,107.46,60.94,41.89,75.51,93.51,144.37,60.28,46.56,35.02,40.06,92.93,30.05,84.44,75.83,36.9775,102.09,43.4,48.655,35.26,86.59,107.8,97.32,49.91,53.115,52.1,75.6,96.03
2014-09-24,101.75,59.05,42.63,69.03,142.24,88.52,17.18,128.58,101.2,127.62,57.66,24.98,122.4,89.45,73.71,25.93,108.71,187.81,93.02,93.83,192.31,34.75,108.64,61.63,42.27,77.05,95.0,144.88,60.36,47.08,34.98,40.42,93.5,30.31,85.24,76.24,37.66,102.07,43.45,48.81,35.4,88.21,108.69,98.08,50.07,53.6025,52.13,77.08,95.82
2014-09-25,97.87,58.0,42.0,67.71,139.85,86.76,16.85,127.14,99.51,125.66,55.92,24.54,120.68,88.07,73.96,25.55,107.34,184.09,91.9,92.4,189.01,34.14,107.1,60.15,41.78,74.72,94.16,142.48,59.64,46.04,34.22,39.875,92.67,29.98,84.33,74.81,37.06,101.01,43.33,48.14,35.08,86.18,107.19,96.53,49.61,52.6775,51.41,76.12,94.25
2014-09-26,100.75,59.19,42.01,68.355,141.06,88.37,17.03,128.69,100.38,125.54,56.56,25.0,121.47,88.74,74.08,25.63,108.38,185.12,92.84,93.3,190.06,34.26,107.1,60.56,42.2,75.06,94.7,142.42,59.39,46.41,34.65,44.75,93.13,29.72,84.58,75.06,37.585,103.46,43.45,48.33,35.28,86.6,108.58,97.48,49.77,52.985,51.87,76.49,95.43
2014-09-29,100.11,58.52,41.9,69.22,140.07,87.95,17.01,128.77,99.83,125.32,57.23,25.12,120.55,88.83,74.19,25.42,107.51,183.83,92.88,93.53,189.64,34.9,106.54,60.33,42.25,74.52,96.22,142.19,59.41,46.44,34.5,44.56,93.15,29.77,84.44,74.82,37.635,103.28,43.63,48.26,35.23,86.51,108.53,97.34,49.75,52.7325,51.69,76.08,94.43
2014-09-30,100.75,57.76,41.59,69.19,140.46,87.54,17.05,127.38,99.03,125.32,57.53,25.17,119.32,89.03,74.77,25.62,106.45,183.57,91.74,93.12,187.17,34.82,106.59,60.24,42.66,73.92,94.81,141.68,59.28,46.36,34.57,44.6,93.09,29.57,83.74,74.77,37.73,101.69,43.65,47.69,35.24,86.25,108.42,98.29,49.99,53.3425,51.87,76.47,94.05
2014-10-01,99.18,57.23,41.18,67.54,138.82,85.81,16.82,124.67,97.61,124.76,56.73,25.03,117.65,87.49,75.3,25.16,105.59,180.7,91.02,91.66,187.17,33.99,104.3,59.77,42.74,73.32,94.19,139.18,58.71,45.9,33.96,43.85,92.65,29.15,83.14,73.88,37.305,98.85,44.09,46.88,34.96,84.88,105.8,96.92,49.43,52.5025,51.26,76.12,92.86
2014-10-02,99.9,56.67,41.21,67.06,137.2,85.87,16.88,124.17,97.41,125.79,56.64,25.06,117.11,86.79,74.99,25.12,104.56,182.88,92.24,91.12,186.91,33.52,103.85,58.84,42.66,73.42,94.12,138.67,58.85,45.76,34.28,44.65,92.58,29.06,83.05,73.655,37.225,97.78,44.13,46.84,34.97,84.9,106.1,97.14,49.29,52.43,51.4,76.23,93.3
2014-10-03,99.62,58.69,41.79,68.4,139.15,87.16,17.29,126.36,97.39,127.09,58.46,25.31,117.71,88.45,75.17,25.4,106.52,188.07,93.54,91.71,188.67,34.03,105.13,60.3,43.0,74.33,94.86,140.17,59.9,46.09,35.05,45.145,93.5,29.22,83.79,74.86,37.945,97.9,44.14,46.82,35.36,86.02,109.51,98.79,49.71,52.9975,52.1,77.32,93.92
2014-10-06,99.62,57.81,42.36,67.67,137.61,87.03,17.29,126.26,98.0,126.21,58.3,25.01,118.09,88.56,75.07,25.22,105.13,187.48,93.26,91.95,189.04,34.11,104.86,60.18,43.6,74.51,93.84,140.34,59.58,46.09,34.99,44.61,93.37,29.17,83.57,74.725,37.5725,98.56,44.07,46.625,35.49,85.09,109.29,98.56,50.08,52.9475,52.03,77.35,94.52
2014-10-07,98.75,56.65,41.46,65.96,136.03,85.35,16.88,123.32,94.7,125.27,56.91,24.635,116.02,87.11,75.21,24.81,104.29,183.8,92.47,89.79,185.71,33.47,102.39,59.27,43.92,72.94,92.81,137.68,58.46,45.53,34.02,44.035,93.1,28.79,83.16,73.51,37.025,98.23,44.14,46.01,35.33,84.19,106.37,96.43,49.68,52.0125,51.08,77.3,93.37
2014-10-08,100.8,58.34,42.14,67.99,140.07,87.41,17.12,124.98,96.65,128.73,57.9,24.66,117.95,88.11,77.05,25.25,108.87,186.64,94.09,91.45,189.36,34.27,104.91,60.4,44.55,74.06,93.83,141.41,60.18,46.78,34.5,44.415,93.94,29.38,84.18,75.19,37.63,98.44,45.04,46.94,35.15,86.62,108.02,98.14,49.87,53.09,52.15,78.24,94.61
2014-10-09,101.02,56.72,41.63,65.66,137.58,85.89,16.59,122.76,93.5,128.41,57.13,24.19,114.51,85.71,76.39,24.78,105.85,181.27,93.07,89.77,186.42,33.62,102.08,59.08,43.87,71.83,92.72,138.64,59.21,45.85,33.3,43.615,93.57,28.99,83.66,74.08,37.24,94.92,44.83,46.02,34.66,84.94,105.34,96.53,48.93,51.9275,51.12,77.86,91.82
2014-10-10,100.73,54.97,41.54,63.29,137.39,84.99,16.48,121.5,93.13,128.9,54.77,23.34,113.89,86.27,76.83,24.27,103.73,180.38,92.55,87.9,185.93,31.91,101.23,58.52,44.47,70.5,92.3,133.83,58.66,44.03,32.94,43.595,94.65,29.13,84.69,71.22,37.23,93.07,45.11,42.74,34.25,85.39,101.34,95.78,48.94,51.245,50.64,78.29,91.6
2014-10-13,99.81,53.62,40.92,61.68,133.56,82.78,16.4,120.45,91.68,126.97,53.23,22.93,112.03,83.91,77.41,23.95,101.44,178.77,90.6,85.66,183.52,31.47,99.12,58.16,44.07,69.78,90.73,132.9,56.14,43.65,32.85,42.695,93.94,28.47,83.37,70.71,36.095,90.93,45.85,41.93,33.82,83.95,98.08,94.67,48.37,51.07,50.2,77.56,90.84
2014-10-14,98.75,54.13,41.06,60.88,132.2,82.74,16.52,122.29,92.8,126.25,52.72,23.055,109.78,84.14,78.87,24.1,97.18,178.7,90.1,86.19,183.8,32.14,97.01,57.99,43.64,71.0,91.1,134.18,56.33,43.73,33.01,42.545,93.01,28.46,83.55,71.86,36.37,88.96,46.9,42.31,33.84,82.82,100.16,95.8,48.22,50.68,48.83,77.98,90.55
2014-10-15,97.54,54.63,40.01,62.19,130.9,80.93,15.76,120.19,92.59,124.3,53.09,22.96,109.27,82.08,78.9,24.28,96.16,177.24,87.85,85.11,181.75,31.275,98.21,55.53,43.23,71.3,90.44,134.22,54.73,43.22,32.61,42.59,91.77,28.19,82.95,71.2,36.19,89.21,46.85,42.76,33.87,82.16,99.7,96.45,47.92,50.0625,47.85,75.2,90.22
2014-10-16,96.26,52.9,39.99,62.86,130.45,80.24,16.08,120.29,93.24,122.95,53.87,22.82,111.06,81.74,78.17,24.25,96.88,172.58,88.88,86.39,179.84,30.85,96.78,55.08,42.56,70.86,89.91,135.05,53.43,42.74,32.53,43.52,90.79,27.7,82.24,71.14,36.32,90.64,46.37,43.59,33.64,85.39,104.03,95.63,47.67,50.75,48.13,73.82,90.6
2014-10-17,97.67,53.37,40.86,64.52,133.69,82.58,16.21,123.24,95.05,124.65,55.63,23.25,111.8,83.83,78.43,24.82,100.75,176.91,90.24,90.06,182.05,31.38,98.7,56.2,42.88,71.56,91.04,137.4,54.02,43.63,33.22,43.59,91.51,27.83,83.27,72.43,36.77,93.97,46.22,43.67,34.08,88.18,106.4,97.26,48.07,51.5,48.69,74.1,91.21
2014-10-20,99.76,54.41,41.46,64.68,137.51,84.01,16.26,124.31,94.03,128.42,56.03,22.93,111.49,85.52,79.5,25.03,102.21,177.84,91.85,90.0,169.1,31.58,99.2,56.63,43.29,72.04,91.59,137.6,54.05,44.08,33.32,44.45,93.55,27.93,84.18,73.27,37.35,94.6,46.78,44.41,34.28,88.54,106.16,98.08,48.48,51.9625,49.18,75.14,91.77
2014-10-21,102.47,56.29,42.39,66.425,144.09,85.64,16.6,127.12,95.89,130.28,57.24,23.51,115.09,87.54,79.08,25.45,106.67,180.18,94.2,92.92,163.23,32.61,100.36,57.93,40.68,74.16,91.01,140.93,55.13,44.88,34.06,45.32,93.73,28.28,84.61,74.995,37.18,97.75,46.93,46.77,34.62,90.95,108.86,100.75,48.69,53.3275,50.45,76.02,93.65
2014-10-22,102.99,56.9,41.59,65.04,143.64,83.96,16.4,121.45,94.57,130.54,56.25,23.26,114.0,87.1,80.16,25.19,106.09,176.83,93.34,91.16,161.79,32.27,101.22,57.45,40.62,73.22,90.94,138.95,55.51,44.38,33.43,44.93,94.46,28.3,84.23,74.3,37.3,95.99,47.19,46.62,34.5,89.77,106.86,99.06,48.31,52.73,50.17,76.03,93.13
2014-10-23,104.83,59.52,42.43,65.92,147.25,85.61,16.6,122.03,99.27,130.59,57.88,23.565,116.19,87.99,80.07,25.44,107.18,180.06,94.8,93.58,162.18,32.69,102.63,58.06,40.86,74.09,91.02,145.05,56.63,45.02,33.96,45.185,93.76,28.6,83.23,75.14,37.42,98.26,47.21,47.0,33.66,90.66,112.23,100.48,48.22,53.57,50.6,76.25,94.11
2014-10-24,105.22,60.29,42.46,67.01,147.26,86.4,16.72,122.24,99.44,130.44,59.57,23.78,115.91,88.61,80.3,25.64,110.71,183.35,94.99,94.7,162.08,33.18,103.13,58.74,41.03,74.0,91.67,148.59,57.61,46.13,34.32,45.45,94.6,29.11,85.16,76.0,37.905,97.24,47.41,47.57,33.87,91.64,114.58,100.59,48.77,53.37,51.2,76.38,94.49
2014-10-27,105.11,60.49,42.24,67.03,148.2,86.63,16.59,122.12,98.54,130.92,59.11,23.76,115.02,88.45,80.61,25.52,112.59,183.91,95.47,93.7,161.87,33.2,104.07,58.64,40.76,74.11,92.01,149.56,56.45,45.91,33.96,45.82,94.62,29.03,85.95,75.84,37.985,93.52,47.38,47.95,34.11,92.13,114.79,102.25,49.42,53.3525,51.31,76.59,93.71
2014-10-28,106.74,60.93,42.5,68.37,157.19,88.01,16.8,123.61,101.16,131.06,61.53,24.065,117.13,89.93,80.72,25.88,113.45,186.32,96.59,95.17,163.6,33.74,104.79,59.63,40.56,76.0,92.6,151.06,55.85,46.49,34.36,46.225,95.26,29.09,86.47,76.57,38.525,96.51,47.37,48.5,34.33,92.64,116.18,102.9,49.96,54.1775,51.78,76.35,95.1
2014-10-29,107.34,59.98,43.66,67.93,158.88,88.34,16.99,123.08,100.19,131.93,60.97,24.1,117.14,89.53,80.27,25.66,110.72,186.08,96.42,95.05,163.46,33.92,105.56,59.29,42.31,75.99,92.73,151.01,56.2,46.62,34.39,45.975,94.69,30.04,86.54,76.89,38.27,97.41,46.42,48.33,34.4,95.8,114.97,102.62,49.83,53.665,52.17,76.39,94.59
2014-10-30,106.98,61.18,43.49,68.57,161.58,88.74,17.03,123.82,102.99,133.0,61.72,24.08,117.2,90.22,79.85,25.67,114.22,190.18,97.52,95.59,164.35,32.58,107.04,59.39,41.4,83.13,93.38,152.1,57.31,46.05,34.52,46.5,97.16,29.84,86.94,77.37,38.66,97.62,47.1,47.53,34.51,93.88,115.0,103.29,49.9,59.1625,53.54,76.45,94.45
2014-10-31,108.0,63.46,43.59,70.12,162.18,89.95,17.16,124.91,101.41,133.37,63.99,24.47,119.95,91.38,82.15,25.81,112.0,189.99,97.52,96.12,164.4,34.01,107.78,60.48,41.88,83.75,93.73,153.77,57.94,46.95,34.95,46.485,96.17,29.95,87.27,78.51,37.78,98.66,46.36,49.66,34.84,95.01,116.45,104.91,50.25,60.3575,53.09,76.27,96.71
2014-11-03,109.4,63.25,43.29,69.91,161.56,90.85,17.27,126.03,100.22,134.27,63.59,24.58,116.78,91.71,82.38,25.7,109.98,190.83,96.09,95.66,164.36,34.31,107.46,60.88,41.81,84.13,93.61,153.3,58.92,47.44,34.71,46.725,95.83,30.19,87.38,78.24,38.05,96.52,46.77,50.08,34.84,94.86,115.26,105.64,50.39,60.385,53.37,76.28,95.26
2014-11-04,108.6,62.66,43.61,71.07,160.41,91.38,17.21,125.84,98.61,136.55,63.57,24.88,115.37,90.35,82.23,25.7,109.72,190.27,95.96,95.29,162.65,34.54,108.62,60.25,41.82,83.99,94.47,155.05,59.37,47.57,34.66,46.975,96.73,30.28,88.64,77.11,38.355,94.16,46.94,50.4,34.79,94.98,115.28,107.08,50.33,60.7425,53.27,77.26,94.52
2014-11-05,108.86,62.54,43.66,71.37,158.94,92.42,17.34,124.22,99.41,136.5,61.91,25.15,117.05,91.0,83.5,25.82,106.05,189.84,95.78,96.71,161.82,33.76,108.82,61.15,42.31,85.99,94.64,155.69,59.57,47.86,34.9,47.34,96.89,30.04,89.0,77.2,38.33,96.64,47.96,51.13,34.92,95.8,116.41,107.54,50.34,62.3825,53.53,77.7,95.07
2014-11-06,108.7,62.71,43.69,72.1,160.35,91.58,17.36,124.58,100.91,137.09,63.09,25.26,118.53,92.0,81.17,26.36,106.94,191.0,97.29,96.71,161.46,33.82,109.01,61.23,42.29,85.75,94.66,156.05,59.26,48.7,35.31,47.3,96.81,30.04,88.9,70.58,38.725,96.98,47.01,50.905,34.72,96.21,118.94,108.29,50.28,62.5225,54.06,77.81,96.26
2014-11-07,109.01,61.5,43.37,71.6,160.25,92.26,17.36,124.45,101.76,137.71,63.97,25.33,118.8,90.0,82.08,26.41,106.45,190.71,97.65,96.77,162.07,33.58,108.2,61.47,42.32,84.8,95.1,156.55,59.34,48.68,35.66,46.89,96.8,29.92,89.13,69.26,38.895,98.73,47.13,50.9,34.91,93.61,118.75,108.33,50.86,63.1075,53.84,78.77,96.59
2014-11-10,108.83,63.79,44.09,71.7,163.09,92.4,17.37,124.64,102.21,137.69,64.45,25.15,117.92,89.78,82.81,26.47,107.02,191.8,98.16,97.27,163.49,33.26,108.82,61.93,42.39,84.85,95.11,157.66,58.81,48.89,35.88,47.48,96.97,30.2,89.45,69.36,38.825,98.29,47.59,51.56,35.12,94.75,120.9,109.05,50.72,62.5525,53.83,79.44,96.28
2014-11-11,109.7,63.85,44.25,71.7,162.42,91.74,17.32,125.36,102.53,137.05,64.06,25.15,118.44,89.98,82.66,26.38,108.01,191.88,98.14,96.98,163.3,33.31,108.91,61.37,42.51,84.59,95.14,157.11,59.37,48.87,35.79,47.44,96.7,30.32,89.67,69.64,38.865,98.36,47.58,51.315,35.1,95.69,121.24,108.76,50.61,62.4325,53.58,79.01,96.41
2014-11-12,111.25,63.76,44.23,71.41,161.93,91.55,17.29,125.87,102.99,136.9,63.77,25.11,117.65,89.9,79.85,26.52,106.9,190.18,98.49,97.01,161.92,33.38,108.75,60.56,42.71,84.35,95.33,157.68,59.31,48.78,35.97,47.905,97.16,30.42,89.48,70.29,38.925,97.43,47.1,51.28,35.4,95.68,120.71,108.62,50.82,62.9875,53.54,79.2,95.38
2014-11-13,112.82,63.63,44.59,71.72,160.85,91.07,17.22,128.53,101.11,138.71,63.16,25.68,116.45,90.49,78.99,26.42,104.2,190.24,99.0,97.06,162.79,33.68,109.07,60.23,42.79,84.2,95.48,158.35,59.54,49.61,35.84,48.06,98.54,30.42,88.6,70.65,38.945,94.85,46.94,51.18,35.61,95.9,120.25,107.79,51.2,62.73,53.39,82.94,94.66
2014-11-14,114.18,64.0,43.81,71.42,157.68,90.67,17.14,128.86,101.34,138.48,63.91,26.32,116.32,90.8,79.11,26.46,102.06,189.98,98.24,96.79,164.16,33.95,108.16,60.28,42.73,84.05,96.21,158.85,59.07,49.58,35.69,47.75,97.72,30.34,88.11,70.85,39.06,95.32,46.64,51.63,35.9,95.11,120.71,106.83,51.5,62.21,53.35,82.96,95.09
2014-11-17,113.99,65.04,43.71,69.97,159.14,90.13,17.09,128.42,101.7,138.47,62.51,26.465,115.75,90.41,80.3,26.61,100.44,189.93,98.03,96.53,164.16,34.24,108.3,60.38,42.92,83.2,95.97,158.69,59.46,49.46,35.6,48.03,98.42,30.32,87.84,70.4,38.915,95.63,47.08,51.55,35.85,96.47,120.32,106.47,51.4,62.45,53.44,83.57,95.11
2014-11-18,115.47,66.05,43.7,70.83,162.24,90.58,17.14,130.66,102.04,139.21,62.47,26.595,115.47,90.28,80.31,27.01,103.71,189.64,95.98,96.83,161.89,34.71,108.83,60.53,43.53,83.9,96.41,160.15,59.89,48.74,35.47,48.235,97.94,30.59,87.95,72.01,38.785,95.28,47.25,51.84,35.72,98.19,120.62,106.03,51.22,62.4325,53.27,83.79,94.87
2014-11-19,114.67,65.5,43.43,70.82,162.64,90.5,17.06,131.61,101.3,140.01,61.02,26.59,116.47,89.82,80.38,26.92,102.34,189.19,96.7,96.57,161.43,34.35,108.76,60.6,44.22,84.28,96.56,158.83,59.64,48.22,35.48,48.475,98.41,30.44,88.73,70.47,38.91,95.0,47.27,51.94,35.37,96.86,120.5,105.64,50.49,62.465,53.36,84.99,95.61
2014-11-20,116.31,65.19,43.78,70.44,162.68,90.62,17.0,131.7,102.09,139.25,58.3,26.81,117.31,88.9,80.17,26.85,100.59,189.75,97.57,96.73,160.64,35.95,108.18,60.12,44.25,84.6,96.64,159.36,59.38,48.7,35.39,48.65,98.06,30.44,88.47,70.71,39.1,96.14,47.11,52.23,35.28,96.85,120.91,106.71,50.19,62.9175,53.48,84.58,95.82
2014-11-21,116.47,67.36,43.81,71.32,162.81,90.39,17.12,132.78,106.45,139.72,58.19,26.88,118.58,88.96,79.77,26.99,100.58,189.59,98.28,98.23,160.92,35.59,107.86,60.45,44.5,84.72,96.68,160.16,59.66,47.98,35.53,48.71,98.89,30.45,88.6,71.47,39.88,97.87,47.25,52.56,35.28,96.71,121.85,107.35,50.21,63.555,53.81,84.65,96.81
2014-11-24,118.625,67.78,44.32,71.225,164.18,91.04,17.18,134.61,105.96,139.8,58.09,27.03,117.59,90.58,79.03,27.0,100.6,190.07,98.4,98.27,162.15,36.25,106.88,60.96,44.27,84.99,97.17,159.88,59.25,47.59,35.62,48.975,98.68,30.22,88.11,71.695,40.26,98.45,46.71,52.85,34.7,96.9,122.91,107.26,49.5,63.655,54.1,85.4,95.72
2014-11-25,117.6,68.06,44.16,72.0,162.24,91.4,17.1,134.81,106.24,138.87,59.34,27.28,116.15,91.65,79.15,26.86,101.11,188.86,97.01,98.88,161.76,36.32,106.7,60.3,44.43,86.34,97.0,158.06,59.34,47.47,35.3,48.645,98.93,30.47,88.8,72.27,40.105,95.2,46.47,52.44,34.82,97.9,122.51,107.12,49.34,64.315,53.88,84.95,94.78
2014-11-26,119.0,68.7,44.25,72.98,164.72,91.45,17.11,134.78,105.79,139.75,59.23,27.425,115.11,91.92,79.69,26.87,100.3,188.52,97.7,99.08,161.95,36.9,107.21,60.34,44.29,86.56,96.22,158.31,59.75,47.75,35.12,48.9,99.35,31.1,88.88,72.26,39.85,92.81,46.82,54.33,35.13,98.11,123.31,106.98,50.04,64.315,54.28,84.98,94.48
2014-11-28,118.93,69.2,44.51,73.68,165.31,92.42,17.04,134.36,100.6,142.12,59.87,27.64,108.87,92.51,80.9,26.49,100.32,188.41,99.4,99.07,162.17,37.25,108.25,60.0,44.83,87.29,96.81,160.09,60.4,47.81,35.1,49.645,100.1,31.15,90.43,72.9,40.605,85.95,47.43,54.42,35.38,98.63,116.77,109.92,50.59,64.5475,54.48,87.54,90.54
2014-12-01,115.07,69.11,44.32,73.75,166.41,92.14,16.79,132.39,99.0,141.98,59.08,27.59,111.73,92.7,82.0,26.02,100.55,188.2,98.88,97.4,161.54,37.17,108.03,60.0,44.55,87.46,95.78,158.16,60.52,48.62,35.1,48.845,99.67,31.26,90.08,71.79,40.425,84.84,47.69,54.25,35.06,99.06,114.63,109.79,50.03,64.5375,53.82,86.22,92.35
2014-12-02,114.63,69.27,45.22,73.47,169.28,93.0,17.15,132.28,99.51,143.06,59.25,27.82,114.02,93.47,82.34,26.05,102.19,190.19,98.16,97.86,162.67,37.6,108.51,61.08,44.54,87.69,95.11,160.6,60.78,48.46,35.77,49.02,100.39,31.57,91.07,73.32,40.185,85.22,47.91,54.56,34.29,99.83,118.97,110.41,49.11,65.0025,54.22,86.4,94.19
2014-12-03,115.93,68.5,45.68,73.18,168.07,91.25,17.29,131.97,100.18,142.69,58.88,27.95,113.71,93.11,81.97,26.38,100.88,190.95,98.59,99.97,164.52,37.43,107.72,61.54,43.8,88.32,95.5,162.26,60.58,48.08,36.52,49.25,98.32,31.75,90.0,74.37,40.235,86.76,47.9,55.62,34.0,100.8,120.95,110.9,48.79,65.4,54.39,84.94,94.95
2014-12-04,115.49,69.57,45.49,73.03,166.55,91.83,17.21,131.32,99.67,143.02,58.95,27.77,112.28,93.23,82.35,26.09,101.82,191.95,98.95,99.26,164.05,37.46,107.56,61.38,43.5,88.77,95.66,162.26,60.92,48.84,36.79,49.525,97.75,31.67,90.58,73.34,40.655,87.43,47.91,55.41,33.91,99.67,119.76,110.43,48.78,65.285,54.5,84.76,94.37
2014-12-05,115.0,69.71,45.3,72.4,169.24,92.65,17.68,132.21,98.78,143.25,58.85,27.5,110.87,93.76,80.73,26.01,104.59,195.45,99.64,99.69,163.27,37.67,108.51,62.7,43.53,89.08,96.31,162.27,61.49,48.42,37.24,49.665,97.76,31.99,90.38,73.37,41.785,87.16,47.54,55.58,33.94,100.33,118.61,110.98,48.61,65.8375,55.03,84.12,93.82
2014-12-08,112.4,69.42,45.71,72.05,171.64,93.56,17.66,130.28,95.25,142.33,56.41,27.23,106.8,93.8,81.63,25.69,105.56,196.62,100.43,98.75,161.86,37.2,108.52,62.67,43.14,88.04,92.61,160.93,61.88,47.695,38.0,48.86,97.78,31.97,90.76,72.61,41.9,84.21,48.05,55.08,33.88,99.92,114.94,110.21,48.9,65.775,54.77,84.23,91.7
2014-12-09,114.12,69.14,45.44,71.565,169.39,93.36,17.56,129.66,95.45,143.04,56.14,27.42,107.01,92.94,82.18,25.58,105.905,196.89,99.64,99.32,162.99,36.89,108.05,62.45,42.04,87.84,91.36,160.83,60.01,47.59,38.1,48.515,97.13,31.95,90.71,73.005,41.515,85.47,48.14,55.01,32.89,101.02,116.06,110.03,46.92,66.035,54.83,83.56,91.38
2014-12-10,111.95,67.58,44.37,69.85,165.39,92.75,17.38,124.64,93.02,140.25,55.32,26.87,104.86,91.63,82.25,25.27,104.84,192.0,98.94,97.5,160.51,36.42,106.24,60.68,41.6,86.33,90.0,158.24,59.98,46.9,37.39,48.83,96.18,31.86,90.0,71.5,41.33,83.17,47.92,54.095,32.49,99.09,113.69,110.06,46.18,65.43,54.26,82.98,88.67
2014-12-11,111.62,67.03,44.46,69.74,166.08,93.13,17.47,123.37,92.69,141.41,55.48,26.99,104.91,91.75,82.89,25.41,104.31,193.54,100.27,97.89,161.07,36.7,106.72,61.14,41.53,87.69,90.97,159.15,59.34,47.17,37.4,48.465,96.29,31.65,90.41,71.99,41.56,83.01,48.4,54.485,32.71,99.73,114.35,110.63,46.36,65.78,54.43,83.83,89.2
2014-12-12,109.73,65.27,43.69,76.02,164.53,91.0,17.13,120.77,90.5,137.88,55.07,26.855,102.38,91.49,82.69,24.89,104.13,188.82,99.78,95.88,155.38,36.225,104.43,60.04,40.91,84.13,90.62,157.12,57.72,46.95,36.25,48.085,94.74,30.95,89.55,70.585,41.625,80.0,47.92,53.11,32.16,98.76,112.55,110.0,45.58,64.195,53.7,83.81,86.6
2014-12-15,108.225,65.62,43.46,73.04,159.6,90.04,16.85,122.08,89.75,138.19,55.41,26.68,100.86,90.9,81.14,24.59,103.16,185.54,100.05,95.81,153.06,35.92,103.96,59.16,40.57,84.61,88.46,156.85,56.95,46.67,35.93,47.715,94.14,30.86,89.2,70.37,40.445,79.9,47.85,53.065,32.25,98.27,112.34,110.75,45.42,64.175,53.19,83.94,86.9
2014-12-16,106.745,65.25,43.4,72.32,159.44,88.24,16.72,124.25,89.34,137.31,53.79,26.585,101.7,90.17,80.62,24.49,100.46,183.31,97.06,96.38,151.41,35.56,102.76,58.43,40.39,82.64,88.72,159.05,56.8,45.16,35.52,46.605,92.59,30.67,89.36,70.31,39.565,80.19,47.76,52.47,32.14,95.85,112.2,109.83,45.53,63.3525,52.77,82.96,86.41
2014-12-17,109.41,66.57,44.26,73.995,163.48,90.44,17.26,125.06,89.75,139.33,57.0,26.81,106.02,91.38,81.37,24.66,102.4,185.03,98.94,97.66,151.93,36.24,104.07,59.77,41.55,84.73,91.65,160.6,57.63,45.74,36.73,47.25,93.72,31.12,90.7,72.21,40.2175,82.88,48.3,53.5,32.67,99.14,114.92,108.55,46.44,64.77,53.79,84.23,89.02
2014-12-18,112.65,67.92,45.77,74.89,168.48,93.17,17.53,125.67,91.69,141.56,59.33,27.65,109.03,92.61,83.01,25.14,105.54,191.61,100.67,100.63,157.68,37.02,106.81,61.48,42.39,86.92,93.67,165.3,58.98,47.52,38.1,48.54,95.36,31.97,92.0,73.36,40.015,84.23,49.0,54.47,33.51,102.24,118.87,110.93,47.05,66.04,55.21,85.94,91.16
2014-12-19,111.78,67.71,46.05,74.45,170.17,92.9,17.62,126.23,91.71,141.77,59.86,27.77,112.93,92.89,82.85,25.62,108.45,193.28,101.93,101.16,158.51,36.37,105.55,61.93,41.95,86.44,93.22,165.48,59.58,47.66,38.51,47.42,95.44,31.94,92.05,73.43,39.72,87.52,49.02,54.23,33.54,102.49,118.47,110.96,47.02,65.4175,54.45,85.16,93.64
2014-12-22,112.94,66.97,46.37,74.5,164.53,93.62,17.71,128.22,92.32,143.21,59.86,28.22,112.03,94.2,83.61,25.71,92.9,194.44,103.5,101.21,161.44,37.21,106.74,61.94,42.35,86.83,93.89,167.27,58.96,47.98,38.57,47.965,96.62,32.09,92.6,74.56,40.27,86.75,49.36,54.82,33.85,103.04,120.41,112.0,47.51,66.0525,54.97,86.38,93.33
2014-12-23,112.54,64.35,45.72,74.38,157.52,93.82,17.93,130.03,93.5,144.15,60.5,28.25,113.95,94.69,83.68,25.88,89.45,195.5,103.76,101.98,162.24,37.43,104.28,62.48,42.97,87.63,94.22,166.87,57.21,48.45,38.95,47.985,97.36,31.45,93.29,74.6,40.715,87.32,49.17,54.78,34.03,102.85,120.68,112.45,47.67,66.315,55.47,86.66,94.59
2014-12-24,112.01,66.21,45.7,74.74,160.67,94.08,17.98,131.24,93.72,143.65,60.33,28.3,113.47,94.42,84.97,25.83,91.29,195.89,103.56,101.96,161.82,37.44,104.59,62.48,42.94,87.77,93.83,166.96,57.46,48.14,38.81,48.145,97.09,31.42,93.14,74.66,40.635,87.06,49.91,54.86,33.96,102.68,120.3,112.41,47.67,66.9075,55.34,86.43,93.78
2014-12-26,113.99,66.98,45.85,74.67,163.46,94.29,17.98,131.63,94.23,143.44,60.8,28.35,113.25,95.03,85.81,25.78,93.79,195.45,103.75,101.63,162.34,37.55,105.06,62.55,42.96,87.77,94.78,166.26,57.78,47.88,38.72,48.415,97.05,31.65,93.46,75.62,40.915,87.13,50.47,54.745,34.17,102.55,120.39,111.93,47.86,66.655,55.28,86.91,93.21
2014-12-29,113.91,67.14,45.6,74.13,162.85,94.27,18.11,132.29,93.71,143.34,60.35,28.46,113.32,95.5,86.83,25.7,97.3,196.19,104.53,101.67,160.51,37.18,105.33,62.96,42.86,87.68,95.04,166.71,57.73,47.45,38.96,48.65,96.73,31.39,92.64,74.985,41.19,87.35,50.88,54.455,34.11,102.33,120.7,112.45,47.55,66.3575,55.71,86.64,93.07
2014-12-30,112.52,66.3,45.69,73.085,160.63,94.27,18.13,131.83,92.59,143.49,59.43,28.36,113.11,94.7,84.7,25.57,95.275,195.71,104.27,100.72,160.05,36.76,105.36,63.15,42.76,86.97,94.25,165.84,57.65,47.02,39.0,48.44,95.96,31.38,92.4,75.02,40.895,86.44,49.77,53.93,34.08,102.85,120.25,112.14,47.33,66.1375,55.42,86.79,93.02
2014-12-31,110.38,65.44,45.02,72.7,159.29,93.04,17.89,129.98,91.53,141.75,59.31,27.815,112.18,94.19,83.54,25.27,94.26,193.83,104.97,99.92,160.44,36.29,104.57,62.58,42.22,86.16,93.7,164.32,56.79,46.45,38.8,48.075,94.56,31.15,91.09,74.33,41.025,85.41,49.11,53.465,33.59,101.09,119.13,111.17,46.78,65.55,54.82,85.88,92.45
2015-01-02,109.33,65.89,44.9,72.34,159.89,93.02,17.9,129.95,91.88,141.61,59.24,27.61,112.58,93.75,84.05,25.06,94.91,194.41,103.43,100.23,162.06,36.36,104.52,62.49,42.14,85.68,93.26,164.06,57.19,46.76,38.71,47.515,94.44,31.33,90.44,74.28,40.72,85.67,49.37,53.48,33.87,100.78,118.61,110.38,46.96,66.255,54.7,85.9,92.83
2015-01-05,106.25,64.65,44.91,71.98,157.99,90.56,17.38,129.05,87.03,140.0,58.17,27.06,108.08,92.38,82.84,24.6,96.785,188.34,101.26,98.32,159.51,35.95,103.79,60.55,42.14,83.27,92.23,160.36,58.04,46.325,37.5,46.75,93.73,31.16,90.01,73.93,39.94,83.35,49.16,52.645,33.55,99.12,114.6,108.17,46.57,64.7925,53.2,85.65,90.29
2015-01-06,106.26,64.33,44.4,70.53,152.9,88.63,16.86,127.53,86.47,141.85,57.2,27.05,108.03,91.89,84.2,24.07,97.65,184.53,100.95,98.09,156.07,35.28,103.28,58.98,42.46,83.09,92.4,158.65,60.32,45.65,36.42,46.475,93.02,31.42,89.6,72.88,39.615,81.72,49.75,51.78,33.6,98.92,112.23,107.46,47.04,64.375,52.09,86.31,89.81
2015-01-07,107.75,66.93,44.76,71.11,158.24,90.3,16.94,129.51,87.81,144.32,56.93,27.3,107.94,92.83,84.47,24.08,99.48,187.28,104.41,98.8,155.05,36.02,105.56,59.07,42.99,84.22,94.01,159.8,61.61,46.23,36.94,47.435,95.74,31.85,90.07,73.73,40.59,81.71,50.3,52.71,33.17,99.93,112.85,108.46,46.19,65.2375,52.4,88.6,90.72
2015-01-08,111.89,67.63,45.68,72.915,157.67,91.58,17.29,131.8,88.71,145.56,58.59,27.51,110.41,93.79,84.81,24.37,102.3,190.27,106.72,100.6,158.42,36.69,106.39,60.39,43.51,85.53,94.36,163.63,62.85,47.59,37.49,48.53,97.48,32.5,91.1,74.505,41.245,82.7,50.34,53.57,33.5,104.7,117.08,110.41,47.18,66.1125,53.56,90.47,92.23
2015-01-09,112.01,65.78,45.2,71.84,155.73,90.42,16.98,131.54,87.65,143.32,58.16,27.79,108.21,94.25,84.93,24.03,102.21,187.35,104.89,98.93,159.11,36.76,104.94,59.34,43.03,84.44,93.21,161.62,62.56,47.19,36.88,47.995,96.82,32.65,90.25,74.42,39.895,81.22,49.7,53.6,33.4,103.72,114.98,109.6,46.76,65.1325,52.68,89.35,92.1
2015-01-12,109.25,65.76,45.58,71.12,156.22,89.5,16.68,130.87,86.89,142.52,57.73,28.05,105.88,94.46,85.01,23.98,101.21,185.07,104.42,98.45,156.44,36.6,104.58,58.83,42.64,83.36,93.01,160.74,62.3,46.6,36.37,47.93,96.42,32.77,89.92,73.57,40.115,78.05,49.71,53.12,33.49,102.55,113.97,109.64,47.08,65.005,52.05,90.02,90.33
2015-01-13,110.22,63.39,44.61,70.59,155.14,89.23,16.45,131.17,86.37,141.09,57.97,28.095,104.2,95.19,85.47,23.86,97.21,184.93,103.73,99.15,156.81,36.5,104.76,58.84,42.63,83.55,92.83,160.62,62.19,46.355,36.03,47.505,96.35,32.44,90.3,72.97,40.435,77.78,49.68,52.79,33.49,103.07,111.83,110.11,47.18,65.195,51.85,89.31,90.0
2015-01-14,109.8,63.7,44.28,69.99,155.16,87.07,16.04,130.38,86.07,139.31,57.25,27.92,103.9,94.23,85.69,23.78,99.26,180.23,102.64,98.69,155.8,36.35,104.0,56.81,42.56,83.46,91.54,159.84,62.64,45.955,35.21,46.855,96.67,32.48,89.99,72.22,40.21,78.39,50.19,52.71,33.33,103.33,111.36,109.37,46.97,63.89,51.25,86.61,89.74
2015-01-15,106.82,62.89,43.95,70.29,151.92,85.88,15.2,130.14,84.32,139.31,55.11,27.41,102.67,94.35,86.76,23.58,97.4,178.49,101.01,97.11,154.57,36.19,102.49,54.99,42.38,82.25,91.38,159.66,61.88,45.48,34.58,46.405,96.67,32.4,89.86,71.38,39.79,76.63,50.8,52.385,33.26,104.46,110.8,109.29,47.1,63.2825,50.72,87.38,88.96
2015-01-16,105.99,64.54,44.49,71.73,158.43,86.04,15.38,130.78,83.86,139.72,56.64,27.68,105.12,95.18,87.35,23.59,100.71,177.23,104.12,98.22,157.14,36.45,104.04,55.93,42.53,83.8,91.49,162.0,63.03,46.24,34.89,46.495,97.29,32.8,91.25,71.29,40.305,81.33,51.35,53.285,33.8,105.77,111.9,110.3,47.99,63.7375,51.64,86.77,91.12
2015-01-20,108.72,63.45,44.22,71.49,157.6,87.26,15.26,131.22,83.97,139.38,57.29,28.07,106.47,94.74,87.69,23.85,103.78,175.63,103.25,98.98,156.95,36.09,101.29,55.71,43.16,84.26,90.8,161.94,62.61,46.39,34.75,46.805,97.51,33.1,91.19,72.48,40.6125,80.48,51.66,53.805,33.95,105.62,113.95,111.31,48.18,64.21,52.0,86.69,91.09
2015-01-21,109.55,62.7,44.06,71.54,157.38,87.67,15.41,132.41,85.37,139.14,57.71,27.84,108.16,94.17,88.68,24.04,103.58,177.15,103.53,99.25,152.09,36.48,101.9,55.89,43.36,83.72,90.34,162.54,62.16,45.92,34.73,46.755,97.4,32.64,90.73,71.59,40.645,82.21,52.01,54.28,34.0,109.32,114.4,111.68,48.25,64.32,52.1,86.64,91.87
2015-01-22,112.4,62.98,44.49,73.48,159.57,84.37,16.09,135.64,86.82,141.27,58.0,28.5,108.92,95.15,88.63,24.28,105.14,182.04,106.07,99.39,155.39,36.91,103.76,57.59,43.78,84.38,90.89,165.89,62.59,47.13,35.53,47.925,98.9,32.81,91.62,71.905,41.37,82.14,52.13,54.97,33.79,113.85,119.83,114.25,47.8,64.4,53.77,88.3,92.87
2015-01-23,112.98,62.43,43.86,74.06,159.81,84.13,15.73,134.62,85.61,142.05,58.62,28.21,106.85,94.72,88.72,24.48,105.54,180.49,105.37,102.5,155.87,36.445,102.2,56.68,43.31,84.39,89.56,164.02,62.49,47.18,35.15,48.08,98.53,32.45,90.08,72.175,44.11,82.0,52.23,55.06,33.37,112.0,120.09,102.93,47.15,64.5725,53.26,88.51,90.89
2015-01-26,113.1,62.83,44.15,72.74,159.73,83.3,15.85,134.07,86.03,142.905,59.78,27.97,108.88,94.97,88.55,24.59,107.11,180.42,106.36,101.89,156.36,35.805,102.26,56.77,43.0,83.6,90.67,164.24,62.82,47.01,35.11,48.175,98.69,32.8,89.58,72.61,44.06,83.68,52.23,55.05,33.18,111.61,121.33,102.35,46.96,64.1325,53.58,88.63,91.76
2015-01-27,109.14,63.1,43.68,71.46,158.89,82.4,15.63,132.48,79.85,140.99,57.79,26.9,108.26,93.97,88.72,24.38,105.03,176.49,105.16,100.9,153.67,34.185,102.09,56.2,42.39,81.77,89.57,163.63,62.56,42.66,34.66,47.25,96.72,32.6,86.49,71.77,44.17,84.55,52.42,54.83,32.81,110.01,120.86,100.85,46.35,62.7475,52.97,87.53,90.95
2015-01-28,115.31,61.85,43.41,70.25,154.64,81.73,15.2,139.64,80.01,139.62,56.35,26.805,103.71,92.67,87.85,23.84,102.45,173.05,104.74,99.82,151.55,33.775,101.48,54.75,41.92,80.74,88.78,163.94,61.45,41.19,33.77,46.655,95.72,31.95,85.15,70.99,43.7825,80.75,52.17,53.935,32.68,108.46,119.15,99.3,46.05,61.59,52.16,86.82,87.95
2015-01-29,118.9,63.12,45.26,71.64,156.37,82.0,15.43,147.78,80.0,140.64,58.1,27.22,103.0,93.22,89.36,24.08,104.18,175.99,107.62,100.17,155.48,34.21,102.38,55.67,42.1,81.38,93.27,166.13,62.09,42.01,34.37,47.435,96.03,31.83,85.67,63.69,44.525,81.9,52.79,54.67,32.96,109.39,120.09,100.42,46.11,62.0,52.76,87.72,87.58
2015-01-30,117.16,60.35,44.76,70.13,152.26,80.69,15.15,145.37,79.97,142.99,56.45,26.365,102.53,90.96,87.14,23.89,104.83,172.41,104.42,97.76,153.31,33.04,100.14,54.38,41.17,82.03,92.44,162.3,60.28,40.4,33.81,46.125,93.78,31.25,84.29,62.46,43.765,82.39,50.72,53.45,32.92,106.25,117.21,98.84,45.71,63.7275,51.92,84.98,87.42
2015-02-02,118.63,60.7,45.23,71.11,152.5,82.13,15.46,146.26,80.84,146.0,57.28,26.83,106.06,91.93,87.0,24.21,106.19,175.49,104.43,99.77,154.66,33.65,100.83,55.47,41.59,82.98,92.51,164.42,60.88,41.28,34.42,45.96,95.33,31.65,85.12,65.53,43.995,84.64,50.78,53.49,33.56,107.29,119.01,100.13,46.98,63.835,52.81,85.71,89.58
2015-02-03,118.65,61.65,45.83,71.92,152.23,83.73,15.89,147.34,83.92,153.75,58.61,27.12,109.53,94.1,86.78,24.47,107.18,180.24,107.24,101.27,158.47,33.7,102.46,56.72,41.63,83.81,93.92,165.94,61.02,41.6,35.04,46.675,96.2,32.02,85.95,66.96,44.245,87.08,50.8,54.44,34.34,107.81,121.79,100.57,47.83,64.9475,53.45,86.19,92.25
2015-02-04,119.56,56.91,45.17,72.28,151.45,83.61,15.79,147.22,81.95,155.92,58.99,26.69,108.35,101.28,85.98,24.16,98.43,178.78,108.41,100.75,156.96,33.6,101.36,56.38,41.68,84.18,94.05,164.81,59.05,41.84,34.77,46.27,96.6,32.07,85.79,66.96,44.35,84.55,49.46,54.615,34.41,107.92,120.44,100.53,47.8,66.2225,53.03,86.65,91.46
2015-02-05,119.94,57.99,45.65,73.1,153.36,84.73,15.97,148.6,83.57,149.09,59.26,27.26,109.31,102.64,86.72,24.5,99.9,180.77,108.99,102.34,157.91,33.94,102.46,56.77,41.79,85.82,94.34,166.55,59.17,42.45,34.93,46.67,96.61,32.99,86.7,67.95,44.82,85.92,49.71,55.31,34.54,108.82,122.85,101.46,47.86,67.95,53.67,87.28,92.36
2015-02-06,118.93,56.9,45.5,72.54,151.4,85.01,16.49,148.0,83.21,148.7,59.17,27.24,109.61,102.02,83.11,24.52,97.48,183.43,109.04,101.75,156.72,33.295,101.1,57.89,41.45,84.16,93.99,166.07,58.79,42.41,35.79,45.895,96.71,33.17,85.61,66.35,44.5,86.16,48.17,54.36,34.87,107.6,121.81,100.67,49.33,66.855,54.45,87.33,91.5
2015-02-09,119.72,55.48,44.52,72.33,150.01,84.98,16.35,147.58,84.67,147.54,57.98,27.12,110.43,101.73,82.7,24.64,96.9,182.22,108.34,101.59,155.75,32.93,99.78,57.82,41.23,84.59,92.72,164.84,58.33,42.36,35.63,45.585,95.97,33.07,85.05,67.11,44.41,85.82,47.79,54.27,34.64,106.49,119.45,100.46,49.09,66.365,54.21,85.91,91.56
2015-02-10,122.02,56.89,44.92,72.76,152.57,85.84,16.42,148.04,83.9,148.22,58.79,27.49,110.18,101.92,84.18,24.72,98.32,184.56,110.67,102.44,158.56,33.7,100.35,58.46,42.4,84.23,94.02,165.82,58.85,42.6,36.16,46.375,97.99,34.15,85.39,70.26,45.59,85.22,48.68,55.82,34.85,108.97,120.87,101.08,49.51,66.1375,54.57,87.29,91.01
2015-02-11,124.88,56.69,44.93,73.01,153.11,86.01,16.36,147.92,83.41,147.46,58.8,26.93,109.98,101.87,81.85,24.77,99.98,187.65,110.31,102.43,158.2,33.55,100.38,58.37,42.37,84.46,94.21,164.48,58.74,42.38,36.37,45.655,100.4,34.25,85.64,70.21,45.395,84.73,47.95,56.0,34.39,109.85,122.14,100.91,49.81,66.4975,53.9,86.34,90.6
2015-02-12,126.46,57.05,45.22,74.59,153.18,80.48,16.67,148.09,83.53,147.76,61.26,29.46,110.86,103.58,81.06,24.89,100.8,189.78,112.16,103.5,158.52,34.125,98.44,59.57,42.17,87.52,95.09,165.91,58.88,43.09,36.9,46.0,100.27,34.87,86.03,70.39,45.9125,85.96,46.56,57.44,34.61,109.84,123.83,101.41,49.52,67.7275,54.86,85.89,92.37
2015-02-13,127.08,58.05,46.09,76.51,153.48,78.08,16.61,149.73,85.13,147.1,62.85,29.43,112.78,104.17,79.84,25.15,101.9,189.0,111.89,104.38,160.4,34.36,99.62,59.67,41.99,87.14,95.65,165.94,58.81,43.87,36.78,46.02,99.13,34.64,85.9,70.88,45.79,88.38,45.88,57.965,34.66,109.44,122.6,101.79,49.31,67.4075,55.33,85.81,93.37
2015-02-17,127.83,58.72,46.41,77.13,154.24,79.08,16.63,149.92,85.38,147.53,62.07,29.31,112.4,104.12,79.39,25.17,103.84,190.02,112.0,104.0,160.96,34.735,100.44,60.1,41.81,87.52,94.35,166.92,58.79,43.58,36.92,45.93,98.36,34.58,85.49,70.8,46.015,88.89,45.54,58.2,34.71,109.76,122.54,102.51,49.18,67.7175,55.37,85.96,93.05
2015-02-18,128.715,59.24,46.41,77.73,155.78,79.78,16.3,151.17,84.8,147.23,63.0,29.49,110.44,103.86,80.97,25.25,103.94,188.67,111.99,104.62,162.19,34.265,99.96,59.37,41.73,87.73,94.58,167.4,58.8,43.53,36.37,46.81,99.33,34.48,86.26,70.54,46.5,87.74,46.84,57.94,34.49,109.77,123.35,102.62,48.94,67.28,54.52,86.29,91.01
2015-02-19,128.45,59.0,46.61,77.73,156.05,78.4,16.21,153.75,83.3,146.665,62.81,29.31,108.35,103.89,79.17,25.01,102.73,189.11,110.94,104.7,163.89,34.21,100.7,59.23,42.11,89.2,94.19,167.09,58.3,43.5,36.33,46.85,98.72,34.41,85.21,70.98,46.585,86.98,46.19,58.04,34.09,110.03,121.96,101.7,48.91,67.275,54.56,83.52,89.44
2015-02-20,129.495,61.3,47.48,78.55,157.66,79.83,16.38,158.31,84.44,147.535,63.74,29.61,108.6,104.55,78.71,25.21,102.61,191.51,112.24,105.36,163.65,34.41,100.26,59.8,41.97,90.79,94.19,168.12,58.35,43.855,36.74,47.465,99.06,34.56,84.87,71.52,46.755,85.88,46.14,58.52,34.08,112.62,123.66,101.96,48.97,68.25,54.83,84.3,89.92
2015-02-23,133.0,60.57,47.32,78.1,158.42,80.3,16.2,154.74,83.49,148.39,62.58,29.63,107.86,104.99,79.26,25.17,104.51,190.31,112.28,104.38,162.91,33.76,100.18,59.35,41.85,91.12,94.31,168.81,58.3,44.15,36.27,47.505,99.45,34.39,85.39,70.94,46.79,85.54,46.47,58.27,33.85,116.4,123.75,101.77,48.77,68.2525,55.1,84.6,89.01
2015-02-24,132.17,60.87,47.47,77.68,157.37,80.86,16.38,154.38,84.5,148.21,61.93,29.63,107.96,104.67,79.85,25.39,104.7,192.22,116.75,104.3,164.83,34.41,100.7,60.82,42.13,91.32,94.98,169.12,58.36,44.09,36.74,47.71,99.58,34.34,85.5,71.37,46.725,85.31,46.89,58.96,34.05,115.43,122.69,102.32,49.22,68.1175,55.37,84.57,89.42
2015-02-25,128.79,60.62,47.4,78.07,158.08,82.17,16.49,153.01,85.15,147.48,62.87,29.49,108.58,105.57,79.01,25.91,104.43,191.72,116.31,104.39,162.81,33.945,101.21,61.14,42.05,92.67,98.66,168.89,58.49,43.99,36.59,48.41,99.5,34.66,85.46,71.68,47.13,85.21,45.92,59.1,34.21,114.05,122.42,101.96,49.2,68.2525,55.33,83.57,89.6
2015-02-26,130.415,60.52,47.61,78.96,158.97,83.25,16.04,151.73,83.8,146.65,70.24,29.91,107.06,104.56,78.56,25.89,104.19,192.2,115.38,103.64,160.87,33.65,102.8,61.58,42.46,91.26,99.51,169.61,58.96,44.055,36.06,48.495,99.07,34.59,85.17,72.01,47.275,83.89,45.76,59.42,34.5,113.66,120.76,101.86,49.37,68.4375,55.15,83.8,88.65
2015-02-27,128.46,60.5,47.37,79.1,157.72,81.59,15.81,150.85,82.9,146.96,69.38,29.51,106.68,104.08,78.55,25.99,103.53,189.79,114.75,102.78,161.94,33.25,102.51,61.28,43.3,90.13,98.9,168.65,58.54,43.85,35.79,48.56,98.98,34.32,85.13,72.51,46.7425,84.16,45.79,58.8,34.56,113.63,120.26,101.73,49.45,67.8275,54.79,83.93,88.54
2015-03-02,129.09,60.46,47.22,79.79,159.63,82.03,16.01,153.8,83.0,147.94,68.46,30.19,105.9,105.89,77.06,26.11,103.83,191.79,116.12,104.58,160.48,34.06,103.22,61.77,43.2,92.02,100.0,170.5,58.58,43.88,36.24,49.375,99.0,34.77,85.41,72.655,47.1125,84.62,44.87,59.94,34.64,114.4,120.75,101.93,49.47,69.5725,55.55,83.96,88.04
2015-03-03,129.36,59.62,47.09,78.99,158.56,81.91,16.04,155.57,82.84,147.37,66.95,29.54,105.16,106.35,77.51,25.86,102.79,191.27,116.07,104.04,161.03,34.095,102.34,61.97,42.95,90.97,99.74,168.27,58.34,43.28,35.82,48.985,98.4,34.56,85.16,71.405,47.0,84.91,45.15,58.57,34.41,112.86,118.46,101.5,49.55,68.825,55.45,83.37,87.62
2015-03-04,128.54,60.27,47.01,77.63,159.19,80.63,15.84,154.35,81.73,147.17,64.88,29.33,105.16,105.57,77.08,25.66,103.06,189.67,114.76,103.05,159.42,34.12,101.65,62.13,42.5,91.71,100.25,167.16,57.88,43.055,35.09,48.76,97.36,34.64,84.35,70.845,46.53,85.14,44.83,58.32,34.0,113.82,118.21,100.42,49.07,68.4375,54.82,82.58,87.18
2015-03-05,126.41,56.86,47.44,78.62,159.6,81.15,16.0,154.47,81.51,151.17,65.59,29.3,104.73,105.03,77.58,25.82,103.415,190.08,115.91,103.13,161.18,33.73,102.52,62.0,42.4,92.81,99.11,167.57,57.98,43.11,35.52,49.23,97.23,34.47,84.63,70.93,46.815,84.82,45.02,58.34,34.0,114.79,118.33,100.72,48.92,68.5325,54.84,83.57,86.74
2015-03-06,126.6,55.64,46.5,77.55,154.88,80.31,16.22,153.12,80.06,149.545,64.56,28.925,103.55,103.82,74.96,25.42,101.81,186.91,114.45,101.87,158.5,33.19,100.11,60.89,41.52,90.79,97.13,164.36,56.84,42.36,35.53,48.455,96.17,33.97,82.66,71.505,46.1075,83.11,44.09,57.64,33.48,112.88,116.45,100.62,48.29,67.335,54.59,82.59,85.63
2015-03-09,127.14,55.54,46.83,77.93,155.01,80.51,16.17,154.75,80.81,150.68,65.48,29.36,103.95,105.26,74.76,25.64,101.37,187.93,115.25,103.14,160.77,32.72,100.66,61.5,41.39,91.12,97.71,166.37,57.26,42.85,35.67,48.715,96.04,34.03,83.09,72.705,46.52,82.36,44.01,58.42,33.35,114.9,117.17,100.55,48.23,67.855,54.67,82.88,85.16
2015-03-10,124.51,55.84,46.17,76.005,153.58,79.11,15.79,152.42,79.91,148.16,63.76,28.66,102.91,103.09,74.7,25.17,98.83,182.71,112.56,101.17,157.81,31.7,99.53,59.96,40.69,88.84,96.29,162.26,56.58,42.03,34.88,48.255,94.43,33.78,81.54,71.885,46.09,81.31,43.93,57.1,32.78,112.46,114.75,99.47,47.51,66.3,53.29,82.07,84.26
2015-03-11,122.24,56.62,46.3,76.01,152.7,79.45,16.11,151.17,79.7,147.4,63.68,28.26,103.54,102.89,74.28,25.19,98.97,184.18,113.07,100.65,156.8,32.33,98.32,60.24,40.1,86.97,94.96,161.73,56.06,41.98,34.95,47.67,93.63,33.63,81.39,70.27,45.71,81.27,43.72,57.17,32.62,112.72,114.29,98.72,47.68,66.1875,53.7,80.69,84.02
2015-03-12,124.45,58.0,47.25,77.4,154.25,81.56,16.09,152.04,80.19,149.44,64.95,28.24,102.42,107.17,75.28,25.4,99.93,189.95,116.1,102.46,157.98,30.8,99.83,61.37,40.57,89.25,96.25,164.47,56.17,41.02,37.09,48.52,95.71,34.0,82.09,69.37,46.69,80.94,44.46,57.22,33.13,114.88,115.13,99.67,48.73,67.395,55.59,81.9,84.22
2015-03-13,123.59,58.0,46.88,77.62,154.26,80.6,16.09,151.57,79.23,149.28,64.6,27.94,101.62,106.44,74.61,25.04,99.61,189.34,114.82,101.17,154.28,30.93,99.21,61.0,39.91,87.75,96.35,162.74,56.2,41.38,36.35,47.905,94.32,34.0,81.83,68.64,46.645,80.42,43.95,57.115,32.76,115.25,114.52,98.53,48.84,66.2575,55.34,81.9,83.87
2015-03-16,124.95,59.12,47.83,78.33,163.03,81.5,16.13,153.67,79.97,149.99,66.43,28.3,103.13,107.37,75.71,25.45,101.3,191.9,116.5,102.78,157.08,30.83,101.06,61.85,40.29,88.71,97.15,166.21,57.12,41.56,36.73,48.22,95.45,34.44,83.56,70.0,47.0225,81.26,44.63,58.33,33.06,118.52,116.72,100.26,49.27,67.255,55.73,83.29,84.76
2015-03-17,127.04,59.73,47.09,79.66,163.07,81.06,16.09,154.51,78.45,150.03,67.55,28.15,103.17,106.96,75.08,25.31,100.44,190.57,115.58,102.21,156.96,30.59,99.89,61.61,40.51,87.97,96.17,164.23,56.47,41.695,36.55,48.27,94.13,34.17,82.85,69.815,47.1925,80.47,44.32,57.97,32.9,117.6,116.42,99.6,48.95,66.125,55.91,82.62,84.08
2015-03-18,128.47,59.89,47.39,76.89,166.54,81.86,15.98,155.73,81.33,150.93,68.55,28.15,106.7,107.97,76.4,25.64,100.28,192.32,116.08,103.84,159.81,30.89,101.46,61.75,40.6,88.88,97.0,166.47,57.65,42.5,36.73,48.755,94.64,34.38,83.75,70.23,47.92,82.05,45.14,58.3,33.59,119.96,117.78,100.26,49.54,66.9175,56.17,82.53,86.07
2015-03-19,127.495,61.19,47.44,77.14,169.11,81.54,15.61,154.11,80.09,151.31,68.88,28.26,104.75,107.37,76.01,25.33,101.44,189.97,115.16,103.02,159.81,30.74,101.69,61.2,40.02,89.02,95.98,165.66,58.21,42.285,36.11,49.16,94.1,34.15,83.38,69.83,48.88,81.01,44.66,58.525,33.2,120.76,117.55,99.91,49.3,66.81,55.51,81.52,84.41
2015-03-20,125.9,60.4,47.47,77.36,170.1,82.7,15.84,154.5,81.19,152.59,67.69,28.44,107.03,108.43,76.67,25.4,102.29,193.13,117.49,105.4,162.88,31.31,102.4,61.75,40.65,89.82,97.05,166.49,58.58,42.88,36.5,50.99,95.34,34.25,84.74,70.04,48.73,82.37,44.97,59.28,33.23,119.14,117.45,100.25,49.56,67.41,56.01,83.24,84.54
2015-03-23,127.21,60.48,47.47,76.35,166.54,82.2,15.72,152.81,81.09,152.93,67.66,28.405,105.92,108.22,76.8,25.47,100.26,191.96,116.07,104.3,164.63,31.2,102.98,61.14,40.62,89.33,98.62,166.13,58.73,42.855,36.31,50.73,95.85,35.05,84.86,70.065,48.685,82.0,45.17,58.66,33.28,119.04,112.78,99.88,49.64,67.08,55.78,83.31,85.43
2015-03-24,126.69,59.63,47.0,75.45,166.01,81.37,15.61,151.65,80.48,153.14,67.37,28.0,104.2,107.11,76.06,25.27,101.41,191.28,116.15,104.06,163.0,30.79,101.96,60.46,40.47,89.49,99.36,166.32,58.63,42.9,36.24,50.325,95.86,34.52,83.92,68.975,48.9575,81.85,44.52,58.44,33.07,118.12,112.51,99.26,49.41,67.1,55.35,83.05,84.52
2015-03-25,123.38,58.22,46.53,73.13,160.62,80.11,15.41,148.23,79.86,151.09,65.78,27.46,105.67,105.0,74.96,24.91,99.86,187.35,113.68,101.93,159.2,29.89,100.34,59.61,40.45,87.37,98.14,162.7,58.26,41.46,35.45,49.495,95.26,34.3,83.01,67.21,47.885,83.29,44.03,55.73,32.62,116.54,110.82,97.46,48.73,65.73,54.54,81.32,84.86
2015-03-26,124.24,57.27,46.5,72.97,160.55,78.48,15.42,148.17,79.88,150.06,65.99,27.09,105.25,105.24,74.35,24.8,101.075,187.24,112.37,102.17,160.59,30.08,100.14,59.54,40.35,87.93,97.64,162.59,57.6,41.21,35.62,49.665,95.63,34.16,82.15,67.155,47.54,83.16,43.76,55.8,32.82,116.25,108.17,96.64,48.42,65.59,54.5,81.89,84.32
2015-03-27,123.25,57.65,46.78,73.31,162.59,77.97,15.31,148.85,79.67,150.47,66.55,27.13,104.28,105.48,75.0,24.86,101.0,188.06,113.86,102.96,160.4,32.0,100.34,59.55,40.08,87.25,96.96,163.5,57.75,40.97,35.83,49.94,95.95,34.53,82.31,67.025,47.535,83.31,44.01,56.76,32.75,118.01,108.44,96.59,48.56,65.54,54.12,81.35,83.58
2015-03-30,126.37,58.24,47.08,73.6,164.305,78.05,15.52,152.7,81.37,152.365,66.85,27.65,106.9,106.12,75.9,25.12,100.69,191.02,114.63,104.91,162.67,31.46,101.55,60.96,40.51,87.67,97.88,166.05,58.34,40.96,36.31,50.445,96.52,35.0,82.72,68.88,47.99,84.48,44.33,58.0,32.97,121.0,110.09,97.27,49.12,65.66,54.77,82.53,85.63
2015-03-31,124.43,58.54,46.33,73.94,159.85,78.12,15.39,150.08,80.03,151.495,66.81,27.525,104.98,104.89,76.78,24.81,98.13,187.97,113.61,104.31,160.5,31.27,100.6,60.58,40.55,86.39,97.44,164.95,57.48,40.655,35.69,50.165,95.62,34.79,81.94,69.34,47.35,83.44,44.28,57.185,32.65,118.29,108.31,96.94,48.63,65.41,54.4,82.25,85.0
2015-04-01,124.25,57.1,45.89,75.07,157.1,78.93,15.41,148.64,79.64,150.24,66.08,27.25,104.79,105.44,76.83,24.84,97.72,192.23,113.13,103.24,159.18,30.81,99.15,59.95,40.68,86.74,96.29,162.52,56.86,40.72,35.97,49.775,95.09,34.33,82.32,69.43,46.51,84.28,44.62,56.535,32.89,117.45,107.34,96.54,48.92,65.18,53.94,80.71,84.46
2015-04-02,125.32,57.01,46.13,75.68,155.88,79.7,15.54,149.28,80.24,151.63,66.68,27.13,105.28,106.0,76.97,24.94,98.43,191.55,114.54,103.51,160.45,30.81,99.64,60.52,40.68,87.03,95.83,162.8,57.1,40.29,36.06,49.83,95.69,34.38,82.43,67.97,47.195,84.39,44.64,56.72,33.13,117.36,107.13,96.47,49.47,65.29,54.37,80.73,84.3
2015-04-06,127.35,57.61,46.3,76.23,155.28,79.63,15.51,150.93,81.49,152.5,67.94,27.22,106.92,105.63,78.24,25.18,97.79,192.05,114.95,104.49,162.04,31.04,99.16,60.47,41.17,87.34,96.28,165.48,57.18,41.545,35.91,49.865,96.48,34.48,83.04,67.76,47.26,85.91,44.92,56.81,33.33,117.7,106.38,96.84,49.63,65.2,54.08,80.99,85.13
2015-04-07,126.01,58.42,46.19,75.65,157.28,78.33,15.46,152.32,80.54,151.78,68.2,27.39,108.54,105.43,77.65,25.02,98.69,192.39,114.3,104.13,162.07,31.26,100.1,60.85,41.01,87.92,96.35,166.21,57.43,41.53,35.94,49.805,96.21,34.54,82.39,67.315,47.035,86.27,44.26,56.94,33.16,117.35,107.84,96.68,49.27,65.8,54.02,80.5,85.75
2015-04-08,125.6,58.81,46.61,75.44,160.33,78.69,15.61,153.36,80.44,152.0,68.21,27.55,106.66,106.36,77.3,25.01,99.87,192.56,115.59,103.85,161.85,31.31,100.16,61.05,40.89,89.32,96.85,166.27,57.15,41.42,36.26,50.42,96.03,34.64,82.77,67.26,47.615,86.12,44.34,56.97,32.65,118.19,108.13,96.67,49.13,66.5,54.0,81.03,84.06
2015-04-09,126.56,60.32,47.0,76.33,161.49,79.16,15.71,153.42,80.68,148.81,67.74,27.625,106.95,106.77,77.01,25.73,101.16,194.89,114.57,104.39,162.34,31.24,101.33,61.47,41.05,89.06,96.55,166.79,57.43,41.48,36.64,50.36,96.35,35.03,82.89,68.81,47.96,88.45,44.47,57.78,32.69,118.55,109.79,96.7,49.01,66.44,54.19,80.84,84.65
2015-04-10,127.1,62.0,47.15,76.53,163.38,79.59,15.72,154.38,82.6,149.635,67.64,28.04,106.91,106.95,77.84,28.51,101.77,195.64,115.24,104.7,162.86,31.93,102.06,61.7,40.88,88.57,97.8,167.07,57.25,41.72,36.24,49.985,96.2,35.44,83.35,69.16,48.17,89.11,44.62,57.7,32.77,119.0,111.42,96.79,49.22,66.34,54.32,80.65,85.56
2015-04-13,126.85,61.2,46.53,76.02,162.49,79.27,15.8,153.24,82.14,149.02,67.08,27.98,106.5,106.51,77.23,27.63,102.28,195.58,114.44,103.28,162.38,31.73,100.55,62.07,40.7,88.25,97.44,165.84,56.73,41.76,36.3,49.635,95.53,35.09,83.43,68.73,48.5,88.02,44.2,57.205,32.88,119.37,108.47,96.15,49.04,65.61,54.59,80.29,85.34
2015-04-14,126.3,61.72,46.7,75.95,162.57,79.49,15.82,153.21,83.0,149.52,66.91,27.81,108.84,106.66,77.59,27.73,102.21,197.72,114.05,103.25,162.3,31.49,100.52,63.04,40.51,89.12,97.58,165.99,57.76,41.65,36.84,49.765,96.49,35.03,83.6,68.97,48.3,88.8,44.35,56.75,32.69,119.92,108.17,96.55,49.18,65.53,54.19,80.15,86.63
2015-04-15,126.78,62.03,46.83,76.03,165.47,79.75,15.64,152.43,85.16,149.07,67.21,28.25,110.41,106.98,78.02,27.46,104.03,201.1,113.45,103.79,164.13,32.83,100.6,64.21,40.4,89.25,96.44,166.44,58.45,42.255,37.39,49.915,96.63,35.21,83.51,68.46,48.14,92.0,44.2,58.5,32.89,117.32,107.4,96.62,49.39,65.68,54.81,79.74,88.08
2015-04-16,126.17,62.59,46.52,75.15,166.87,80.91,15.79,151.97,84.34,147.11,67.91,28.6,110.16,108.1,77.31,27.28,103.34,200.21,113.37,103.92,163.13,32.87,99.79,63.81,40.6,88.72,95.63,165.89,57.84,42.16,37.36,49.95,96.45,35.19,83.5,67.91,48.245,91.89,44.11,58.41,32.75,121.6,108.35,96.14,49.27,65.65,54.81,79.24,87.73
2015-04-17,124.75,62.29,46.25,73.15,163.58,77.32,15.56,149.6,83.28,144.57,65.81,27.915,109.11,106.69,77.31,27.25,101.38,197.35,112.1,101.7,160.67,32.47,99.58,62.84,40.3,86.93,94.88,161.71,56.88,41.615,36.75,49.275,95.81,35.04,82.53,67.115,47.62,92.86,44.11,57.33,32.51,118.71,108.42,95.38,48.9,64.52,54.05,77.88,86.93
2015-04-20,127.6,63.54,46.63,73.92,165.97,77.23,15.57,152.67,84.6,146.31,66.9,28.48,110.29,108.22,78.61,27.02,100.655,198.1,112.86,102.58,166.16,32.73,100.21,63.24,40.66,87.33,96.18,164.51,57.61,42.905,36.96,49.995,96.5,35.01,82.87,68.64,47.97,92.47,44.76,58.17,32.83,118.58,110.44,97.46,49.38,64.72,54.36,78.14,87.24
2015-04-21,126.91,63.61,47.12,74.62,168.46,77.28,15.5,153.33,83.92,147.34,67.38,28.69,109.73,107.68,78.07,26.62,105.2,196.84,113.17,101.33,164.26,32.43,100.3,62.31,40.78,87.77,94.87,164.0,57.66,42.635,36.75,50.145,96.78,34.89,83.08,68.57,48.37,91.29,44.42,58.16,32.66,119.28,109.5,97.61,49.17,65.35,54.28,78.03,86.88
2015-04-22,128.62,64.52,48.35,75.5,169.1,78.44,15.74,151.19,84.87,146.98,67.71,28.62,109.5,107.94,78.3,26.91,104.18,198.32,112.99,102.19,165.36,32.7,100.43,62.94,41.31,91.2,97.84,164.67,57.69,42.985,37.2,50.075,97.28,34.93,83.09,68.94,48.335,92.16,44.48,58.73,32.86,117.81,110.73,98.14,49.57,68.01,54.67,78.43,87.46
2015-04-23,129.67,64.25,48.46,76.52,169.17,78.15,15.69,149.87,84.79,147.3,68.47,28.675,109.97,109.0,78.86,26.85,105.205,199.31,113.96,103.01,170.24,32.35,100.46,62.8,40.95,90.88,97.0,159.66,57.51,43.34,37.38,50.555,95.73,35.36,80.95,68.34,49.43,93.05,44.69,54.72,34.23,118.26,108.12,98.22,50.05,67.72,54.86,79.18,87.54
2015-04-24,130.28,66.07,48.32,76.54,167.91,77.99,15.64,148.4,84.6,148.12,67.83,28.82,109.87,109.53,79.41,26.8,103.695,197.99,113.7,102.5,169.78,32.08,101.08,62.6,40.89,90.72,98.74,158.99,57.6,47.87,37.36,50.475,95.17,35.27,81.0,68.24,51.84,91.61,44.87,54.73,34.01,118.69,107.51,98.1,50.03,67.48,54.7,79.84,86.97
2015-04-27,132.65,65.02,47.49,76.55,162.38,77.49,15.56,147.8,85.33,146.96,67.84,28.89,109.7,110.16,78.37,26.88,102.94,196.52,111.39,102.54,170.73,32.5,100.58,62.34,40.83,89.75,96.44,157.98,57.1,48.03,37.05,50.47,94.49,34.59,80.6,69.23,50.87,92.33,44.32,55.56,34.09,116.24,107.51,97.43,50.08,67.1,54.97,79.37,87.01
2015-04-28,130.56,66.49,47.59,76.02,162.49,77.49,15.65,147.51,86.2,146.61,66.89,29.32,111.12,109.92,78.97,27.12,103.72,197.49,110.58,102.93,173.92,33.02,100.74,62.76,40.77,90.23,96.83,158.33,59.98,49.155,37.04,49.93,94.42,34.48,80.42,69.65,50.61,92.66,44.66,55.09,34.86,117.59,107.89,100.77,50.55,66.77,55.41,79.1,87.8
2015-04-29,128.64,65.63,47.17,76.65,160.98,77.16,15.98,146.15,87.5,144.46,74.65,29.05,111.73,109.81,78.43,27.09,102.32,198.56,108.71,101.74,174.4,32.885,100.39,63.6,40.49,90.25,97.02,156.97,59.68,49.06,37.49,50.085,94.38,34.29,79.85,68.67,50.65,94.28,44.65,55.02,34.76,113.61,106.92,101.25,50.47,67.34,55.46,77.88,87.87
2015-04-30,125.15,64.66,46.42,76.06,157.91,77.45,15.93,143.34,86.88,143.05,72.82,28.83,111.06,108.72,77.57,27.08,100.51,196.42,106.98,100.92,171.29,32.55,99.2,63.26,40.56,90.21,96.55,156.39,59.56,48.64,37.31,49.42,95.12,33.93,79.51,68.0,49.58,94.61,44.3,54.21,34.64,111.4,106.23,100.53,50.44,66.05,55.1,78.05,87.37
2015-05-01,128.95,64.32,46.69,76.43,160.36,77.68,16.11,144.67,87.37,145.39,73.36,29.13,109.04,110.52,77.9,27.31,105.01,197.53,109.55,102.5,173.67,33.42,100.13,63.61,40.91,91.25,97.8,157.68,59.86,48.655,37.51,50.39,95.56,34.08,80.29,68.42,50.29,93.0,44.82,55.31,34.42,113.2,107.71,101.38,50.41,65.77,55.19,78.6,88.85
2015-05-04,128.7,64.68,47.0,75.85,162.11,78.28,16.44,144.02,87.3,145.75,71.6,29.17,108.32,111.03,77.96,27.27,105.66,199.3,110.06,102.58,173.97,33.43,100.35,64.72,40.96,91.18,96.13,159.02,60.64,48.24,37.91,50.415,95.95,34.32,80.35,69.055,50.445,92.98,44.98,55.295,34.53,114.56,107.99,101.43,50.52,65.58,55.73,79.18,89.11
2015-05-05,125.8,63.86,46.85,75.0,159.44,77.84,16.35,142.91,87.0,144.5,72.75,28.89,108.0,110.81,76.25,26.92,102.99,197.29,108.06,101.54,173.08,32.64,99.5,64.4,40.75,90.78,96.13,157.91,60.49,47.6,37.45,50.21,95.42,34.12,80.07,68.37,49.405,92.04,44.27,54.01,33.72,113.37,105.94,100.11,50.09,65.96,55.72,78.13,88.61
2015-05-06,125.01,63.94,46.54,74.48,158.95,77.85,16.29,141.04,86.99,144.77,73.79,28.97,107.95,109.72,76.41,26.81,102.27,196.25,108.31,100.99,170.05,32.22,99.17,63.92,40.66,90.57,96.39,157.64,60.26,46.28,37.05,50.11,95.48,33.46,80.4,67.81,48.93,92.27,44.08,53.7,33.38,113.49,106.93,99.22,49.64,65.67,54.92,77.65,88.19
2015-05-07,125.26,64.7,46.5,74.73,157.9,78.43,16.24,141.49,86.43,144.56,74.52,28.805,107.57,109.26,76.81,27.04,101.79,197.39,110.04,101.01,170.99,32.245,99.66,64.5,40.7,92.05,96.78,158.61,60.3,46.7,37.54,50.725,95.15,33.58,80.2,68.43,49.35,90.23,44.23,54.06,33.37,114.76,107.31,99.64,49.73,66.58,54.81,78.03,87.6
2015-05-08,127.62,65.24,47.57,76.31,162.34,78.98,16.45,145.46,87.31,145.88,72.4,29.23,108.65,110.11,77.11,27.36,103.85,200.5,112.47,102.12,172.68,32.8,101.47,65.49,40.98,93.51,98.23,160.6,60.74,47.75,37.89,51.22,96.55,34.02,80.96,69.41,49.78,92.43,44.15,54.7,33.69,115.68,107.44,100.36,50.14,69.47,56.05,78.53,88.99
2015-05-11,126.32,65.2,47.33,76.785,161.05,79.7,16.49,145.89,88.77,144.27,71.2,29.21,107.36,108.6,76.57,26.92,104.73,201.73,111.9,102.69,171.12,32.69,101.03,65.45,40.94,92.52,97.51,159.9,60.0,47.37,38.25,51.395,96.35,33.96,80.27,69.05,49.5,91.77,43.59,54.44,33.49,114.77,106.75,100.53,49.8,69.02,55.51,78.1,86.78
2015-05-12,125.865,64.81,47.13,76.57,158.24,79.08,16.43,145.43,88.16,144.07,71.77,29.23,107.56,109.24,76.3,27.03,105.56,200.53,112.52,102.31,170.55,32.25,100.47,65.36,40.69,92.39,97.95,160.07,59.44,47.35,37.72,51.185,96.2,33.78,79.95,68.785,49.71,92.47,43.47,54.165,33.66,114.64,105.77,99.97,49.62,68.69,55.47,78.96,87.02
2015-05-13,126.01,65.3,47.03,77.08,158.39,79.86,16.47,145.62,88.44,143.24,71.79,29.35,107.7,109.19,74.44,27.21,106.39,201.43,111.19,104.44,172.28,32.64,100.55,65.52,41.05,92.52,97.35,161.31,59.18,47.625,37.78,51.08,96.41,33.53,79.7,69.73,49.59,92.51,43.38,54.69,33.9,115.86,102.39,99.43,49.73,68.65,55.6,78.16,86.56
2015-05-14,128.95,65.97,48.67,79.43,161.98,80.75,16.52,147.96,88.74,142.6,72.88,29.05,108.45,109.93,75.49,27.41,108.74,202.62,111.94,106.44,174.05,32.97,101.83,66.05,41.5,93.84,97.71,163.15,59.78,48.72,38.14,51.72,98.0,33.94,80.57,70.52,50.555,92.17,43.18,55.605,34.13,118.53,102.09,100.67,49.97,70.0,56.04,78.72,86.97
2015-05-15,128.77,65.99,48.71,78.92,162.36,80.22,16.35,146.88,88.43,144.83,72.4,29.55,108.03,110.3,76.15,27.27,109.3,202.97,113.35,106.85,173.26,32.99,102.3,65.88,41.52,93.22,98.04,163.3,60.23,48.295,37.85,52.49,98.22,33.99,81.05,71.06,50.8,92.14,43.72,55.61,34.33,119.33,103.83,102.13,49.79,69.57,55.52,79.24,87.35
2015-05-18,130.19,65.61,48.84,79.41,163.44,80.17,16.51,146.71,88.29,145.06,72.8,29.76,106.65,110.33,76.03,27.31,111.0,204.66,114.33,106.77,173.06,33.41,103.42,66.42,41.32,93.08,98.02,162.87,60.01,48.01,38.33,52.375,98.05,33.98,80.74,70.42,51.18,92.75,43.65,55.79,34.87,119.8,103.95,101.91,49.6,70.0,55.75,79.92,86.85
2015-05-19,130.07,65.73,49.01,79.62,163.56,81.36,16.77,147.05,87.24,144.74,71.48,29.735,105.02,110.56,76.19,27.35,110.56,205.4,112.34,105.81,173.48,33.15,103.96,67.01,41.31,93.8,100.68,163.12,60.52,47.58,38.69,52.32,97.95,34.21,80.83,69.62,51.42,90.56,43.67,55.78,34.37,120.55,104.02,102.08,49.55,70.16,56.4,76.43,86.99
2015-05-20,130.06,65.89,49.14,79.61,163.98,80.96,16.74,146.42,87.93,143.49,70.16,29.62,105.25,110.2,76.54,27.64,110.17,205.08,112.1,106.23,173.76,33.37,103.6,66.48,41.35,93.24,100.11,161.9,60.46,47.58,38.33,52.305,97.69,34.3,80.48,69.28,51.03,90.75,43.67,55.63,34.62,121.24,103.28,101.96,49.69,69.78,56.08,75.9,87.13
2015-05-21,131.39,65.65,49.34,80.56,163.84,80.76,16.73,147.35,89.33,143.94,72.91,29.43,105.49,110.39,76.16,27.72,111.22,204.95,112.01,106.36,173.34,33.55,102.42,66.65,41.23,92.9,99.28,162.06,60.1,47.42,38.04,52.2,97.2,34.36,80.41,70.09,51.33,92.03,43.38,55.5,35.07,120.46,104.96,102.05,49.9,69.37,56.01,76.11,87.21
2015-05-22,132.54,65.48,49.03,80.04,163.58,81.25,16.75,144.81,88.63,143.68,75.01,29.26,104.89,110.26,76.05,27.68,111.71,207.8,112.16,105.92,172.22,33.45,101.35,66.47,41.21,92.69,98.99,160.98,59.38,46.9,38.17,52.215,96.26,34.28,79.95,69.51,51.48,92.02,43.23,55.365,34.71,119.59,104.2,101.43,49.61,69.62,56.0,75.86,86.52
2015-05-26,129.62,66.1,48.6,79.365,159.01,80.19,16.5,142.8,87.84,143.25,73.57,28.95,103.29,109.44,75.76,27.52,109.77,206.38,110.93,104.84,170.13,33.105,100.82,65.73,40.99,91.89,98.46,159.59,58.97,46.59,37.79,51.71,95.79,34.11,79.14,69.36,50.84,90.74,43.3,54.56,34.67,118.24,102.9,100.52,49.42,68.54,55.66,74.9,85.35
2015-05-27,132.045,67.38,49.01,80.16,160.44,80.11,16.74,143.0,87.92,145.42,73.95,29.31,103.11,110.37,76.21,27.52,112.46,209.06,112.16,105.38,172.0,33.71,101.13,66.47,41.12,92.59,98.66,161.02,59.46,47.61,38.62,51.42,96.38,34.3,79.39,71.02,51.59,91.0,43.73,55.97,34.95,119.45,102.62,100.92,49.57,69.49,56.07,75.19,85.11
2015-05-28,131.78,67.47,49.26,80.015,157.35,80.09,16.67,142.33,86.01,144.26,72.68,29.35,103.24,110.53,75.95,27.63,112.85,208.48,112.19,105.69,171.71,34.01,101.15,66.2,41.14,92.82,96.48,160.87,59.7,47.45,38.73,51.15,97.06,34.44,79.33,70.6,51.81,90.65,43.51,55.91,34.8,119.62,101.36,99.87,49.54,69.56,56.21,74.84,85.11
2015-05-29,130.28,66.59,48.6,79.09,156.26,79.72,16.5,140.52,85.32,142.59,72.75,29.31,103.0,110.37,75.73,27.27,112.27,206.19,111.42,104.2,169.65,34.46,100.14,65.78,40.96,92.26,95.93,159.08,60.89,46.86,38.2,50.835,96.43,34.75,78.39,69.68,51.96,90.77,43.69,55.92,34.54,120.21,100.91,99.22,49.44,68.68,55.96,74.27,85.2
2015-06-01,130.535,66.93,48.94,79.87,157.03,79.47,16.55,141.25,85.53,142.39,73.1,29.18,102.63,110.96,76.0,27.28,114.08,207.81,111.67,104.06,170.18,33.905,100.04,66.08,40.94,92.56,96.22,158.98,60.75,47.23,38.58,50.88,95.97,34.56,78.85,69.415,52.22,90.65,43.67,55.71,34.35,119.86,101.93,99.48,49.22,69.11,56.04,74.73,85.13
2015-06-02,129.96,66.62,48.94,79.82,156.44,79.99,16.72,143.25,86.17,141.4,72.9,29.08,102.58,110.75,75.05,27.33,113.94,206.43,111.59,104.56,169.65,33.27,99.98,66.02,40.99,93.17,96.29,159.08,60.24,46.92,38.52,51.055,96.05,34.49,78.54,69.35,51.73,91.5,43.28,55.25,34.36,117.75,101.6,99.43,49.14,69.04,56.18,74.53,85.14
2015-06-03,130.12,67.01,48.86,80.13,157.13,80.6,16.93,143.81,86.23,142.13,73.47,29.09,102.17,111.17,74.2,27.53,114.65,208.29,113.16,104.98,169.92,32.73,100.09,66.7,40.87,93.5,96.52,160.16,60.39,46.85,39.01,51.255,95.3,34.41,78.56,69.86,52.12,91.36,43.12,54.885,35.03,118.35,101.99,100.6,49.08,68.95,56.91,74.89,84.95
2015-06-04,129.36,67.42,48.68,78.75,158.09,79.36,16.78,141.19,85.47,140.65,72.21,28.61,101.39,110.3,74.21,27.26,113.93,208.87,111.46,103.72,168.38,32.31,99.23,66.33,40.59,92.57,96.31,158.35,59.47,46.36,38.7,50.975,94.14,34.24,78.15,68.9,51.72,90.07,43.18,53.98,35.27,116.65,101.74,100.1,48.1,68.21,56.14,74.15,84.22
2015-06-05,128.65,67.4,48.45,78.86,157.25,79.39,17.19,140.73,86.05,138.78,73.55,28.58,101.59,110.3,72.85,27.29,113.96,210.45,110.37,103.74,167.4,31.84,98.59,67.42,40.1,92.62,95.54,157.08,58.99,46.14,39.29,51.015,93.05,34.09,77.43,68.255,52.19,90.17,42.66,53.785,34.57,116.53,102.28,100.51,47.23,68.37,56.61,73.06,84.28
2015-06-08,127.8,67.79,48.44,78.16,156.47,78.81,17.08,140.64,86.15,138.05,71.84,28.275,100.42,109.29,72.45,27.24,113.7,209.79,109.93,103.26,165.34,31.3,97.96,66.89,40.16,91.9,95.32,156.59,58.87,45.73,39.09,50.72,92.84,33.98,77.71,67.275,51.53,89.37,42.6,52.82,34.59,116.91,100.71,99.27,47.44,67.68,56.12,72.61,84.85
2015-06-09,127.42,67.67,48.18,77.9,154.8,79.17,17.31,140.1,86.73,138.04,71.76,28.24,100.42,108.52,72.13,27.33,114.75,209.02,109.53,103.56,165.68,31.25,98.21,67.18,40.2,92.09,94.73,156.98,58.84,45.65,39.13,50.675,93.07,34.01,78.9,66.84,51.54,89.86,42.44,52.915,34.51,116.99,99.7,99.62,47.34,67.95,56.7,72.47,84.58
2015-06-10,128.88,68.24,48.5,79.56,155.55,80.19,17.59,141.62,88.48,139.43,73.03,28.66,101.83,110.0,72.05,27.63,117.67,213.13,110.98,104.77,168.92,31.82,98.88,68.26,40.33,94.17,95.3,159.04,59.61,46.61,39.89,51.67,93.69,34.31,79.54,67.31,52.69,91.63,42.34,54.19,34.72,118.55,99.67,100.46,47.47,69.63,57.21,72.93,85.21
2015-06-11,128.59,68.04,49.06,79.65,157.96,80.3,17.49,142.96,88.17,139.32,72.4,28.86,101.12,110.62,72.86,27.51,119.13,213.94,111.29,104.9,168.78,31.85,99.24,68.52,40.1,94.5,95.59,159.86,58.91,46.44,39.87,51.94,94.09,34.46,79.41,67.6,52.49,90.67,42.59,53.64,34.88,119.32,100.92,101.0,47.76,69.64,57.26,72.94,85.09
2015-06-12,127.17,67.05,48.67,79.86,156.12,79.53,17.49,142.8,87.85,138.78,71.77,28.54,99.87,109.95,72.53,27.39,117.66,213.06,110.6,104.05,166.99,31.32,98.35,68.25,39.96,93.77,95.06,158.04,57.87,45.97,39.61,51.89,93.74,34.21,78.87,67.025,52.63,90.15,42.3,53.01,34.65,117.65,100.5,100.06,47.25,69.33,57.09,72.43,84.02
2015-06-15,126.92,66.91,48.07,78.9,156.1,79.25,17.47,142.29,87.13,137.23,72.56,28.48,99.29,110.18,72.5,27.21,118.16,211.76,110.01,103.44,166.26,31.39,97.49,67.99,39.59,93.3,94.3,155.87,57.12,45.475,39.53,51.675,92.64,34.04,78.12,66.625,52.27,89.43,42.09,53.045,34.41,118.98,100.52,99.96,47.0,68.57,56.98,71.93,83.72
2015-06-16,127.6,66.77,48.48,79.94,156.23,79.36,17.55,142.34,86.59,137.98,73.4,28.71,100.04,111.06,72.57,27.22,119.07,213.56,110.23,104.1,166.84,31.635,98.36,68.37,40.08,94.15,94.63,156.49,57.71,45.83,39.74,52.28,93.55,34.04,79.1,66.46,52.965,89.69,42.48,53.09,34.67,121.55,100.52,100.35,47.42,69.01,57.22,72.35,84.68
2015-06-17,127.3,67.77,48.57,77.91,155.65,80.32,17.37,143.43,87.25,138.875,74.42,28.93,99.76,111.49,73.08,27.27,118.88,212.93,110.47,104.2,167.17,31.95,98.73,68.14,40.27,94.45,95.22,156.95,57.91,45.97,39.58,52.375,94.05,33.98,80.08,66.55,53.24,89.67,42.69,53.29,34.8,119.74,101.18,100.42,47.27,68.75,57.17,72.73,84.73
2015-06-18,127.88,68.98,49.94,79.39,160.12,80.77,17.38,145.38,87.44,140.5,75.71,29.21,100.25,113.22,74.54,27.37,121.21,214.6,111.85,105.53,168.25,32.38,100.36,68.78,40.65,96.05,96.17,159.62,58.59,46.72,39.79,53.0,95.23,34.37,80.82,67.36,54.11,88.63,43.32,54.22,35.02,120.89,102.31,101.4,47.77,69.5,57.7,72.98,85.48
2015-06-19,126.6,69.48,49.89,79.7,160.72,80.19,17.17,145.13,87.52,140.3,75.0,29.03,99.47,112.62,73.2,27.24,119.8,213.19,112.43,105.34,166.99,32.07,99.86,68.08,40.4,94.81,96.08,158.95,58.04,46.1,39.37,53.265,94.86,34.18,80.54,66.88,53.93,86.62,42.73,54.51,34.99,120.33,101.16,100.84,47.46,68.69,57.05,72.74,85.21
2015-06-22,127.61,70.12,50.03,82.28,162.22,81.25,17.47,145.7,88.27,140.19,74.78,28.94,100.29,113.53,73.07,27.42,121.49,216.51,113.07,105.37,167.73,32.26,100.09,68.96,40.48,95.42,96.87,159.68,58.83,46.23,39.85,53.395,95.6,34.31,80.45,67.365,53.9,86.97,42.51,55.5,35.04,120.25,101.44,101.39,47.53,69.09,57.91,72.79,85.17
2015-06-23,127.03,70.02,49.88,83.55,161.69,81.36,17.67,144.43,88.45,139.65,74.2,28.785,100.09,114.41,71.78,27.55,122.21,218.4,113.18,104.76,168.62,32.085,99.78,69.75,40.38,95.7,97.18,159.84,59.03,45.91,40.21,53.6,95.6,34.5,79.79,66.98,54.115,88.0,42.05,54.83,35.91,122.74,101.15,100.75,47.77,69.42,57.89,72.57,85.07
2015-06-24,128.11,69.22,49.5,83.4,159.89,80.74,17.49,143.0,88.17,138.34,73.5,28.51,99.27,113.77,70.93,27.26,122.01,214.43,112.35,104.1,166.97,31.91,99.33,69.02,40.19,95.51,96.64,157.54,58.24,45.635,39.64,53.11,95.29,34.23,79.51,65.35,53.71,87.51,41.7,53.99,35.78,119.17,98.25,99.39,47.29,68.86,57.54,72.38,84.68
2015-06-25,127.5,69.82,49.33,83.94,158.76,79.88,17.37,142.45,86.72,137.45,73.61,28.4,98.34,114.45,70.68,27.04,120.23,212.82,112.24,103.36,166.08,31.99,99.12,68.65,40.02,94.46,95.79,155.92,57.9,45.65,39.22,52.61,94.83,34.02,79.39,65.26,54.07,86.67,41.61,53.795,36.18,122.33,96.97,98.94,47.44,68.62,57.17,71.86,83.93
2015-06-26,126.75,70.46,49.97,82.74,158.02,79.88,17.41,142.48,86.82,138.06,72.34,28.28,98.6,114.99,71.0,27.09,119.5,213.17,112.6,103.54,165.46,31.02,99.64,68.95,40.0,94.51,97.29,157.09,58.49,45.26,39.5,54.855,94.91,33.92,79.34,64.67,54.62,86.67,41.89,52.9,36.12,123.25,96.77,99.35,47.62,68.75,57.44,72.12,83.86
2015-06-29,124.53,67.18,49.01,81.28,151.6,77.8,16.89,138.73,85.3,135.69,70.0,27.54,96.69,113.05,70.85,26.64,115.455,207.65,110.54,101.85,162.97,30.39,97.68,67.2,39.4,92.52,95.44,153.95,57.29,44.37,38.31,53.835,93.69,33.59,78.32,62.62,53.55,85.66,41.96,51.52,35.77,121.19,95.53,97.31,46.77,66.72,56.06,71.42,82.82
2015-06-30,125.425,67.19,49.08,81.01,153.52,77.72,17.02,138.72,84.82,135.06,69.63,27.46,96.47,114.14,70.62,26.57,117.08,208.79,111.13,101.97,162.66,30.415,97.46,67.76,39.23,93.48,95.07,154.3,56.93,44.15,38.79,54.01,93.34,33.53,78.24,62.63,53.615,86.19,41.9,51.51,35.52,122.0,95.37,96.91,46.61,67.15,56.24,70.93,83.2
2015-07-01,126.6,68.51,49.52,80.945,154.99,78.4,17.22,140.73,83.95,136.49,70.54,27.35,96.09,115.13,71.08,26.66,116.01,209.94,112.07,102.84,164.49,30.18,98.47,68.07,39.5,94.5,95.76,155.65,57.6,44.445,39.36,54.715,94.52,33.69,79.72,62.9,53.89,84.3,42.18,51.91,35.57,123.38,96.16,96.94,47.0,67.85,56.91,71.88,82.37
2015-07-02,126.44,68.21,49.41,80.75,153.26,78.21,17.03,140.21,84.38,136.39,70.42,27.33,95.87,114.97,72.53,26.78,115.04,209.2,111.49,102.51,165.09,30.555,98.44,67.52,39.49,94.24,96.17,155.38,57.67,44.4,39.0,54.935,94.66,33.37,79.93,63.11,54.24,84.01,42.89,51.97,35.73,121.81,96.66,97.2,47.2,68.24,56.74,71.86,83.14
2015-07-06,126.0,68.22,49.74,80.5,154.5,77.59,16.94,140.52,83.15,135.88,69.16,27.22,94.77,115.7,72.85,26.31,115.66,208.04,111.32,102.38,164.73,30.04,98.2,67.33,39.42,94.52,95.65,155.08,57.55,44.39,38.85,54.92,94.4,33.25,80.05,63.11,54.305,83.49,43.12,51.39,35.61,122.16,96.24,96.66,47.04,68.12,56.44,72.53,82.53
2015-07-07,125.69,68.56,50.21,80.59,155.39,77.55,16.69,143.15,83.99,140.5,70.26,27.36,95.27,117.1,75.27,26.47,115.13,208.21,112.4,102.84,165.0,29.9,98.92,66.8,40.25,93.89,96.68,155.43,57.99,44.3,38.62,55.645,96.4,33.73,81.72,62.8,54.375,84.2,44.26,51.21,35.77,120.7,97.74,97.5,47.25,67.77,56.25,73.79,82.87
2015-07-08,122.57,67.66,49.25,79.99,152.31,75.93,16.25,141.92,82.27,139.9,69.39,26.99,93.56,115.19,74.79,25.89,112.94,204.06,111.0,100.97,163.16,29.5,97.77,65.43,39.86,92.49,95.84,152.71,57.35,44.24,37.79,54.635,95.61,33.45,80.99,61.91,53.39,82.92,44.2,49.53,34.79,118.78,95.85,95.49,46.58,66.73,55.25,73.06,81.97
2015-07-09,120.07,67.97,49.19,80.47,151.31,76.34,16.48,142.8,81.69,139.45,69.96,26.91,93.78,115.6,74.07,26.02,113.36,204.81,111.38,101.18,163.85,28.93,98.4,66.11,39.92,93.04,96.49,153.75,57.38,44.52,38.1,54.72,94.59,33.86,80.66,61.86,54.05,83.55,43.27,48.11,34.39,119.34,96.25,95.75,46.26,67.05,55.5,72.78,81.6
2015-07-10,123.28,69.23,49.93,80.59,154.1,77.31,16.7,144.48,82.15,142.72,71.14,27.28,94.41,116.44,74.37,26.27,113.74,207.19,113.1,102.41,166.95,29.17,99.53,67.05,40.39,94.62,97.65,154.95,57.95,44.61,38.64,55.26,95.55,34.36,80.95,62.73,54.57,83.96,43.36,49.01,34.65,122.15,97.82,96.96,47.0,68.42,56.08,73.12,82.22
2015-07-13,125.66,69.57,49.72,81.44,155.76,78.53,17.02,146.62,83.64,144.06,71.05,27.79,94.6,118.05,74.35,26.47,114.55,210.12,114.9,103.77,169.38,29.73,100.27,68.09,40.66,95.5,98.43,156.47,57.87,45.54,39.32,56.205,97.22,34.82,81.91,63.43,55.7,84.29,43.4,49.33,34.88,122.45,97.08,97.76,47.2,69.52,56.74,73.88,82.42
2015-07-14,125.61,69.8,50.2,81.89,159.32,78.97,17.13,147.75,84.46,143.93,71.79,28.03,95.55,117.85,73.8,26.66,117.36,212.16,115.36,104.08,168.61,29.65,99.78,69.04,41.17,95.27,98.78,156.78,58.19,45.62,39.71,56.17,97.13,35.08,82.04,63.94,55.75,85.29,43.21,49.76,35.12,125.0,96.79,97.87,47.41,70.1,57.25,73.79,83.11
2015-07-15,126.82,69.75,49.31,82.12,160.45,78.54,17.68,146.89,84.16,143.63,71.36,28.11,94.24,118.3,74.02,26.77,117.39,212.96,115.58,103.84,168.53,29.69,100.42,69.19,41.13,95.25,99.07,156.0,58.22,45.76,39.7,55.95,96.35,34.98,82.15,63.88,55.34,83.63,43.37,49.49,34.73,125.86,96.98,97.18,47.33,70.02,57.78,73.65,82.76
2015-07-16,128.51,69.99,49.77,82.52,163.04,78.92,17.95,148.49,83.76,144.33,72.42,28.32,94.48,119.07,74.81,27.04,118.85,211.18,114.73,103.57,171.0,29.9,101.11,69.56,41.48,95.82,97.86,157.17,58.82,46.66,39.91,56.17,96.9,35.1,82.3,64.55,55.74,83.89,43.98,49.36,35.16,124.93,96.04,97.48,47.83,70.57,58.17,73.83,82.91
2015-07-17,129.62,69.99,49.9,82.1,163.27,79.22,18.1,146.84,83.16,144.68,72.81,28.18,93.15,118.86,73.57,27.24,118.26,212.46,114.47,105.54,172.51,29.47,100.08,69.21,41.25,96.08,97.5,156.69,58.82,46.62,40.2,56.4,96.78,35.07,82.24,64.34,55.69,83.71,43.51,49.36,35.01,123.85,97.42,97.6,47.59,70.88,57.94,73.39,82.61
2015-07-20,132.07,70.8,50.06,82.09,164.34,79.3,18.12,146.72,82.25,145.04,72.77,28.03,92.94,119.58,73.27,27.14,118.2,212.39,113.41,106.37,173.22,29.1,100.37,69.26,41.38,97.26,97.49,157.12,59.0,46.92,40.04,56.565,97.31,35.24,82.19,63.79,56.21,83.52,43.32,50.09,34.9,122.65,98.31,97.59,48.1,72.7,58.05,73.1,81.76
2015-07-21,130.75,70.54,49.76,81.19,163.7,78.95,18.08,145.0,82.22,144.94,73.83,27.84,93.9,119.31,72.42,26.85,117.78,211.5,113.86,105.4,163.07,28.72,100.34,69.1,41.19,96.71,97.32,155.76,58.67,47.28,40.08,56.495,96.93,35.14,81.63,65.14,56.2,84.3,43.21,50.23,34.57,120.86,98.82,97.96,46.97,72.02,57.95,72.74,81.66
2015-07-22,125.22,70.56,50.98,80.73,164.25,78.99,18.45,146.47,79.76,146.38,73.87,27.53,93.51,119.33,72.37,26.63,117.44,213.25,114.9,104.74,160.35,28.605,100.18,70.08,40.9,96.88,97.58,155.41,58.13,45.54,40.54,57.045,97.17,34.88,80.83,64.19,56.69,85.26,43.25,49.3,34.27,120.61,97.68,97.23,46.45,71.97,58.52,73.16,81.79
2015-07-23,125.16,70.52,51.2,80.64,164.1,77.01,18.18,146.11,76.88,145.6,72.21,28.01,92.94,118.8,71.56,26.26,117.66,211.05,114.59,104.32,161.73,28.595,100.2,69.64,40.84,95.16,97.09,149.5,58.07,46.11,39.94,57.0,96.87,34.78,80.7,61.78,56.56,86.02,42.98,50.51,33.93,119.33,92.12,96.11,46.35,71.75,58.21,72.51,81.14
2015-07-24,124.5,68.08,51.05,80.98,158.59,75.9,17.9,144.06,76.1,144.99,73.92,28.4,90.6,118.91,71.69,25.75,112.83,207.35,113.59,102.77,159.75,28.06,99.15,68.91,40.44,95.83,96.1,149.33,57.41,45.94,39.6,56.495,96.18,34.26,80.29,61.64,57.29,82.9,42.88,49.03,34.29,117.94,92.61,94.75,46.04,74.8,57.78,71.58,79.94
2015-07-27,122.77,69.34,50.69,79.93,165.54,74.92,17.67,141.03,75.32,144.25,72.46,28.21,89.14,118.25,73.0,25.95,110.54,205.02,113.07,101.64,159.07,28.35,98.28,68.01,40.54,94.39,96.04,148.71,56.99,45.35,39.25,55.865,95.66,34.34,79.97,61.98,56.98,81.76,43.44,49.03,34.32,117.88,92.39,95.12,45.83,73.86,57.59,71.38,79.26
2015-07-28,123.38,71.23,50.94,80.59,172.74,75.11,17.88,141.81,77.78,144.55,73.79,28.21,92.4,118.46,73.13,26.1,113.07,206.24,114.84,104.2,160.05,28.96,99.02,68.05,40.55,95.16,97.33,151.11,57.52,45.34,39.25,56.735,96.11,35.35,80.23,63.1,57.14,82.5,43.54,50.08,34.33,121.52,96.62,99.94,45.89,74.74,57.4,72.1,82.48
2015-07-29,122.99,70.77,51.06,80.25,171.47,75.7,18.16,144.14,77.33,145.38,73.88,28.4,93.25,119.84,73.11,26.26,115.71,206.84,116.37,105.54,161.09,29.01,99.73,68.94,40.59,96.73,98.21,151.45,58.54,46.29,39.29,57.46,96.53,35.76,80.62,63.17,57.51,83.89,43.57,49.96,34.69,121.52,98.53,100.89,46.56,76.01,57.96,72.23,83.14
2015-07-30,122.37,70.16,50.77,81.29,171.69,76.12,18.13,143.01,78.35,145.3,73.36,28.3,93.03,120.03,73.45,26.12,117.9,207.2,116.46,105.38,160.96,28.91,99.84,69.04,40.56,98.41,99.17,151.57,58.52,46.88,39.3,57.505,96.63,35.73,77.39,64.41,58.06,83.52,44.38,50.24,34.8,120.56,97.7,101.4,46.67,76.38,58.15,72.16,83.01
2015-07-31,121.3,70.01,50.69,81.99,176.59,76.06,17.88,144.17,78.63,145.3,73.3,28.42,88.48,120.0,74.22,26.1,117.86,205.07,117.03,105.05,161.99,28.95,100.21,68.53,41.08,97.4,99.86,151.34,58.96,46.7,38.84,57.61,96.35,36.06,76.7,64.39,57.93,82.82,44.73,49.98,34.74,121.4,97.59,102.36,46.79,75.34,57.87,71.98,79.21
2015-08-03,118.44,69.73,50.5,81.4,175.59,75.98,17.77,143.69,77.26,145.52,72.44,28.36,85.6,121.12,74.96,25.87,119.6,204.69,116.89,104.7,158.71,29.05,100.02,68.53,41.54,97.44,99.42,150.12,59.05,46.81,38.76,57.415,97.45,36.15,76.4,64.43,58.19,82.08,44.96,50.09,34.66,120.89,96.47,102.75,46.97,75.77,57.91,72.18,78.06
2015-08-04,114.64,69.95,50.51,82.06,174.8,75.72,17.8,143.54,76.6,144.84,71.89,28.03,85.21,121.69,73.92,25.9,118.87,205.17,117.53,104.62,157.6,29.13,99.8,68.46,41.85,97.3,99.14,150.4,58.7,47.54,38.92,57.885,97.81,36.11,75.91,63.45,58.7,82.27,44.42,49.84,34.58,120.84,95.72,102.64,46.67,75.27,57.82,72.25,77.17
2015-08-05,115.4,70.3,50.48,83.38,176.44,75.59,17.87,144.95,76.88,146.89,72.53,28.27,84.03,110.53,73.98,26.1,118.66,205.7,118.0,105.73,157.9,29.12,100.52,68.73,42.12,98.27,99.8,151.01,59.1,47.58,39.0,58.375,99.19,35.82,75.77,63.88,59.01,82.5,44.61,50.855,34.57,123.92,95.07,102.94,46.64,74.98,57.65,73.51,77.17
2015-08-06,115.13,69.24,50.32,82.19,169.66,75.0,17.81,143.82,77.46,146.44,70.43,28.21,85.19,108.55,73.84,26.03,115.3,205.09,116.56,105.79,156.32,29.01,99.07,68.25,41.92,97.16,99.35,149.26,58.43,46.62,38.93,57.56,99.15,35.17,75.74,62.84,57.23,83.59,45.06,50.25,34.24,122.04,93.8,102.43,46.63,73.58,57.53,72.79,78.09
2015-08-07,115.52,68.62,50.11,82.69,172.31,79.72,17.75,142.42,77.29,145.26,70.41,28.15,83.75,109.35,75.15,25.79,114.44,203.44,116.93,105.46,155.12,28.88,98.85,68.05,41.77,97.77,98.92,148.89,57.97,46.74,38.58,57.255,99.1,35.19,75.48,63.02,57.2,82.25,45.53,50.32,34.21,121.82,92.5,102.14,46.36,74.21,57.47,71.25,76.83
2015-08-10,119.72,69.21,50.66,83.62,170.6,81.26,18.04,145.86,80.16,146.25,71.27,28.59,85.89,111.0,74.81,26.24,116.58,205.97,117.6,107.3,156.75,29.64,99.79,68.89,41.68,98.08,99.39,151.24,58.41,47.33,39.08,57.68,99.09,35.36,76.38,63.15,56.27,84.44,45.46,52.08,34.78,122.48,93.48,103.43,47.23,74.38,57.94,71.48,78.75
2015-08-11,113.49,68.25,50.39,83.9,168.56,81.34,17.79,144.05,78.04,145.89,71.63,28.02,85.78,108.0,75.29,25.71,115.61,201.7,117.69,105.37,155.51,28.97,99.01,68.23,41.48,97.2,98.81,148.48,57.76,46.41,37.92,57.23,98.62,35.12,76.22,62.55,56.35,84.36,45.91,50.64,34.65,122.26,92.31,102.99,47.6,73.36,57.21,71.93,77.49
2015-08-12,115.24,68.75,50.09,83.82,170.62,81.0,17.52,142.43,78.92,146.49,71.04,27.9,86.79,106.99,75.56,25.86,116.25,201.13,117.69,105.54,156.16,29.46,98.71,67.24,41.26,97.04,98.28,148.52,58.26,46.74,37.57,56.53,98.38,35.37,76.39,62.58,56.38,84.83,46.57,51.11,34.02,121.2,92.82,102.82,47.85,73.54,56.72,72.58,78.79
2015-08-13,115.15,68.54,49.84,84.31,168.58,80.76,17.62,144.81,77.76,145.27,71.4,28.7,85.85,107.52,75.58,25.79,115.2,200.74,119.02,105.52,155.07,28.87,98.48,67.55,41.1,97.23,99.37,147.4,58.98,46.73,37.75,56.8,98.79,35.36,75.78,62.03,56.85,84.09,46.16,50.63,33.81,120.52,92.7,101.84,47.66,73.93,56.89,72.11,78.65
2015-08-14,115.96,68.65,50.23,86.12,167.72,80.91,17.7,145.09,78.49,146.09,72.99,29.03,85.99,107.16,76.37,26.08,115.6,202.02,119.75,106.08,155.75,29.02,98.81,67.89,41.25,97.89,99.27,148.28,59.18,47.0,38.05,57.18,99.23,35.32,75.62,61.91,57.1,83.86,46.33,50.64,34.05,121.02,92.74,102.73,47.49,74.22,57.33,72.38,78.36
2015-08-17,117.16,69.37,50.38,86.77,169.79,81.0,17.77,144.44,78.54,146.09,74.04,28.825,83.23,109.05,76.52,26.21,116.42,202.57,119.7,106.28,156.31,29.08,99.87,68.07,41.35,97.86,100.66,149.24,59.71,47.32,38.14,57.49,99.86,35.5,75.53,62.07,57.74,83.5,46.3,50.9,34.23,123.82,92.74,102.9,47.52,74.41,57.35,71.91,78.77
2015-08-18,116.5,68.86,50.44,86.45,167.72,81.24,17.69,144.6,78.82,145.63,72.58,28.25,83.44,106.94,76.24,26.07,117.06,201.18,122.8,106.21,156.01,28.91,99.37,68.21,41.3,97.6,100.76,148.31,59.66,47.27,37.82,57.41,99.77,35.52,75.13,61.32,57.83,83.15,46.07,49.91,34.35,125.5,92.78,102.76,47.46,74.47,57.54,69.48,77.9
2015-08-19,115.01,68.59,49.84,85.48,166.57,80.95,17.46,142.72,77.41,145.17,72.04,27.8,80.91,106.45,77.21,25.73,116.21,200.95,122.76,105.04,153.94,28.36,99.31,67.6,40.78,96.6,101.1,145.87,59.66,46.61,37.44,57.48,98.99,35.27,74.12,61.18,57.59,80.67,46.31,49.2,34.36,123.22,92.16,102.31,47.44,74.4,57.06,68.57,76.23
2015-08-20,112.65,67.48,48.53,82.69,161.15,78.76,16.72,137.02,76.41,143.71,67.82,27.04,79.24,100.02,76.77,25.19,112.39,196.75,120.54,102.64,152.66,27.53,98.79,65.94,40.55,94.56,99.76,143.35,56.95,45.66,36.17,56.15,97.98,34.55,73.91,60.15,55.81,79.44,46.36,47.43,33.95,119.79,89.32,101.05,46.88,73.95,56.12,68.43,74.57
2015-08-21,105.76,65.9,47.13,78.87,155.19,77.03,16.1,131.71,75.0,138.99,69.15,26.47,75.76,98.84,76.71,24.59,105.33,187.74,116.16,98.88,148.85,26.56,95.56,63.6,39.53,90.68,97.13,142.09,55.77,43.07,34.21,53.435,96.25,33.54,71.84,57.61,52.84,77.5,45.8,45.96,33.38,116.28,86.45,99.14,46.1,71.19,53.97,66.54,72.13
2015-08-24,103.12,63.45,43.7,74.27,147.64,74.65,15.29,127.19,72.82,132.97,65.17,25.19,72.12,95.36,72.44,23.87,100.655,179.46,112.54,95.28,143.47,26.25,92.82,60.25,38.38,87.83,92.87,138.58,53.99,41.68,32.26,51.935,91.83,32.13,69.14,55.28,50.34,73.87,43.58,44.89,32.37,110.43,82.66,95.51,44.74,68.36,51.25,63.95,68.72
2015-08-25,103.74,60.71,42.9,74.57,145.19,73.52,15.26,125.49,72.06,132.71,65.18,24.62,70.02,95.89,70.21,23.27,102.56,178.22,110.97,93.93,140.96,25.87,90.73,59.91,37.99,86.82,91.21,137.64,51.17,40.47,31.76,51.765,89.64,31.34,68.42,53.88,51.09,72.52,42.5,43.52,31.8,109.98,80.56,94.46,43.5,66.97,50.02,63.1,68.71
2015-08-26,109.69,63.14,43.98,77.33,153.98,75.63,16.06,129.34,73.87,138.16,68.52,25.68,73.09,99.23,71.74,24.01,106.96,184.4,115.93,97.83,146.7,27.3,95.11,62.91,38.73,91.71,95.15,142.72,54.42,42.71,33.3,54.38,92.49,32.43,70.9,56.66,53.96,70.09,43.61,45.41,32.69,113.46,84.1,96.63,45.16,70.69,52.3,64.83,72.5
2015-08-27,112.92,64.51,45.64,78.91,155.72,76.88,16.44,131.87,75.66,140.21,69.94,26.17,77.64,102.17,72.52,25.01,107.99,189.21,117.66,99.89,148.54,27.72,96.22,64.48,39.27,94.05,97.33,143.9,54.95,43.9,34.3,56.31,93.6,33.26,71.48,57.36,55.95,73.85,43.91,47.06,33.44,117.77,86.28,99.15,46.19,72.4,54.03,66.08,74.85
2015-08-28,113.29,63.98,46.02,79.4,155.89,76.65,16.36,133.24,75.95,139.95,70.25,26.0,80.43,102.48,72.39,25.16,107.78,187.75,117.52,100.02,147.98,28.42,95.17,64.13,39.45,94.08,96.25,144.21,55.37,43.93,34.05,56.25,93.53,32.66,71.21,57.45,55.63,76.06,43.74,47.99,33.29,117.28,86.89,98.64,46.07,72.46,53.54,64.94,75.07
2015-08-31,112.76,62.41,45.29,78.57,151.78,76.72,16.34,130.68,76.44,140.05,69.36,25.88,80.99,101.88,70.91,24.82,105.07,188.6,116.46,99.27,147.89,28.54,93.98,64.1,39.32,92.37,95.02,142.14,53.85,43.52,34.45,55.875,92.93,32.22,70.67,56.58,54.71,77.37,43.41,47.84,33.2,115.7,85.74,97.65,46.01,71.3,53.33,64.73,75.24
2015-09-01,107.72,60.5,43.57,75.99,147.46,74.0,15.58,127.44,74.9,138.3,66.63,25.12,78.19,99.51,69.05,23.88,101.49,182.12,113.07,95.96,142.68,27.82,92.09,61.45,38.75,89.05,93.47,138.5,52.53,41.82,33.12,54.315,91.33,31.36,68.9,55.02,53.5,75.42,42.41,46.34,32.32,112.63,83.38,95.2,44.9,68.96,50.99,63.82,72.08
2015-09-02,112.34,60.98,44.24,77.25,152.29,74.94,15.85,130.63,76.1,140.42,67.98,25.65,78.06,101.89,69.16,24.57,104.27,184.51,116.48,98.01,145.05,28.6,93.35,62.57,38.9,90.43,96.04,141.24,52.98,43.36,33.79,55.35,91.64,31.97,69.81,55.86,55.26,75.41,42.52,47.35,32.82,114.23,85.11,96.71,45.35,69.62,51.99,64.44,73.23
2015-09-03,110.37,61.58,44.14,78.32,149.23,75.26,15.94,131.02,74.45,140.48,68.25,25.9,78.26,101.99,69.28,24.51,101.91,185.06,116.6,98.57,146.78,29.08,92.64,62.68,39.16,91.65,96.01,141.74,52.65,43.5,33.8,55.425,92.13,31.89,69.93,55.55,54.69,76.26,42.58,47.46,33.04,113.99,85.7,96.77,45.72,70.4,52.43,64.86,73.79
2015-09-04,109.27,59.77,43.07,76.89,147.02,74.08,15.65,129.76,73.1,138.48,67.13,25.52,76.67,100.97,68.26,24.0,102.06,180.38,114.42,96.59,143.7,28.52,91.31,61.5,38.52,90.53,94.85,139.84,51.59,42.61,33.19,54.845,90.92,31.37,68.76,54.29,54.28,75.0,41.98,46.53,32.56,112.36,84.78,95.3,44.82,69.16,51.29,63.89,72.46
2015-09-08,112.31,60.57,44.04,79.78,154.56,75.49,16.16,133.82,74.3,141.43,70.76,26.3,76.84,104.01,69.36,24.96,104.9,185.88,116.43,99.81,147.23,29.5,93.94,63.16,38.9,92.9,96.78,143.43,52.69,43.89,34.27,55.875,92.37,32.53,69.98,55.2,55.21,75.54,42.7,48.69,33.14,116.09,87.86,97.93,45.88,70.53,52.93,66.38,73.5
2015-09-09,110.15,59.26,43.23,78.52,151.08,75.12,15.9,132.65,72.96,139.68,69.03,25.94,74.92,101.91,68.21,24.55,103.82,185.68,113.97,98.86,145.05,29.24,92.22,62.18,38.3,89.97,95.43,140.86,51.93,43.07,33.75,54.93,90.83,31.96,68.48,54.32,54.69,74.4,42.46,47.61,32.78,115.08,86.95,97.05,45.39,69.6,52.19,65.12,72.0
2015-09-10,112.57,59.58,43.12,78.7,153.14,75.31,16.04,133.55,72.42,140.01,69.74,26.26,75.66,102.6,67.74,24.68,107.25,185.91,114.49,99.55,146.2,29.27,92.72,62.66,38.42,89.68,95.25,140.78,52.72,43.29,33.87,55.19,91.06,32.62,68.32,55.33,55.37,74.07,42.3,47.41,32.75,116.77,87.1,96.82,45.46,70.23,52.56,64.12,72.52
2015-09-11,114.21,59.35,43.41,79.19,153.21,75.5,16.04,134.67,72.63,141.05,70.05,26.02,75.79,104.48,68.34,24.95,109.63,185.27,115.44,99.62,147.37,29.47,92.93,62.56,38.13,91.35,97.41,141.26,52.09,43.48,33.99,55.91,91.62,32.97,68.42,54.66,56.53,73.7,42.71,47.57,32.72,118.7,86.12,97.18,45.73,70.76,52.62,64.65,72.69
2015-09-14,115.31,58.94,43.17,78.46,151.0,75.14,15.96,134.43,72.77,141.15,69.89,25.7,75.77,103.82,68.31,24.77,109.35,183.94,114.73,99.22,145.65,29.39,93.32,62.38,38.1,90.94,96.97,140.81,52.34,43.04,33.81,55.945,91.2,32.71,68.06,54.31,56.29,72.84,42.63,47.83,32.55,117.8,85.73,97.01,45.65,70.01,52.77,64.28,72.49
2015-09-15,116.28,59.2,43.81,79.53,152.14,76.5,16.31,136.3,74.58,142.43,71.27,25.98,77.17,103.43,68.59,25.3,111.05,187.45,116.18,100.32,147.53,29.73,94.4,63.58,38.5,92.11,98.19,143.6,53.55,43.98,34.58,56.92,92.06,33.17,69.45,54.87,56.91,73.59,42.63,48.3,32.86,120.03,87.98,100.52,46.37,70.51,53.47,64.32,72.86
2015-09-16,116.41,59.51,43.86,80.53,151.18,77.32,16.33,137.2,75.64,143.61,71.88,26.07,79.02,103.96,69.18,25.93,111.03,188.64,117.82,100.96,148.41,29.77,94.61,64.14,39.15,92.73,98.69,144.2,53.87,44.3,34.62,57.79,93.07,33.18,70.1,55.2,57.26,76.16,42.91,48.7,32.94,121.15,89.79,100.08,46.19,70.99,53.72,64.69,74.3
2015-09-17,113.92,59.86,44.24,80.31,153.91,77.06,15.86,137.45,74.06,143.35,72.32,25.88,79.41,104.2,69.91,25.35,111.61,186.45,117.91,100.53,148.14,29.71,94.84,62.65,39.38,93.21,97.84,142.95,53.96,44.25,34.05,57.635,93.37,33.48,70.24,54.98,57.28,75.3,43.48,48.15,32.78,123.26,89.72,100.62,45.23,70.96,52.21,64.47,74.46
2015-09-18,113.45,61.22,43.33,81.25,150.59,75.95,15.56,136.09,71.86,141.81,71.4,25.54,77.74,102.84,69.45,24.8,108.44,180.94,115.12,98.04,144.51,29.02,93.39,60.94,38.98,92.15,97.05,139.62,52.13,43.48,33.03,57.525,93.05,32.85,69.94,54.45,56.84,72.54,43.43,47.8,32.55,122.47,87.78,98.32,44.57,69.79,51.04,63.34,72.68
2015-09-21,115.21,59.39,43.3,83.32,147.09,76.74,15.7,136.02,72.16,143.21,72.14,25.54,78.09,103.41,70.05,25.09,105.74,183.35,116.58,97.74,146.48,29.16,93.13,61.45,39.19,93.05,97.9,140.04,50.98,44.11,33.34,58.28,93.71,32.42,70.65,54.39,57.54,72.87,43.77,47.45,32.56,123.94,88.25,99.65,44.8,70.78,51.55,63.72,73.39
2015-09-22,113.4,57.74,42.48,84.66,145.93,75.71,15.57,133.99,71.68,142.65,71.65,25.14,77.25,102.49,69.15,25.11,106.51,179.72,115.8,96.04,144.43,28.67,93.24,60.91,38.79,92.07,97.2,138.02,50.74,43.9,32.44,57.985,92.37,32.26,70.19,53.94,57.12,72.57,43.01,46.61,32.27,122.93,86.67,98.51,44.43,70.25,50.69,63.59,72.74
2015-09-23,114.32,57.43,42.2,85.5,145.72,75.63,15.72,131.67,70.2,145.43,71.99,25.28,76.12,101.57,69.09,25.14,105.49,179.41,116.17,94.59,143.66,28.74,92.99,60.64,38.76,92.14,97.38,137.66,51.03,43.87,32.32,57.715,92.4,32.62,70.26,53.56,57.79,71.94,42.95,46.58,32.2,123.28,85.68,97.57,43.98,70.95,50.78,63.72,72.3
2015-09-24,115.0,56.57,41.94,83.91,143.51,74.69,15.55,129.75,65.8,144.87,71.71,25.41,76.89,100.62,70.32,24.91,102.51,176.91,116.34,93.62,144.41,28.48,92.48,60.22,39.15,91.12,97.29,137.58,50.59,43.91,31.97,57.395,92.47,32.7,71.36,53.27,58.37,72.69,43.48,46.75,32.11,121.09,84.83,97.5,44.09,70.24,50.55,63.83,72.73
2015-09-25,114.71,55.74,40.86,83.13,138.53,75.1,15.89,131.01,64.98,145.55,72.44,26.025,77.7,100.3,70.71,24.92,100.14,179.83,116.74,93.52,145.42,28.81,91.0,61.47,39.62,91.3,97.59,139.56,49.6,43.94,32.19,62.5,93.47,31.89,72.67,53.22,57.99,72.9,44.13,47.17,32.33,116.37,86.59,98.76,44.22,70.69,51.48,63.78,73.23
2015-09-28,112.44,52.5,39.06,80.52,132.24,73.34,15.47,128.13,63.79,143.55,69.04,25.66,75.77,98.49,70.45,24.31,94.8,173.02,114.1,91.59,142.52,28.76,91.37,59.98,39.53,88.35,95.96,138.38,48.42,43.29,31.09,61.07,92.47,30.82,71.77,52.54,55.77,69.37,44.09,46.95,31.9,112.7,84.97,97.27,43.74,67.2,50.37,63.66,72.6
2015-09-29,109.06,52.79,39.5,79.83,133.82,73.1,15.35,128.75,64.31,143.72,68.38,25.64,76.25,99.42,70.73,24.57,96.0,171.86,112.91,92.52,142.47,29.24,93.04,59.84,39.66,88.76,97.48,141.55,48.65,43.44,31.01,59.835,93.04,31.02,72.28,52.43,55.72,69.1,44.29,47.53,32.07,114.22,86.55,98.14,43.53,68.53,50.89,63.78,72.97
2015-09-30,110.3,54.41,40.22,82.22,138.32,74.13,15.58,130.95,65.36,144.57,69.43,26.25,78.88,102.2,71.94,25.22,98.19,173.76,115.49,94.69,144.97,30.14,93.35,60.97,40.12,90.12,98.53,141.77,49.39,44.26,31.5,61.485,94.3,31.41,71.94,53.73,56.84,68.97,44.7,49.52,32.58,116.01,88.41,98.69,43.51,69.66,51.35,64.84,74.35
2015-10-01,109.58,55.13,40.76,83.75,140.23,73.89,15.55,130.61,64.39,144.56,72.91,25.73,78.34,102.67,70.67,25.19,98.27,176.02,117.03,94.71,143.59,30.0,93.17,61.42,39.8,90.73,98.78,140.8,49.37,44.61,31.5,61.915,93.85,31.84,71.95,53.18,57.48,67.65,44.19,48.44,32.53,116.61,90.4,98.58,42.96,69.99,51.44,64.27,74.06
2015-10-02,110.38,55.82,41.38,83.99,142.47,74.41,15.38,132.56,65.7,145.86,73.93,25.76,81.55,103.0,71.96,25.47,98.28,177.01,117.81,96.54,144.58,30.51,93.93,60.81,40.39,92.07,99.79,143.2,50.14,45.57,31.43,62.605,94.16,33.08,72.42,55.07,58.08,70.32,44.69,48.77,32.64,118.83,91.9,99.38,42.84,70.67,51.26,64.98,75.88
2015-10-05,110.78,56.68,41.39,85.84,143.8,77.3,15.69,134.02,69.18,148.07,75.27,26.85,84.03,103.85,73.08,26.82,99.26,180.7,119.2,98.38,149.04,31.21,94.76,62.02,41.01,94.33,101.17,146.32,51.23,46.63,32.29,62.135,95.81,33.48,73.22,56.23,59.04,72.09,45.2,50.13,33.43,119.65,93.71,101.53,44.0,72.23,52.41,65.87,76.81
2015-10-06,111.31,55.08,39.89,85.15,141.22,76.91,15.69,134.63,70.82,148.41,74.42,27.23,86.99,103.77,73.09,27.29,97.54,180.32,118.68,98.21,148.78,31.74,93.42,62.05,40.96,93.92,101.9,145.79,49.8,46.75,32.36,61.595,97.07,32.79,73.4,56.32,58.69,73.94,44.79,50.46,33.31,116.05,93.39,101.43,44.06,72.08,52.03,65.68,77.89
2015-10-07,110.78,55.63,40.63,80.65,148.05,77.18,15.75,137.02,70.38,147.96,75.0,27.54,88.12,103.39,72.67,27.77,100.27,182.23,119.65,99.49,150.09,32.315,94.98,62.13,41.52,95.18,101.77,147.54,50.95,46.8,32.93,61.05,98.52,33.29,73.72,56.61,58.78,75.35,44.76,51.04,33.12,116.43,95.11,102.24,43.85,73.22,52.19,66.36,79.2
2015-10-08,109.5,56.04,41.16,82.26,149.9,77.18,15.75,139.04,71.84,151.66,75.09,27.91,89.91,104.61,73.0,28.03,100.81,181.07,121.06,101.07,152.28,32.52,95.08,62.13,41.98,95.87,102.95,149.48,51.02,47.45,32.99,62.455,98.97,33.09,74.4,57.66,59.46,76.64,45.15,51.52,33.4,116.08,97.05,103.38,44.23,73.9,52.54,66.88,80.03
2015-10-09,112.12,55.64,41.89,83.82,149.59,77.33,15.58,139.7,71.3,153.97,75.25,27.91,89.57,105.56,72.26,28.07,100.65,179.19,121.33,101.16,152.39,32.14,95.37,61.93,42.02,95.82,102.76,149.9,50.95,47.11,32.72,62.47,99.47,33.24,74.48,57.78,60.07,76.36,44.96,50.87,33.14,119.27,97.04,103.68,44.16,73.98,52.14,66.69,79.26
2015-10-12,111.6,55.77,41.57,83.92,153.03,77.31,15.52,140.68,70.5,153.63,75.88,27.96,88.74,106.35,72.82,28.09,99.51,180.23,121.9,101.5,151.14,32.21,95.99,61.72,42.0,96.64,103.24,150.06,50.71,47.0,32.8,63.215,99.14,33.22,74.33,57.79,60.54,74.94,45.61,51.34,33.3,122.51,95.26,104.41,44.3,74.99,52.18,66.93,79.3
2015-10-13,111.79,53.8,40.92,83.65,147.58,76.6,15.52,140.29,70.17,152.28,76.63,27.85,88.38,106.59,72.53,27.87,98.19,180.97,121.61,99.82,149.62,32.04,95.45,61.55,41.65,95.93,103.38,149.11,49.47,46.89,32.61,62.905,97.92,32.98,74.11,57.51,60.16,74.64,45.57,50.91,33.22,123.99,93.8,103.3,44.36,75.0,51.86,66.73,79.16
2015-10-14,110.21,53.94,40.72,83.8,147.81,76.17,15.64,134.22,70.71,149.84,75.58,27.82,89.76,105.73,72.34,27.6,98.39,179.51,120.27,98.26,150.01,32.8,94.53,59.99,41.68,95.03,102.82,148.32,49.54,46.68,32.54,62.92,97.49,33.04,74.21,58.63,58.82,75.01,45.52,52.65,33.27,122.07,92.91,102.86,43.99,74.2,51.5,60.03,80.16
2015-10-15,111.86,56.14,41.87,86.77,152.54,76.74,16.19,137.39,70.83,151.77,77.7,28.15,90.72,107.89,73.48,28.03,101.64,184.96,121.81,98.5,150.09,32.75,97.15,61.89,41.92,97.16,103.66,149.19,50.72,47.01,33.61,64.395,98.28,34.08,74.27,59.26,59.69,76.16,45.82,52.43,33.49,120.17,94.26,103.8,44.67,75.34,52.69,59.33,81.48
2015-10-16,111.04,56.53,42.22,88.67,152.61,77.21,16.12,137.6,69.68,152.06,78.77,28.25,91.29,108.24,73.59,28.98,102.83,185.18,122.74,97.03,150.39,33.04,98.24,62.43,42.02,97.64,104.82,148.7,51.48,47.51,33.95,65.235,99.7,34.41,74.9,59.91,59.93,74.51,46.22,52.57,33.83,119.98,92.94,103.95,44.7,76.0,52.88,58.89,82.48
2015-10-19,111.73,56.16,42.15,88.4,154.47,77.0,16.14,138.42,69.27,153.22,77.93,28.25,90.03,109.47,73.58,28.99,103.61,185.74,123.1,97.18,149.22,33.59,97.94,62.22,41.99,97.74,104.49,148.0,51.4,47.62,32.32,66.605,100.18,34.5,75.16,59.1,60.97,74.14,45.96,52.64,33.63,120.73,92.71,104.26,44.7,76.99,52.56,58.85,80.99
2015-10-20,113.77,54.83,41.74,86.84,150.45,76.95,16.2,138.88,70.27,154.56,77.53,28.5,89.99,109.84,73.7,28.78,101.66,185.51,122.85,98.28,140.64,33.44,97.59,62.52,42.29,97.67,103.84,149.11,50.39,47.77,32.25,66.185,100.27,34.0,74.43,59.0,60.88,75.55,45.97,52.43,33.75,120.42,93.74,104.56,45.24,76.28,53.08,58.75,80.83
2015-10-21,113.76,53.83,42.2,86.13,150.09,76.51,15.9,141.19,69.67,155.21,75.83,28.28,89.33,110.09,73.86,28.85,101.73,179.7,123.3,98.77,140.92,33.37,97.63,62.06,42.19,96.6,102.54,149.82,50.59,47.2,31.48,66.235,100.25,33.46,73.59,58.97,60.53,75.63,46.08,51.9,33.6,118.11,93.41,105.26,44.86,75.46,53.12,58.64,80.21
2015-10-22,115.5,48.27,43.5,88.46,152.31,72.5,16.16,146.31,70.88,158.15,77.37,29.01,91.62,113.25,75.06,29.58,107.6,183.56,124.36,102.58,144.09,34.4,99.53,63.19,43.24,98.02,110.87,156.0,52.01,48.03,32.35,66.205,103.08,33.33,74.85,60.43,61.49,78.26,46.5,58.09,33.96,113.81,97.01,106.43,45.89,76.42,54.06,58.9,82.89
2015-10-23,119.08,50.34,43.6,87.86,155.75,74.59,16.52,146.7,71.75,155.74,78.56,29.35,91.24,113.09,73.74,29.51,107.99,185.5,124.61,103.13,144.68,34.9,100.31,63.87,42.79,99.79,112.59,155.79,52.88,52.87,32.62,65.265,102.43,34.05,77.03,60.725,62.61,78.35,45.81,58.98,33.74,115.92,96.92,106.8,46.16,77.07,54.75,58.3,82.98
2015-10-26,115.28,51.87,43.61,88.84,158.58,74.19,16.51,146.7,71.52,156.73,78.22,28.95,88.77,113.52,72.25,29.55,108.63,187.01,125.01,102.78,143.66,34.59,99.94,63.9,42.59,99.63,112.18,156.54,52.91,54.25,32.55,65.69,102.54,34.16,77.49,59.21,63.43,77.15,45.64,58.81,33.66,116.53,95.17,106.18,46.36,78.18,54.29,58.02,81.22
2015-10-27,114.55,52.58,43.88,88.05,161.98,74.01,16.4,148.46,70.39,157.76,77.75,29.05,87.7,113.77,72.41,29.46,110.96,186.31,124.47,102.45,137.86,34.47,100.19,63.64,42.61,98.43,111.64,156.73,53.47,53.69,32.23,65.41,102.94,34.99,77.29,59.28,62.71,76.95,45.66,58.42,33.21,119.37,90.24,103.1,46.17,77.52,54.12,57.48,81.09
2015-10-28,119.27,53.26,44.76,88.5,162.67,74.45,17.28,147.88,71.97,157.76,78.53,29.36,89.79,114.34,71.55,29.39,108.13,191.32,123.82,103.58,140.83,34.71,100.48,65.5,42.73,100.09,112.94,158.08,55.1,53.98,33.44,65.645,102.74,35.45,76.51,60.265,63.51,79.13,45.33,58.67,33.42,119.78,90.1,102.63,46.48,78.87,55.45,57.64,82.28
2015-10-29,120.53,54.1,45.24,88.12,160.58,74.22,17.09,147.18,71.97,158.28,78.14,29.14,89.89,115.04,71.57,29.34,109.21,189.89,123.63,102.94,140.55,34.03,101.37,65.21,42.79,100.59,112.62,157.61,54.87,53.36,33.54,65.56,102.8,34.77,77.02,60.0,62.5,78.69,44.95,56.57,33.55,119.71,90.52,103.47,46.4,78.51,55.09,57.96,82.23
2015-10-30,119.5,59.55,44.8,88.66,158.18,73.26,16.78,148.07,72.99,158.12,77.71,28.85,90.88,113.74,71.47,28.92,108.13,187.5,123.64,103.28,140.08,33.86,101.03,64.25,42.35,98.99,112.25,157.21,54.66,52.64,32.97,65.515,102.19,33.82,76.38,59.42,62.57,78.16,45.1,56.72,33.51,117.78,89.35,103.02,46.88,77.58,54.14,57.24,82.74
2015-11-02,121.18,63.38,45.43,89.91,162.31,73.94,17.06,148.4,74.34,159.15,79.2,28.77,94.96,115.04,72.18,29.4,109.6,189.68,124.41,104.18,140.37,34.11,102.17,65.54,42.24,99.38,112.11,159.92,55.11,53.24,33.48,65.595,101.4,35.06,76.6,60.64,62.24,79.43,45.23,56.99,33.61,118.69,89.1,104.57,46.78,75.22,54.85,57.61,85.28
2015-11-03,122.57,62.43,45.51,90.36,162.46,74.03,17.18,148.09,74.75,158.8,78.63,28.61,98.14,115.54,72.24,29.59,109.1,190.69,125.66,103.65,141.88,34.31,101.96,65.78,42.16,100.12,112.08,158.75,55.11,54.15,33.29,65.7,100.92,34.97,77.05,60.87,62.8,81.52,45.44,57.15,33.63,117.66,88.7,104.48,46.45,77.9,54.93,58.11,86.85
2015-11-04,122.0,63.8,45.18,91.01,161.88,74.07,17.01,148.19,74.55,157.15,78.39,28.47,96.77,113.25,71.93,29.54,108.98,191.65,125.38,103.37,141.63,34.15,101.94,65.85,41.97,100.52,112.4,158.91,55.53,54.4,33.4,65.18,100.62,34.14,77.06,60.26,61.96,80.31,45.8,56.95,33.48,114.64,88.19,104.0,46.14,78.35,54.58,58.37,85.98
2015-11-05,120.92,62.77,45.18,90.55,161.22,73.93,17.31,147.97,74.22,156.27,78.71,28.43,94.55,113.0,71.45,29.64,107.83,192.02,125.72,103.6,139.89,34.0,102.33,66.44,42.33,100.69,112.85,158.99,55.05,54.38,33.88,65.93,100.61,34.15,76.39,51.07,62.28,78.8,45.63,57.4,33.34,116.23,87.21,104.23,46.2,79.26,54.86,58.61,84.81
2015-11-06,121.06,64.13,45.63,90.69,160.46,74.3,17.95,147.94,73.84,157.55,79.41,28.45,94.03,115.67,67.76,29.92,108.34,199.17,125.98,104.0,138.25,33.84,101.92,68.46,41.96,101.5,113.31,159.26,54.61,54.92,35.41,65.89,99.72,33.93,75.57,53.42,61.97,79.06,43.59,57.63,33.16,114.81,85.98,104.99,45.78,78.75,55.85,58.78,84.47
2015-11-09,120.57,63.23,45.05,89.8,159.63,73.42,17.68,145.98,71.89,155.16,78.22,28.18,92.32,116.42,67.97,29.75,108.11,196.76,124.5,102.71,135.31,33.35,100.84,67.39,41.54,100.47,112.93,157.47,54.24,54.16,35.11,65.24,98.88,33.65,75.4,52.94,61.34,77.91,44.02,57.21,32.84,114.26,86.17,104.01,45.3,78.04,55.47,58.49,81.95
2015-11-10,116.77,62.3,45.76,90.28,158.37,73.37,17.85,145.15,72.43,156.41,78.25,27.98,93.23,117.42,67.37,30.12,108.85,197.81,125.26,102.4,135.47,33.21,101.45,67.68,41.77,100.65,113.22,157.59,54.43,53.51,35.24,65.0,98.83,33.79,75.77,52.27,62.18,78.77,44.44,57.03,32.79,115.89,84.84,104.34,45.1,79.48,55.91,58.68,82.35
2015-11-11,116.11,60.86,45.07,91.21,156.86,72.91,17.75,144.99,71.91,156.39,78.71,27.82,92.19,116.52,68.23,30.67,107.19,197.39,124.71,103.26,135.02,32.86,101.86,67.35,42.04,100.88,113.85,159.05,53.72,53.65,35.02,63.71,99.43,33.74,75.96,52.85,61.87,77.63,45.03,57.6,32.92,114.54,84.37,104.8,45.32,79.18,55.8,57.58,81.62
2015-11-12,115.72,60.23,44.19,90.84,150.98,71.98,17.37,142.54,68.66,156.0,78.3,27.83,89.86,116.21,67.29,30.16,104.23,192.77,123.81,101.97,133.04,32.4,100.27,66.0,41.58,98.28,112.11,156.3,53.03,53.32,34.23,62.99,98.37,33.39,74.66,52.58,61.07,76.6,43.89,56.67,32.69,112.82,83.95,102.6,44.83,78.31,55.17,56.95,79.41
2015-11-13,112.34,59.86,43.96,89.02,151.55,71.2,17.2,142.59,69.63,153.67,75.6,26.21,88.68,114.84,66.89,30.28,102.57,190.39,120.0,101.08,131.75,32.11,99.88,65.56,41.38,96.86,109.97,155.65,53.03,52.84,33.93,60.93,98.04,33.27,73.96,51.94,59.74,76.14,43.95,56.13,32.31,111.41,83.78,101.78,44.23,78.11,54.57,56.42,78.1
2015-11-16,114.175,60.01,44.88,89.765,154.5,71.66,17.43,144.42,70.39,156.45,76.26,26.79,91.45,115.92,67.73,30.36,103.81,192.16,120.84,102.96,133.71,32.1,101.22,66.51,41.96,98.3,111.06,158.21,53.7,53.765,34.05,61.73,99.56,33.16,75.3,52.77,60.68,78.33,44.74,56.875,33.04,113.82,84.35,103.14,45.04,78.9,55.27,57.87,80.9
2015-11-17,113.69,60.38,44.77,90.29,157.6,71.11,17.42,146.08,69.39,158.89,77.24,26.81,91.03,116.13,65.83,30.32,104.53,190.57,126.18,102.29,133.82,32.64,101.5,66.13,41.67,98.07,110.94,157.03,53.71,52.97,33.59,61.29,98.83,32.87,75.07,52.98,60.55,76.74,44.1,57.07,33.26,114.39,85.1,103.14,45.08,78.83,54.96,59.92,79.96
2015-11-18,117.29,60.99,45.8,91.27,160.92,72.15,17.84,148.28,70.32,161.25,77.35,27.12,92.21,118.14,67.2,30.52,108.13,193.66,126.54,104.06,135.82,33.16,102.67,67.45,42.28,99.16,112.53,157.39,54.23,53.85,34.25,62.89,100.27,33.31,75.9,48.0,61.8,78.55,44.45,57.96,33.54,117.25,87.11,103.68,45.38,80.46,55.67,60.93,80.74
2015-11-19,118.78,60.55,45.73,91.76,159.49,72.74,17.69,149.24,70.02,162.83,80.64,27.37,90.83,118.71,68.49,30.27,106.51,193.03,126.86,105.04,136.74,34.3,102.49,67.66,43.11,98.93,113.3,158.38,54.28,53.94,34.17,62.89,100.93,32.29,76.22,48.39,61.46,77.92,45.18,57.95,33.62,110.63,87.04,104.1,45.76,80.15,55.97,60.7,80.3
2015-11-20,119.3,61.11,46.01,91.81,159.91,72.42,17.65,149.4,71.14,163.1,80.99,27.57,89.01,120.07,69.1,30.66,106.54,191.47,130.21,105.63,138.5,34.66,102.48,67.54,42.43,99.5,113.91,158.95,54.1,54.19,33.91,66.325,100.1,32.18,75.82,49.62,61.99,77.15,45.24,58.12,33.66,112.97,86.74,104.1,45.39,80.19,55.82,60.07,79.79
2015-11-23,117.75,61.15,45.44,91.96,162.47,72.24,17.47,148.34,71.02,163.45,80.78,27.43,90.01,119.42,68.01,30.59,106.36,189.19,132.5,104.59,138.46,34.48,102.77,66.88,42.96,99.37,114.47,158.65,54.01,54.19,33.64,66.23,100.85,31.33,75.97,48.965,62.64,77.22,44.92,57.35,33.46,112.16,85.11,103.59,44.99,80.11,55.6,60.26,80.28
2015-11-24,118.88,61.13,45.45,92.0,162.78,71.63,17.47,148.65,71.4,162.19,80.39,27.27,91.35,117.95,68.08,30.66,106.57,188.67,133.6,103.17,138.6,34.36,102.04,66.78,43.36,98.5,114.28,157.75,53.48,54.25,33.59,66.255,100.63,31.97,76.45,49.41,61.96,78.18,44.81,57.85,33.39,113.19,84.8,103.4,45.19,79.79,55.28,59.92,81.88
2015-11-25,118.03,60.29,45.41,91.77,163.95,71.69,17.44,147.43,71.49,162.39,80.41,27.24,90.87,118.67,67.72,30.36,107.78,189.15,134.65,103.63,138.0,34.45,101.96,66.86,43.36,98.16,114.4,157.63,53.72,53.69,33.61,67.065,100.5,32.87,75.9,49.1,62.19,77.53,44.58,57.27,33.45,114.41,84.63,103.49,44.92,79.56,55.22,60.24,81.25
2015-11-27,117.81,60.0,45.42,92.17,163.52,71.85,17.48,146.95,71.22,163.58,79.97,27.32,90.37,115.13,67.51,30.36,108.0,190.47,134.74,104.06,138.46,34.46,102.37,67.17,43.15,98.67,114.23,157.99,53.96,53.93,33.78,67.165,100.74,32.79,75.7,48.54,62.18,77.33,44.58,57.55,33.57,114.34,84.5,104.18,45.23,79.84,55.39,59.89,81.23
2015-11-30,118.3,58.15,44.92,91.46,161.1,71.64,17.43,145.45,72.65,161.42,79.69,27.25,91.32,113.47,67.76,29.94,105.96,190.02,133.88,103.95,139.42,34.77,101.24,66.68,42.62,97.92,114.16,156.58,53.01,54.35,34.3,66.14,100.16,32.77,74.84,48.79,61.39,77.15,44.54,58.12,33.67,112.71,83.95,103.01,45.45,79.01,55.1,58.84,81.66
2015-12-01,117.34,59.02,45.46,92.55,161.98,72.2,17.81,147.74,71.56,161.29,81.01,27.57,92.48,115.39,68.06,30.17,105.85,193.07,134.43,104.15,141.28,35.09,102.36,67.61,42.89,97.93,114.45,156.9,54.57,55.22,35.27,66.655,101.06,33.62,75.94,49.3,61.37,78.17,45.18,58.31,33.77,116.26,84.4,104.38,45.58,79.91,55.71,58.99,81.89
2015-12-02,116.28,57.72,45.22,92.02,160.52,71.2,17.62,146.96,71.03,161.09,80.88,27.44,90.25,114.0,66.13,29.97,104.44,190.26,133.81,103.1,139.7,34.83,102.05,66.66,42.77,97.1,113.72,155.7,53.82,55.21,34.89,66.325,99.48,32.9,75.79,51.85,61.22,75.81,44.21,57.55,33.56,117.64,82.08,103.3,44.92,79.04,55.08,58.35,79.55
2015-12-03,115.2,56.12,44.15,89.91,154.65,70.42,17.3,145.56,69.64,163.67,79.93,26.95,88.85,111.89,66.23,30.03,101.38,185.2,130.93,102.4,138.92,34.04,100.79,65.8,42.46,95.96,113.39,154.38,52.59,54.2,34.45,64.56,99.09,32.39,75.74,51.4,59.55,74.81,44.18,57.69,33.1,115.0,79.2,102.29,44.56,78.29,54.2,59.04,78.41
2015-12-04,119.03,57.18,45.3,92.58,161.43,71.1,17.8,148.5,69.98,166.8,82.14,27.48,89.71,114.24,67.04,30.49,104.07,189.99,134.53,104.55,140.43,34.935,102.95,67.89,43.29,98.7,116.2,158.22,53.64,55.91,35.32,66.165,101.06,32.8,77.83,52.34,61.75,74.71,44.83,58.88,34.11,117.74,78.31,103.26,45.71,80.4,55.67,59.66,78.86
2015-12-07,118.28,56.27,45.56,89.6,158.3,70.61,17.54,148.45,68.36,167.12,80.68,27.49,87.28,113.83,68.5,30.37,102.91,185.49,133.93,104.18,139.55,34.985,103.32,67.0,43.2,97.82,116.42,157.75,53.68,55.81,34.68,65.8,100.67,32.66,78.37,52.43,61.89,72.8,45.28,58.35,34.27,115.91,77.29,102.45,46.06,79.55,55.42,60.5,76.8
2015-12-08,118.23,56.67,45.55,91.72,159.35,69.91,17.19,144.99,66.54,168.87,81.08,27.15,86.44,112.48,68.44,30.19,103.53,182.92,133.84,102.66,138.05,34.75,102.42,65.96,43.01,98.18,116.53,156.79,53.47,55.79,34.06,65.85,100.17,32.53,77.75,49.48,62.16,71.5,45.3,57.67,33.85,115.88,75.6,101.16,45.7,79.07,54.4,59.61,74.63
2015-12-09,115.62,56.03,44.96,89.56,157.89,69.86,17.1,144.24,65.91,159.72,79.71,26.73,87.6,111.47,68.61,30.47,101.95,180.71,131.9,101.89,136.61,34.81,102.15,65.46,42.66,97.82,116.58,156.05,52.82,54.98,33.37,64.42,99.13,32.29,77.7,48.59,61.18,72.12,45.14,56.76,33.57,115.05,77.54,100.46,45.36,77.88,54.12,59.13,75.63
2015-12-10,116.17,55.78,45.31,88.96,159.67,70.11,17.2,146.41,66.38,161.86,79.38,26.77,89.3,110.76,67.43,30.65,102.62,182.11,132.54,101.76,136.78,34.77,102.64,65.61,42.76,97.61,117.2,157.52,53.69,55.27,33.42,64.32,98.9,32.36,77.79,48.57,61.87,71.48,44.49,56.93,33.67,116.21,77.45,100.45,45.32,78.12,54.34,59.56,75.69
2015-12-11,113.18,54.04,44.36,91.42,155.15,68.86,16.73,144.62,65.43,160.02,76.87,26.16,86.44,108.04,67.84,30.26,100.03,176.56,130.44,98.23,134.57,34.27,101.68,64.07,42.27,94.83,116.08,154.83,52.15,54.06,32.08,63.145,97.78,32.06,77.78,47.46,59.82,69.82,44.4,56.21,33.17,115.98,77.28,97.46,44.82,76.11,53.31,59.36,74.34
2015-12-14,112.48,55.44,44.81,93.26,158.11,68.83,16.8,143.0,66.12,161.84,76.99,26.49,89.33,109.35,68.45,30.26,100.49,176.4,132.01,98.98,135.93,34.47,102.15,64.27,42.45,96.3,116.26,157.63,52.2,55.14,31.88,63.93,97.95,32.18,78.29,46.83,59.92,70.02,44.95,56.22,33.6,115.85,76.88,97.87,45.45,76.87,53.2,60.39,76.03
2015-12-15,110.49,56.39,45.59,94.02,162.615,70.15,17.42,146.53,66.75,161.29,77.37,26.85,92.76,112.16,68.84,30.32,101.97,182.01,131.29,98.47,137.79,35.18,104.13,66.1,43.07,98.43,116.93,148.13,52.9,55.2,32.84,64.305,99.39,32.26,79.68,48.02,59.98,71.84,45.41,57.55,33.81,117.61,76.41,98.9,45.55,78.62,54.91,59.64,79.43
2015-12-16,111.34,57.63,46.05,95.56,164.58,70.71,17.75,148.11,67.72,162.76,78.89,27.235,93.44,113.79,70.03,30.98,103.34,186.21,132.9,104.08,139.29,35.3,105.25,67.53,43.84,100.04,117.84,149.95,54.02,56.13,33.61,65.465,101.08,32.58,80.99,48.07,60.35,71.22,46.33,58.07,34.4,118.83,78.91,100.51,46.51,79.86,55.85,60.3,79.15
2015-12-17,108.98,56.38,45.26,94.2,161.43,69.57,17.3,145.56,64.9,160.68,78.43,26.72,90.54,112.01,70.5,30.55,102.36,182.61,131.35,102.31,136.75,34.91,103.64,66.28,43.49,99.33,117.5,148.85,52.66,55.7,32.38,65.11,100.2,32.33,80.29,47.54,59.515,69.2,46.51,56.53,34.03,119.22,77.33,100.0,46.1,78.69,55.47,58.98,77.96
2015-12-18,106.03,55.74,43.7,91.31,158.8,67.87,16.76,139.58,65.11,157.7,77.03,26.27,89.81,107.72,69.6,30.28,101.6,175.49,130.29,101.83,134.9,33.865,101.95,64.4,42.5,96.29,116.66,146.92,51.64,54.13,31.29,64.26,97.9,31.99,78.13,47.43,58.62,67.34,46.2,54.94,33.6,115.82,75.43,98.0,45.56,76.32,53.79,58.85,77.28
2015-12-21,107.33,56.2,44.04,91.62,159.28,68.4,16.97,140.9,65.24,159.39,77.29,26.635,89.24,106.59,69.81,30.4,102.63,177.75,131.31,102.6,135.5,34.24,101.58,65.54,42.78,97.04,117.69,147.48,51.87,54.83,31.68,64.9,98.62,32.46,78.95,48.76,59.54,67.95,46.23,55.82,34.09,117.41,75.49,96.89,45.9,77.17,54.02,59.55,77.26
2015-12-22,107.23,57.59,44.48,93.82,162.3,68.85,17.08,142.38,68.41,161.23,77.86,26.89,90.27,106.74,70.95,30.49,102.86,180.05,131.88,104.16,137.93,34.73,102.71,65.68,43.29,97.54,117.72,148.97,52.1,55.35,32.22,65.925,99.8,32.52,79.6,49.065,59.99,69.49,46.45,55.61,34.41,117.44,77.06,98.0,46.34,77.38,54.34,60.54,77.65
2015-12-23,108.61,58.58,45.1,94.7,162.72,69.97,17.34,144.06,69.89,161.71,78.04,27.4,93.81,105.56,72.0,30.95,103.14,182.95,133.11,104.96,138.54,35.0,103.49,66.73,43.67,98.73,118.8,151.16,52.98,55.82,32.6,64.355,100.64,32.56,79.92,49.04,60.34,71.01,47.1,56.7,34.78,118.69,78.77,97.24,46.95,78.56,55.04,61.09,80.19
2015-12-24,108.03,58.46,45.1,94.3,163.55,70.16,17.27,143.53,69.38,161.75,77.83,27.38,92.05,105.86,72.04,30.83,103.58,182.47,132.9,104.65,138.25,34.98,103.72,66.6,43.54,98.59,118.57,151.19,52.85,55.67,32.48,63.18,100.54,32.62,79.79,49.55,60.32,70.53,47.1,56.75,34.66,118.34,78.8,97.34,46.71,78.26,54.82,60.83,79.33
2015-12-28,106.82,58.75,45.03,94.2,161.73,69.76,17.13,144.54,68.58,161.16,78.2,27.31,90.36,107.25,71.92,30.9,101.68,181.62,132.68,104.33,137.61,34.93,103.22,66.38,43.49,98.53,118.75,151.22,52.84,55.95,32.17,63.81,100.68,32.42,79.92,49.58,60.19,70.42,47.11,56.42,34.76,118.33,78.34,97.0,46.75,78.53,54.68,60.75,78.74
2015-12-29,108.74,59.45,45.82,95.33,164.44,70.55,17.28,147.35,69.19,162.66,79.44,27.77,91.25,107.08,72.37,31.28,103.36,183.53,133.7,105.34,139.78,35.44,104.03,67.07,43.71,99.72,120.07,152.89,53.34,56.55,32.55,64.26,101.45,32.83,80.36,50.88,61.13,70.51,47.26,57.02,34.93,119.82,78.97,97.72,47.21,79.21,55.29,61.61,79.16
2015-12-30,107.32,59.8,45.27,95.28,163.29,70.16,17.05,146.41,68.69,162.71,79.14,27.53,90.09,106.34,72.19,31.05,102.16,182.01,133.35,104.46,139.34,34.99,103.78,66.59,43.57,98.87,119.43,151.91,53.25,56.31,32.23,63.25,101.15,32.75,80.07,50.41,60.82,69.64,47.27,56.16,34.74,118.92,78.51,97.09,46.77,78.35,54.89,61.68,78.11
2015-12-31,105.26,59.24,44.91,93.94,162.33,69.55,16.83,144.59,67.96,161.5,78.4,27.155,89.96,105.08,71.39,31.15,101.19,180.23,132.25,103.57,137.62,34.45,102.72,66.03,42.96,97.36,118.14,150.64,52.82,55.48,31.81,62.5,99.92,32.28,79.41,49.985,60.03,69.75,46.79,54.81,34.41,117.64,78.2,96.23,46.22,77.55,54.36,61.3,77.95
2016-01-04,105.35,57.61,42.93,91.97,158.34,67.59,16.43,140.5,67.99,159.54,76.71,26.41,88.85,102.98,71.19,30.71,98.01,177.14,131.07,102.57,135.95,33.99,100.48,63.62,42.4,94.81,117.58,146.82,52.48,54.8,31.48,61.52,98.77,31.95,78.37,50.12,58.26,69.18,47.03,54.34,34.35,116.46,78.97,94.84,45.87,75.7,52.91,61.46,77.46
2016-01-05,102.71,57.37,42.92,92.34,158.17,66.55,16.43,141.07,67.28,159.93,77.05,26.29,89.61,100.9,71.7,30.74,99.26,174.09,130.43,103.41,135.85,33.83,100.9,63.73,42.55,94.99,119.2,147.46,53.15,55.05,31.28,62.38,99.45,32.18,78.62,49.14,58.65,69.5,47.36,53.77,34.59,116.68,78.21,95.78,46.5,76.27,52.89,62.92,78.12
2016-01-06,100.7,57.38,42.56,91.02,156.72,64.42,16.08,138.83,66.22,158.45,76.29,26.01,86.07,100.36,71.86,30.25,100.3,169.84,129.08,102.24,135.17,33.08,100.39,62.81,42.32,93.35,118.4,144.49,52.42,54.05,30.5,61.49,99.48,31.61,77.86,48.64,58.13,67.7,47.37,53.42,34.06,115.49,74.83,94.42,45.52,75.27,51.88,63.55,77.47
2016-01-07,96.45,57.21,41.54,89.11,152.98,63.84,15.5,133.01,63.94,154.82,74.3,25.41,83.02,99.5,71.2,28.97,96.25,164.62,125.4,99.23,132.86,31.84,99.22,60.27,41.62,91.64,115.66,140.97,51.96,52.17,28.98,59.85,97.57,31.4,77.18,46.14,56.69,66.19,46.97,51.7,33.51,112.09,73.08,92.6,45.27,73.79,50.4,65.03,76.23
2016-01-08,96.96,55.65,40.67,87.85,150.705,63.63,15.2,129.99,63.29,152.11,73.23,24.78,82.13,99.25,71.04,28.45,96.45,163.94,123.9,98.43,131.63,31.51,98.16,58.92,41.51,89.89,115.48,140.49,51.08,52.33,28.38,58.87,97.21,31.0,75.97,45.875,56.63,65.08,46.62,50.36,33.54,110.16,73.86,91.39,44.83,72.88,49.56,63.54,74.69
2016-01-11,98.53,53.88,40.73,89.38,147.69,64.05,15.31,130.21,61.47,154.72,73.18,25.27,80.77,99.92,71.83,28.58,96.5,165.73,125.78,98.42,133.23,32.06,97.57,58.83,41.58,90.58,116.69,140.46,51.25,52.3,28.46,59.55,97.44,31.07,76.67,46.07,57.82,64.83,46.84,51.21,33.95,109.58,74.81,91.66,45.09,73.92,50.09,64.22,73.69
2016-01-12,99.96,54.84,41.46,89.82,150.79,64.4,15.31,131.92,61.6,156.055,74.46,25.35,82.15,101.46,71.27,28.64,97.1,165.71,127.49,99.17,132.9,32.68,98.24,58.96,42.12,91.44,117.44,140.86,51.76,52.78,28.46,59.94,97.62,31.0,76.51,46.52,59.46,64.74,46.45,51.53,33.9,112.26,76.27,93.0,44.93,74.76,51.36,63.62,75.2
2016-01-13,97.39,51.18,40.28,88.3,145.46,62.85,14.9,128.12,60.89,152.12,72.35,24.6,81.33,98.48,71.7,28.24,92.54,158.99,121.4,97.1,131.17,31.91,97.02,57.34,41.85,89.19,115.12,138.72,50.66,51.64,26.89,58.78,96.5,30.37,75.85,46.1,57.87,63.95,46.8,49.82,33.74,109.23,73.85,90.61,44.15,73.1,49.73,61.92,75.65
2016-01-14,99.52,54.56,41.1,89.8,153.16,63.29,14.99,129.2,62.27,153.18,73.07,24.66,85.47,99.11,72.37,29.06,93.02,161.39,119.62,98.74,132.91,32.74,98.89,58.2,41.88,90.71,116.62,141.18,51.8,53.11,27.15,58.51,95.81,31.11,76.15,47.73,58.98,64.68,47.14,50.03,34.3,110.76,75.42,91.15,44.87,73.8,50.64,63.06,79.12
2016-01-15,97.13,57.34,40.54,89.17,151.3,62.91,14.46,125.63,59.87,150.39,70.86,23.62,83.67,93.9,72.08,28.49,91.84,155.61,119.23,97.26,130.03,29.76,97.0,57.04,41.5,88.71,115.18,138.69,51.14,50.99,25.97,57.56,93.93,30.81,74.98,45.82,58.0,63.01,47.17,48.03,33.99,109.27,74.11,90.04,44.43,71.83,48.82,61.93,77.58
2016-01-19,96.66,54.99,40.43,89.18,151.3,62.64,14.24,126.06,59.03,150.47,70.8,23.85,81.51,93.97,73.16,28.49,89.9,156.82,119.76,97.33,128.11,29.8,97.5,57.01,41.92,86.22,117.5,138.39,51.34,50.56,26.26,58.32,95.77,30.69,76.73,46.09,58.55,62.82,47.94,48.22,34.51,112.58,74.1,90.35,44.87,71.39,48.21,62.56,76.4
2016-01-20,96.79,57.15,39.96,87.94,155.02,63.03,13.69,122.14,58.81,148.82,70.33,22.9,78.98,92.54,71.42,28.0,90.55,153.75,116.46,96.24,121.86,29.59,95.75,55.51,41.38,85.13,115.78,136.96,50.55,50.79,25.24,59.04,93.77,30.66,75.83,45.93,56.92,61.06,47.16,49.01,33.9,114.79,73.61,88.7,44.42,70.68,47.87,60.84,73.18
2016-01-21,96.3,58.36,39.48,88.0,152.78,62.64,13.36,123.4,59.69,150.38,69.51,22.9,81.05,94.02,71.09,28.59,88.87,151.65,120.22,96.58,122.91,29.66,95.94,55.25,41.39,86.12,117.84,137.76,50.92,50.48,24.78,60.56,94.47,30.58,76.72,47.05,59.03,61.45,46.81,49.83,34.54,113.5,71.0,89.07,45.87,71.56,48.01,61.88,74.1
2016-01-22,101.42,58.83,40.03,89.63,156.08,55.06,13.56,124.61,60.98,153.69,71.55,23.37,83.54,96.9,72.18,28.24,91.83,156.86,122.76,97.82,122.5,29.925,96.75,56.95,42.06,88.0,118.4,139.52,51.35,52.29,25.61,60.88,95.85,30.71,77.36,48.07,59.17,65.2,47.35,50.3,35.14,114.33,69.99,89.9,47.04,72.7,49.02,62.69,76.57
2016-01-25,99.44,58.65,39.66,86.77,153.43,55.02,12.96,124.01,57.91,150.78,69.92,23.17,80.89,95.29,71.8,28.04,90.61,151.12,121.71,96.48,122.08,29.6,96.4,55.66,42.16,86.77,119.2,137.57,50.92,51.79,24.98,60.7,95.94,30.5,76.85,47.58,57.71,63.3,47.39,50.08,35.0,113.38,68.79,89.42,47.03,71.74,47.66,63.45,73.98
2016-01-26,99.99,58.26,40.16,86.89,153.78,55.09,13.31,128.01,59.16,148.5,69.87,23.72,84.12,96.27,72.22,28.31,92.21,154.45,122.2,98.51,122.59,29.94,101.18,57.08,42.08,87.0,120.43,144.78,51.45,52.17,25.49,61.11,96.32,30.67,78.81,48.52,58.61,65.33,47.58,50.7,35.4,113.96,70.04,90.93,48.25,71.88,48.26,64.0,76.7
2016-01-27,93.42,57.11,40.47,84.85,150.47,54.52,13.36,116.58,58.32,147.73,67.43,23.43,83.29,94.32,72.41,28.0,89.63,153.72,121.57,96.96,120.96,29.81,102.16,57.04,42.09,84.81,120.87,145.55,50.37,51.22,25.37,59.58,95.94,30.52,78.8,47.53,57.63,65.55,47.64,50.67,35.48,112.33,69.06,90.87,49.03,70.91,48.57,63.95,75.29
2016-01-28,94.09,55.85,36.71,84.52,148.35,52.88,13.53,118.01,61.08,149.59,65.69,23.105,85.92,93.53,73.47,28.21,87.53,157.06,122.28,97.97,122.22,29.97,102.27,57.28,42.57,83.43,122.38,147.32,49.2,52.055,25.17,61.2,97.45,30.2,79.82,43.59,59.285,69.51,48.28,51.13,35.53,111.38,70.16,91.0,49.01,69.33,48.92,64.22,76.99
2016-01-29,97.34,54.9,37.85,89.13,152.73,53.5,14.14,120.13,62.24,151.12,68.06,23.79,86.47,95.82,75.3,29.1,83.0,161.56,125.76,103.2,124.79,31.02,104.44,59.5,42.92,89.03,123.78,151.0,50.67,55.09,25.88,62.01,99.3,30.49,81.69,45.34,60.77,72.27,48.92,52.93,36.06,115.16,72.0,93.2,49.97,74.49,50.23,66.36,77.85
2016-02-01,96.43,54.39,38.45,89.61,152.75,54.7,13.96,121.56,62.7,151.25,68.44,23.48,85.29,95.15,77.0,28.64,84.05,159.65,126.51,102.88,124.83,30.82,104.37,58.86,43.0,88.63,124.61,148.73,50.75,54.71,25.71,63.16,99.03,30.17,81.12,46.11,61.4,71.46,49.9,52.83,36.18,115.89,73.09,94.08,50.76,74.38,49.94,67.5,76.29
2016-02-02,94.48,53.95,37.88,87.95,150.11,53.66,13.23,117.52,60.67,148.5,64.52,22.83,81.24,93.12,76.75,28.24,82.705,151.7,125.27,100.66,122.94,29.8,103.41,57.03,42.44,85.93,123.95,147.87,50.41,53.0,24.5,62.55,98.21,30.14,80.22,43.15,60.695,68.84,49.63,50.64,36.06,113.88,71.71,94.69,49.91,73.4,48.83,66.86,74.59
2016-02-03,96.35,56.84,38.02,87.99,150.69,54.11,13.03,121.87,63.27,146.7,65.34,23.1,84.62,95.14,78.56,28.67,86.39,152.68,123.79,102.16,124.72,29.34,104.14,57.41,42.72,86.47,121.47,152.52,50.05,52.16,24.32,62.49,98.72,29.67,81.1,44.73,59.53,70.83,48.51,50.25,36.72,112.75,72.26,95.33,50.62,74.38,47.6,66.27,78.48
2016-02-04,96.6,56.76,38.01,86.36,149.91,54.38,13.25,123.61,65.96,143.28,67.2,23.54,84.79,95.43,78.58,29.18,86.68,156.49,121.11,102.55,127.65,29.77,103.9,58.4,42.53,86.33,120.66,153.44,48.59,52.0,25.01,60.17,97.39,29.0,80.7,45.66,58.29,70.54,48.42,51.26,36.53,114.2,75.52,96.25,50.43,73.68,48.25,66.42,79.83
2016-02-05,94.02,53.12,37.41,79.2,145.04,53.98,12.95,122.56,66.12,143.99,58.51,22.89,82.88,93.9,79.04,28.54,85.14,156.47,116.43,102.13,128.57,29.04,100.54,57.75,42.44,82.76,115.4,153.47,49.38,50.16,24.35,57.17,97.32,29.03,81.2,44.02,54.49,68.81,48.22,49.88,36.88,111.72,75.03,95.37,50.97,71.54,47.86,67.0,80.08
2016-02-08,95.01,52.89,37.46,74.94,143.0,52.4,12.27,119.47,64.58,147.02,54.05,22.93,85.99,92.12,79.17,28.17,85.26,149.25,111.85,101.53,126.98,28.82,102.0,56.54,42.65,80.65,116.05,153.9,48.83,49.41,22.67,55.04,97.52,28.56,82.62,43.89,54.14,69.78,48.82,50.9,37.11,110.02,76.03,97.3,50.74,67.77,46.5,66.9,81.16
2016-02-09,94.99,53.48,37.0,73.85,143.16,52.63,12.2,118.88,63.93,147.94,57.33,22.65,82.92,92.32,78.93,28.28,87.25,148.25,113.86,102.72,124.07,28.81,101.97,56.2,43.3,81.97,117.01,154.74,49.16,49.28,22.93,55.68,98.28,29.1,82.64,43.61,54.42,67.8,49.2,50.68,36.65,111.16,77.12,97.53,50.15,68.33,46.45,65.81,80.08
2016-02-10,94.27,52.72,37.21,75.53,144.81,52.29,11.98,116.36,62.14,148.05,58.76,22.51,83.04,88.85,78.12,28.3,87.8,147.23,114.33,102.6,120.19,28.23,101.73,55.52,42.55,83.31,117.54,152.45,49.53,49.71,22.7,57.41,97.62,29.49,81.62,42.96,55.14,67.73,49.21,50.75,36.43,112.74,76.94,96.12,49.98,70.15,46.17,65.79,79.35
2016-02-11,93.7,52.18,36.34,74.94,141.46,51.11,11.16,108.44,61.41,146.65,59.24,24.68,82.99,90.31,76.8,27.45,87.36,140.69,113.27,101.54,117.85,28.22,101.7,53.07,42.41,82.11,116.73,150.67,48.85,49.69,21.69,56.0,96.9,29.13,79.9,43.0,54.92,68.83,48.05,50.38,36.21,110.62,75.54,95.09,49.39,68.47,45.16,65.32,79.6
2016-02-12,93.99,52.58,37.13,76.67,144.72,52.66,11.95,108.63,63.15,148.65,59.68,25.11,85.43,91.15,76.24,28.26,89.44,146.13,116.32,103.48,121.04,28.64,101.82,57.49,43.11,84.89,117.93,153.96,49.03,50.5,23.09,56.42,98.49,29.36,80.99,44.56,55.86,70.31,47.91,51.14,36.47,111.82,77.2,97.25,50.11,70.42,47.31,66.18,81.03
2016-02-16,96.64,53.51,37.99,78.88,147.15,53.18,12.25,112.6,65.21,149.11,59.72,25.84,84.81,92.91,76.29,28.86,91.15,149.02,119.43,104.95,122.74,28.78,102.32,58.35,43.36,86.18,119.18,155.53,49.78,51.09,23.72,57.79,98.6,29.81,81.47,46.73,56.41,71.75,48.09,52.54,36.65,115.15,79.37,98.56,50.24,71.1,48.24,65.9,81.22
2016-02-17,98.12,55.01,38.45,81.85,151.07,53.61,12.56,116.34,67.26,150.91,63.49,26.46,88.31,95.5,75.5,29.34,89.36,150.94,121.21,106.13,126.1,29.47,102.5,58.77,43.49,87.21,118.64,156.62,50.6,52.42,24.23,58.17,99.55,29.63,82.45,48.41,57.63,72.93,47.83,53.69,36.64,118.3,79.96,98.3,50.32,72.03,48.13,66.11,82.0
2016-02-18,96.26,54.55,38.31,80.53,149.3,54.15,12.24,117.57,66.12,148.65,61.7,26.43,86.73,95.17,76.21,29.08,88.99,147.73,119.97,106.47,132.45,29.42,104.24,57.81,43.61,86.04,117.17,156.78,50.32,52.19,23.96,58.6,99.62,29.55,81.98,49.08,56.96,72.68,48.87,53.06,36.99,117.45,78.66,97.46,50.94,71.24,47.73,64.12,82.45
2016-02-19,96.04,54.29,38.53,80.87,150.12,54.71,12.13,115.16,65.42,148.7,62.14,26.55,86.5,95.01,74.55,29.02,87.44,146.91,121.69,107.27,133.08,28.71,104.16,57.82,43.77,86.79,116.53,156.45,50.12,51.82,24.0,59.31,99.58,29.49,81.79,49.42,57.67,72.87,48.57,52.76,36.57,117.68,79.9,97.37,50.86,71.53,48.09,64.66,82.5
2016-02-22,96.88,55.28,39.16,83.8,148.56,55.63,12.54,117.39,67.31,150.06,63.98,26.63,88.82,96.37,74.84,29.41,89.1,148.79,122.85,105.17,133.77,29.35,104.75,58.57,43.94,87.82,117.67,157.7,50.77,52.65,24.54,60.17,99.87,30.05,82.13,51.28,58.87,74.37,49.1,53.3,36.86,121.27,81.61,98.02,51.07,73.06,49.19,65.63,82.39
2016-02-23,94.69,55.07,38.39,83.07,147.26,55.11,12.16,116.9,65.78,150.36,62.9,26.12,84.91,95.38,74.81,29.22,88.35,144.91,124.53,103.64,132.4,28.8,104.08,56.12,43.69,86.21,116.9,156.17,50.54,51.18,23.71,60.21,99.54,29.96,81.81,50.42,58.46,72.08,49.1,52.24,36.74,121.15,78.95,96.97,50.63,72.15,48.1,66.48,81.23
2016-02-24,96.1,54.89,39.2,83.42,147.11,54.64,12.13,115.59,65.88,153.87,62.52,26.32,85.27,95.43,74.95,28.96,89.36,145.56,125.61,103.3,132.8,29.19,104.96,56.14,43.91,86.42,117.06,157.22,50.56,51.36,23.71,60.4,99.68,30.02,81.56,51.52,58.11,72.21,48.98,52.46,37.1,120.2,80.09,96.87,50.82,71.85,47.61,67.12,81.52
2016-02-25,96.76,56.2,39.63,86.68,146.75,55.39,12.32,116.82,66.47,154.72,69.42,26.6,85.3,95.65,76.44,29.23,90.16,148.25,126.86,104.19,134.5,29.62,106.38,57.01,44.16,87.42,118.37,158.99,51.0,52.1,24.63,62.38,100.67,30.59,82.34,51.64,58.75,72.35,49.36,53.11,37.37,121.2,79.32,97.72,51.11,73.27,47.75,68.04,82.01
2016-02-26,96.91,56.0,39.52,86.6,147.6,55.38,12.7,118.16,66.87,149.68,69.72,26.41,84.35,95.31,74.03,29.4,88.1,150.25,126.26,103.03,132.03,29.8,105.78,57.54,43.14,87.57,117.06,158.27,50.64,51.3,25.16,62.6,98.36,30.23,81.1,51.62,58.34,72.47,48.19,53.3,37.13,121.33,80.0,97.44,51.02,72.73,48.07,66.51,81.75
2016-02-29,96.69,54.61,38.74,85.15,142.28,55.58,12.52,118.18,67.7,150.03,67.75,26.18,83.44,95.52,74.28,29.14,87.25,149.53,124.12,101.35,131.03,29.59,105.21,56.3,43.13,86.92,117.19,156.87,50.21,50.88,24.7,61.59,97.82,29.67,80.29,50.79,58.21,71.72,48.18,53.02,36.95,119.1,78.86,96.55,50.73,72.39,46.92,66.34,80.15
2016-03-01,100.53,56.34,39.33,88.37,148.39,56.8,13.19,119.96,69.09,150.52,70.02,26.83,86.13,97.65,73.35,29.88,89.69,154.65,125.7,105.87,134.37,30.37,107.22,59.2,43.69,90.1,118.85,159.59,51.75,52.58,26.09,62.92,99.09,30.04,81.23,52.11,60.04,74.01,47.49,54.22,37.39,121.67,80.12,98.36,51.46,74.64,48.72,66.46,81.28
2016-03-02,100.75,55.7,39.34,88.39,147.49,57.12,13.41,119.65,69.38,152.79,70.43,26.9,87.14,97.0,73.63,30.18,88.8,154.2,125.59,106.49,136.3,30.54,107.04,59.76,43.77,89.89,118.48,159.41,52.27,52.95,26.11,62.22,98.33,29.98,82.55,52.85,59.56,74.41,47.98,54.42,37.69,121.27,79.5,98.77,52.12,74.3,49.57,66.21,82.7
2016-03-03,101.5,55.93,38.82,87.21,145.84,58.09,13.5,119.61,71.75,151.6,70.8,26.87,87.53,98.82,74.33,30.22,87.83,155.33,126.8,107.98,137.8,30.58,106.65,59.96,43.96,89.74,116.69,159.38,52.1,52.35,26.14,61.47,99.16,29.89,82.84,52.38,59.04,74.85,48.19,54.87,37.99,121.82,80.01,99.62,51.89,73.91,49.77,66.14,82.4
2016-03-04,103.01,56.15,39.18,86.18,145.98,58.29,13.54,121.07,72.84,150.9,71.06,26.8,87.93,98.48,75.17,30.46,87.21,156.84,125.56,108.15,137.8,30.63,106.5,60.05,44.11,90.05,117.18,160.07,52.08,52.03,26.13,61.26,100.0,29.71,83.49,52.66,58.7,74.83,48.63,54.89,37.93,121.8,80.5,100.4,51.81,73.9,50.11,66.78,82.29
2016-03-07,101.87,56.4,39.18,85.11,147.31,59.0,13.53,122.9,74.77,148.17,70.49,27.14,90.67,99.39,76.25,30.29,89.65,155.35,126.17,107.47,140.15,30.94,106.74,59.94,44.01,88.3,117.15,160.57,52.64,51.03,26.09,59.25,99.25,29.79,83.1,53.3,58.0,76.16,48.49,55.49,38.13,121.76,81.45,101.3,52.21,71.94,50.07,67.89,84.46
2016-03-08,101.03,55.32,39.17,84.35,144.63,59.43,13.06,122.35,71.73,150.95,69.82,27.05,88.74,97.82,77.27,30.06,88.66,151.6,126.72,107.58,139.07,30.56,106.22,58.78,44.32,86.85,118.42,160.2,52.45,51.65,25.01,59.81,99.74,29.36,83.06,52.46,57.6,72.7,49.15,54.53,38.09,121.66,78.25,100.62,52.46,70.62,49.05,68.04,82.63
2016-03-09,101.12,56.39,39.28,85.27,140.9,59.05,13.14,122.86,71.87,153.05,71.04,27.61,92.82,97.66,77.51,30.05,87.83,149.91,126.03,108.93,140.41,30.865,106.84,59.12,44.81,87.18,119.64,160.09,52.36,52.84,24.61,58.33,100.2,29.74,82.96,51.95,57.07,72.75,49.56,54.75,37.98,121.1,80.14,99.56,52.34,70.68,48.79,67.53,82.4
2016-03-10,101.17,56.23,39.03,84.85,141.03,58.75,13.27,122.94,71.36,152.87,70.7,27.38,93.94,97.04,77.26,29.94,88.64,151.02,125.89,108.36,140.19,31.25,107.14,58.61,45.23,86.89,119.98,159.89,53.04,52.05,24.65,58.88,100.78,29.59,82.28,52.02,57.52,73.18,49.87,55.49,38.31,122.09,79.38,99.87,52.32,70.22,48.51,67.41,82.18
2016-03-11,102.26,57.73,40.37,86.0,144.57,59.46,13.79,124.63,72.8,152.71,71.63,27.86,94.58,97.94,77.76,30.34,89.65,153.94,128.46,109.03,142.36,31.76,107.71,59.34,45.2,88.58,121.55,161.88,53.2,53.07,26.0,60.08,101.31,30.5,81.75,52.22,57.59,75.0,49.79,56.06,38.36,125.1,81.26,100.82,52.53,71.63,50.07,67.17,82.19
2016-03-14,102.52,57.21,40.5,87.01,144.62,59.57,13.64,126.34,72.73,152.67,72.22,27.7,94.26,98.81,77.72,30.27,90.46,153.49,128.84,108.51,142.78,31.43,107.66,59.12,45.29,88.87,122.9,161.81,53.08,53.17,25.91,60.81,100.65,30.1,81.17,52.09,58.65,73.44,49.95,55.61,38.32,125.22,80.35,101.29,52.54,71.49,49.88,67.36,82.41
2016-03-15,104.58,55.62,39.9,86.83,143.21,59.23,13.57,126.36,72.44,154.18,71.7,27.66,94.27,98.24,78.05,30.28,89.44,152.03,129.71,108.68,142.96,31.65,107.76,59.2,45.24,89.36,123.43,162.41,52.42,53.59,25.43,61.4,101.15,29.54,81.31,51.63,59.08,73.23,50.33,55.73,38.52,124.85,80.15,101.42,52.67,71.91,49.98,68.09,82.82
2016-03-16,105.97,56.31,40.18,88.17,143.98,59.7,13.31,127.57,74.34,154.06,72.73,27.88,95.4,98.44,78.95,30.17,90.28,150.54,130.45,109.23,144.79,31.69,107.41,58.92,45.05,90.01,123.52,162.89,51.94,54.35,25.16,61.86,100.83,29.04,81.34,51.3,59.67,73.35,50.68,56.14,38.77,124.9,80.31,101.67,53.21,72.37,49.54,67.99,82.87
2016-03-17,105.8,55.32,40.29,89.96,144.13,60.08,13.4,130.7,75.9,153.84,72.72,28.19,96.89,99.6,79.99,30.96,89.53,152.91,130.88,111.02,147.04,31.98,106.74,58.75,45.77,91.41,123.16,163.75,51.53,54.66,25.85,63.18,101.87,29.34,82.75,51.38,59.55,74.54,50.82,56.6,39.12,124.53,83.08,103.75,53.63,73.14,49.73,67.45,84.1
2016-03-18,105.92,56.57,40.79,93.42,145.51,61.22,13.79,133.96,75.47,153.15,72.65,28.33,97.69,99.2,79.67,30.92,90.27,157.6,131.35,112.1,147.09,32.68,107.5,60.48,45.6,92.31,124.08,165.33,52.25,53.49,26.28,62.99,101.29,29.45,83.15,51.59,59.7,73.52,50.76,57.09,38.56,126.72,84.42,104.99,53.24,73.78,50.54,66.95,84.2
2016-03-21,105.91,56.01,40.76,92.5,147.01,61.21,13.84,135.86,75.89,153.94,72.25,28.19,96.44,98.46,79.52,31.09,92.67,156.29,131.01,112.68,148.63,32.34,107.28,60.46,45.67,92.35,123.81,164.84,52.8,53.86,25.94,64.72,101.54,30.07,83.32,52.21,59.1,74.89,50.48,57.02,38.92,126.74,83.98,105.15,53.44,73.77,50.67,67.97,83.62
2016-03-22,106.72,57.5,41.03,92.56,150.62,60.61,13.76,135.12,75.55,152.23,72.85,28.28,95.5,97.58,78.88,31.06,93.72,154.2,130.59,112.98,148.1,32.32,107.38,60.24,45.5,91.76,123.82,164.91,53.03,54.07,25.84,64.9,100.77,30.38,82.74,52.02,59.38,73.61,50.27,56.9,38.63,128.02,82.06,104.86,53.21,72.96,50.37,67.87,84.12
2016-03-23,106.13,56.36,40.78,92.16,148.76,60.63,13.62,132.86,73.68,153.51,71.78,27.83,93.59,96.83,79.81,31.07,90.08,154.08,130.22,112.21,145.4,32.0,108.5,59.94,45.46,92.13,124.19,164.27,53.08,53.97,25.27,62.44,100.81,30.19,82.82,50.99,58.83,72.96,50.67,56.6,38.54,129.79,81.52,104.88,52.91,73.91,49.76,67.46,83.75
2016-03-24,105.67,56.12,40.75,92.52,149.24,60.47,13.68,132.12,75.29,151.43,72.44,27.96,94.85,97.22,79.75,31.11,91.32,153.0,130.46,111.32,147.95,31.88,108.31,59.48,45.58,91.91,123.29,164.46,53.07,54.21,24.93,61.65,100.68,30.08,82.89,50.86,58.36,72.58,50.9,56.7,38.88,128.59,80.92,105.43,53.56,74.14,48.9,68.0,83.98
2016-03-28,105.19,56.11,40.88,92.4,148.37,60.28,13.62,131.29,75.32,152.67,71.95,27.9,94.68,98.09,79.48,31.49,92.46,153.84,131.08,111.6,148.4,31.9,108.23,59.4,45.8,91.24,123.17,166.28,52.83,53.54,24.72,61.34,100.98,29.78,82.62,50.19,58.96,72.8,50.58,56.52,39.07,128.92,78.81,105.06,53.4,74.08,48.7,68.12,84.22
2016-03-29,107.68,57.05,41.47,93.22,149.49,60.6,13.42,130.88,76.01,155.26,72.3,28.1,95.32,98.16,80.44,31.48,92.2,155.03,132.47,111.9,149.33,32.38,109.14,59.03,46.48,92.78,123.97,164.39,53.32,54.71,24.78,61.49,101.37,30.05,82.8,50.69,59.55,73.0,51.2,57.41,39.45,129.83,79.8,106.1,54.05,75.38,48.05,68.03,84.53
2016-03-30,109.56,57.0,41.65,93.78,149.48,60.29,13.48,128.58,76.51,157.6,74.3,28.46,95.25,98.91,80.35,31.83,91.97,156.5,133.42,112.17,148.41,32.71,108.98,59.71,46.58,93.81,125.83,166.75,53.22,55.05,25.07,62.04,102.69,30.07,82.68,50.99,60.01,74.41,51.21,58.37,39.37,129.68,80.56,105.73,54.04,76.78,48.65,68.8,84.52
2016-03-31,108.99,57.12,41.83,93.8,149.93,61.4,13.52,126.94,76.54,157.58,73.83,28.47,95.4,99.31,80.68,31.79,91.86,156.98,133.43,112.05,151.45,32.35,108.2,59.22,46.39,94.5,125.68,166.63,52.91,55.23,25.01,61.47,102.48,29.64,82.31,51.14,59.7,73.75,51.73,57.42,39.17,128.9,79.55,105.47,54.08,76.48,48.36,68.49,83.59
2016-04-01,109.99,57.42,42.19,95.16,154.16,61.1,13.56,126.96,76.79,158.25,75.73,28.69,94.26,99.07,81.13,31.93,94.12,159.82,134.85,113.23,152.52,32.45,109.19,59.88,46.83,95.87,127.02,167.53,53.7,55.57,25.53,61.59,103.78,30.04,83.53,50.88,61.02,72.12,51.7,57.94,39.05,129.92,78.92,104.95,54.01,77.59,48.45,69.06,82.96
2016-04-04,111.12,59.21,42.32,94.5,154.66,60.62,13.51,126.34,75.72,157.73,75.69,28.14,93.43,98.68,81.09,31.23,94.24,157.77,134.85,112.55,152.07,32.0,108.59,59.2,46.89,95.05,127.57,166.4,54.4,55.43,25.04,59.97,103.82,30.72,83.21,50.65,60.25,72.64,51.53,57.72,39.36,129.49,78.34,104.88,54.42,77.83,48.5,69.1,83.16
2016-04-05,109.81,58.54,42.04,94.17,152.95,60.2,13.19,127.03,75.24,155.99,74.58,27.58,92.67,97.0,79.9,30.98,95.57,155.35,134.58,111.78,150.0,31.9,108.95,58.36,46.53,94.36,127.38,165.81,54.24,54.56,24.38,59.67,103.1,31.36,83.16,50.07,60.04,72.66,50.65,57.71,39.2,127.04,78.62,103.92,54.09,76.97,47.51,68.64,82.21
2016-04-06,110.96,59.89,43.05,95.4,159.66,59.88,13.27,127.93,75.22,156.77,75.58,28.0,94.84,97.48,79.36,30.9,97.44,155.19,135.44,113.06,150.02,32.08,109.42,58.81,46.71,94.75,127.52,166.81,55.63,55.12,24.42,60.31,103.92,32.93,83.81,50.62,60.83,73.16,50.36,58.36,38.64,128.03,78.35,104.67,53.52,78.21,48.08,69.04,83.31
2016-04-07,108.54,59.3,42.61,93.78,157.38,58.86,12.85,127.0,74.17,152.03,75.32,27.6,94.79,96.16,79.29,30.63,95.57,150.41,133.87,111.67,148.25,31.55,109.27,57.32,46.36,93.51,128.14,167.16,55.42,54.46,23.72,60.3,103.6,32.76,83.24,50.03,61.17,72.01,50.67,57.15,38.59,126.87,78.0,103.99,52.0,77.58,46.93,68.22,82.37
2016-04-08,108.66,58.47,42.37,94.07,156.46,59.5,12.88,127.88,74.35,151.65,74.85,27.69,96.33,96.42,79.77,30.79,96.09,150.28,133.62,112.12,149.35,31.63,109.1,57.74,46.87,93.79,127.96,166.63,55.36,54.42,23.75,59.42,105.08,32.5,83.2,50.56,61.04,73.85,50.73,57.89,38.5,125.68,79.17,104.31,52.18,78.03,47.07,68.06,83.21
2016-04-11,109.02,58.5,42.48,92.95,156.39,59.8,12.97,127.91,74.63,149.05,74.16,27.62,95.24,96.27,79.44,30.71,95.83,152.2,133.01,111.94,149.25,31.67,108.97,58.2,46.44,93.47,127.56,166.59,55.05,54.31,24.11,57.92,104.3,31.89,82.73,51.0,60.9,73.88,50.47,57.82,38.39,126.33,78.69,103.86,51.61,77.82,47.03,67.4,83.32
2016-04-12,110.44,59.9,42.83,93.42,158.6,60.68,13.27,129.47,76.1,150.52,74.27,27.64,97.51,97.35,80.22,30.81,97.24,154.31,134.38,113.03,149.63,31.86,109.6,59.28,46.65,93.86,127.61,168.03,55.34,54.65,24.58,58.55,104.91,31.96,82.83,50.82,59.5,75.9,50.77,58.44,38.67,126.8,79.64,105.23,51.95,78.52,47.77,68.8,84.35
2016-04-13,112.04,59.06,43.35,94.53,160.06,62.16,13.79,131.14,79.13,151.88,75.95,28.23,97.6,99.48,79.63,30.98,97.19,159.85,133.84,114.74,151.23,32.13,109.87,61.79,46.04,95.75,126.89,168.59,55.96,55.35,25.88,59.58,104.12,32.54,82.46,51.92,60.21,77.37,50.36,59.17,38.25,127.76,81.72,105.54,51.29,79.71,49.03,69.15,84.83
2016-04-14,112.1,59.28,43.51,94.44,160.12,62.51,14.14,130.85,79.05,151.4,76.15,28.25,97.98,98.63,79.45,31.02,98.19,160.91,134.37,114.52,151.16,31.8,109.84,62.59,45.83,96.17,127.51,168.16,56.45,55.36,26.17,59.49,103.16,32.65,82.01,51.82,60.13,77.16,50.45,59.22,38.42,127.98,82.32,105.08,51.36,80.33,48.79,68.8,85.43
2016-04-15,109.85,59.51,43.41,95.16,160.13,62.14,14.0,131.13,79.17,153.17,76.31,27.9,97.23,98.59,80.0,31.03,98.29,158.52,135.01,114.63,151.72,31.46,110.18,61.87,46.1,96.68,127.78,168.78,56.14,55.65,25.76,59.5,103.77,32.5,82.3,51.06,60.51,76.26,50.68,58.93,38.48,127.33,81.21,105.54,51.35,80.08,48.25,69.06,84.97
2016-04-18,107.48,59.88,43.95,96.55,161.7,62.59,14.17,131.97,79.25,153.3,77.27,28.19,98.7,101.48,80.4,31.06,99.2,159.02,136.8,115.46,152.53,31.65,110.93,62.27,46.22,97.67,128.85,169.55,56.51,56.46,25.73,59.57,103.72,32.61,82.83,51.55,60.89,77.45,50.91,58.95,38.65,127.81,80.88,106.18,51.73,81.45,48.84,69.86,85.78
2016-04-19,106.91,60.17,43.85,96.52,162.1,63.57,14.45,132.68,80.39,153.68,76.19,28.33,100.5,102.64,79.79,31.15,99.44,162.65,135.44,115.8,144.0,31.6,112.68,63.32,46.6,97.24,128.86,169.65,56.86,56.39,26.46,59.56,104.32,32.89,83.28,51.83,60.9,79.64,51.0,58.42,38.92,130.5,82.24,106.84,52.08,80.75,49.88,69.77,86.21
2016-04-20,107.13,60.48,43.97,96.33,162.76,65.02,14.93,130.57,79.75,152.74,76.14,28.44,101.69,103.27,78.2,31.15,100.11,166.98,135.19,115.18,146.11,32.0,113.58,64.24,44.37,97.9,128.55,168.94,56.58,55.59,27.41,59.62,102.44,33.23,81.55,52.09,60.9,81.1,49.77,59.05,38.72,133.93,83.85,106.17,51.75,81.15,50.45,69.21,86.8
2016-04-21,105.97,61.37,43.88,96.37,164.35,65.61,14.9,130.74,78.66,151.42,77.15,28.24,101.4,102.91,76.34,30.98,101.74,165.32,134.6,114.92,149.3,31.97,113.57,63.6,43.66,97.54,125.79,168.66,56.6,55.78,27.26,60.08,100.99,33.24,80.8,51.67,60.64,80.27,48.94,58.86,37.86,132.96,87.32,104.99,50.03,80.79,50.05,68.47,86.79
2016-04-22,105.68,61.42,44.08,94.79,163.19,65.93,15.11,131.05,78.32,149.92,76.48,28.15,102.01,103.77,77.01,30.76,101.93,166.75,135.66,114.17,148.5,31.64,113.32,63.97,44.54,97.45,125.5,168.66,56.74,51.78,27.7,59.43,101.98,33.27,80.95,52.64,57.68,79.93,49.26,58.68,38.07,134.13,89.63,105.52,50.55,79.11,50.62,68.72,87.53
2016-04-25,105.08,60.97,44.01,95.8,163.46,65.7,14.96,130.75,76.79,151.51,76.51,28.23,101.51,104.57,76.76,30.68,102.29,165.09,135.65,113.25,148.81,31.39,113.51,63.6,44.71,96.98,127.46,168.38,56.22,52.11,27.53,59.21,102.8,33.21,81.41,52.43,57.77,78.77,49.27,59.02,38.21,133.78,87.61,105.07,50.76,78.14,50.51,69.47,87.33
2016-04-26,104.35,60.93,43.88,96.15,162.85,66.2,15.09,133.24,77.65,152.6,76.21,28.45,102.29,104.89,76.95,30.9,101.33,165.84,135.34,114.8,149.08,31.4,112.91,63.93,44.53,97.27,127.71,166.18,56.04,51.44,27.56,59.54,102.6,33.05,79.55,52.91,57.72,79.2,49.2,59.4,38.09,134.24,88.76,106.23,50.44,78.53,50.92,69.3,87.63
2016-04-27,97.82,60.7,43.83,95.64,161.0,66.23,15.02,137.08,78.68,151.77,75.69,28.64,103.85,105.28,78.06,30.93,100.72,166.92,135.75,115.44,150.47,31.75,112.77,64.11,44.68,98.38,128.3,167.76,56.31,50.94,27.53,59.27,102.63,33.0,79.89,52.9,56.9,80.6,49.54,59.92,38.72,132.8,89.17,106.46,51.69,78.76,50.93,69.42,88.46
2016-04-28,94.83,61.2,40.42,93.64,160.56,65.84,14.79,134.8,77.75,151.44,75.38,27.96,102.4,104.03,78.34,30.9,97.0,164.29,132.73,114.62,147.07,31.11,112.48,63.6,44.63,97.18,127.92,167.0,55.74,49.9,27.23,58.54,102.97,32.91,79.76,52.13,56.42,79.78,49.95,58.69,38.64,132.07,88.51,104.91,51.02,77.68,50.41,68.91,88.03
2016-04-29,93.74,61.0,38.9,94.22,158.3,65.43,14.56,134.8,77.72,148.13,75.8,27.49,102.18,103.26,78.78,30.75,88.21,164.11,133.89,114.27,145.94,30.28,112.08,63.2,44.8,96.99,126.49,167.38,54.84,49.87,27.06,58.94,102.96,32.71,80.12,50.52,56.23,80.34,50.1,57.04,38.82,131.68,87.23,105.07,50.94,77.24,49.98,66.87,88.4
2016-05-02,93.64,61.44,38.85,94.9,158.99,65.68,14.77,134.01,77.84,150.93,77.25,27.37,103.31,104.36,78.94,30.89,89.0,166.18,136.05,114.67,145.27,30.61,112.75,63.79,44.98,97.77,128.2,168.34,55.3,50.61,27.26,59.59,103.43,32.8,80.97,51.11,57.36,79.4,50.41,57.85,39.1,132.1,88.12,104.76,51.32,78.46,50.59,67.59,89.13
2016-05-03,95.18,61.77,38.55,93.66,156.35,64.85,14.36,132.49,76.36,151.41,74.9,26.86,101.32,103.78,78.84,30.63,87.17,163.14,134.54,114.51,144.13,30.36,112.69,62.56,44.84,96.45,128.4,167.97,55.08,49.78,26.89,59.52,103.56,33.7,81.1,50.73,56.25,77.23,50.5,57.2,38.91,132.46,86.77,104.38,50.68,77.19,50.01,67.0,88.11
2016-05-04,94.19,61.46,38.1,92.94,154.18,64.26,14.13,130.89,74.24,151.51,73.99,26.44,100.59,103.67,80.02,30.07,85.6,160.07,135.16,112.93,144.25,29.85,112.22,61.57,44.98,96.25,129.33,167.16,54.81,49.87,26.28,59.11,104.02,33.4,81.6,50.49,56.39,75.73,51.36,56.43,38.88,132.03,85.64,103.11,50.84,77.07,48.94,67.19,87.94
2016-05-05,93.24,62.34,38.5,93.5,154.25,63.92,14.05,132.08,72.79,147.84,73.81,26.21,101.42,104.93,80.18,29.89,85.86,159.53,134.67,113.62,146.48,29.9,112.88,61.24,45.06,96.19,129.28,167.77,54.09,49.94,26.17,58.19,104.21,33.57,81.3,51.13,56.25,75.4,50.62,56.64,38.74,132.31,85.19,102.14,50.84,77.36,48.96,67.21,88.04
2016-05-06,92.72,62.51,37.97,94.3,153.19,64.51,14.11,133.26,73.36,146.44,74.25,26.53,101.86,105.54,79.38,30.12,84.68,158.85,135.7,113.78,147.29,30.04,112.74,61.6,45.32,96.68,130.58,168.89,53.6,50.39,26.25,58.43,104.96,33.58,82.13,50.92,56.31,75.12,49.49,57.2,38.99,132.04,85.73,102.11,51.12,77.72,49.02,68.25,88.51
2016-05-09,92.79,63.7,37.98,94.61,155.41,63.98,13.99,132.1,70.78,148.59,74.62,26.51,100.35,105.34,80.06,29.87,85.67,157.51,136.24,113.16,147.34,29.8,113.72,61.21,45.24,96.72,130.83,168.52,54.1,50.07,26.1,58.72,105.28,33.82,82.12,51.2,56.64,72.77,49.81,56.91,38.86,132.67,84.63,102.69,51.08,78.22,48.88,68.95,88.57
2016-05-10,93.42,63.74,38.1,96.52,157.24,64.84,14.3,134.73,72.51,149.56,75.92,27.03,101.27,106.6,80.06,30.48,86.18,161.42,137.51,114.94,149.97,30.14,114.67,62.04,45.75,97.64,131.6,170.26,54.68,51.02,26.63,59.2,106.57,33.81,82.48,52.15,57.49,74.26,50.14,57.63,39.31,133.57,86.1,103.65,51.54,79.21,49.4,68.8,90.0
2016-05-11,92.51,62.7,38.01,96.1,154.18,64.59,14.2,133.0,72.43,147.12,75.79,26.7,101.14,102.29,80.49,30.34,83.9,159.42,134.3,114.11,148.95,30.06,114.37,61.81,45.46,96.41,129.14,169.77,54.31,51.05,26.36,57.01,105.72,33.16,82.15,52.15,56.23,73.81,50.33,57.63,39.18,130.69,84.49,102.46,51.15,77.3,49.08,66.41,88.81
2016-05-12,90.34,62.49,38.0,95.96,152.9,64.34,14.14,134.42,71.7,146.72,75.89,26.67,102.12,101.71,81.08,30.09,82.76,158.07,134.19,114.19,148.84,29.76,114.23,61.77,45.83,95.85,130.12,170.15,54.12,51.51,26.23,57.99,106.1,33.19,82.41,51.51,56.3,74.09,50.16,57.16,39.55,129.74,83.84,101.79,51.47,77.89,49.2,66.85,89.67
2016-05-13,90.52,62.0,37.6,95.97,152.35,64.12,13.88,132.12,70.07,144.5,76.37,26.53,100.74,100.52,80.77,29.64,82.7,155.34,133.13,113.2,147.72,29.91,113.56,61.2,45.35,95.36,128.83,168.32,53.88,51.08,25.89,57.31,104.18,33.19,81.23,51.32,55.82,72.43,49.89,57.12,39.15,129.0,82.0,100.66,50.94,76.83,48.24,64.94,88.66
2016-05-16,93.88,62.45,38.25,97.23,153.27,64.07,13.93,134.14,70.7,145.79,77.31,26.97,102.3,100.36,81.0,29.96,83.61,155.38,135.34,114.84,149.46,30.39,114.44,61.66,45.62,96.15,129.64,169.55,54.65,51.83,26.21,57.14,104.13,33.38,81.63,51.91,55.53,74.0,49.94,58.02,39.28,130.64,82.02,101.65,51.23,77.8,48.27,66.02,89.57
2016-05-17,93.49,60.25,37.71,95.93,150.11,62.76,14.01,132.56,71.05,143.6,76.77,26.65,100.75,99.94,79.51,29.71,82.76,154.65,132.0,113.63,148.0,29.98,113.83,61.66,44.75,95.6,127.69,167.82,54.32,50.51,26.16,57.1,102.37,33.03,80.62,51.99,54.88,74.88,49.08,57.43,39.11,129.56,82.19,101.09,50.9,76.79,47.62,65.1,89.53
2016-05-18,94.56,60.46,37.75,96.7,150.83,63.52,14.69,130.99,70.59,141.29,77.87,26.72,100.06,99.0,76.57,29.61,82.88,159.94,131.77,112.69,147.34,29.99,113.59,64.04,44.48,95.63,126.21,166.82,54.67,50.81,27.24,56.12,100.91,33.17,79.85,52.79,54.8,73.17,48.04,58.01,38.45,130.51,82.48,101.3,50.39,77.43,48.65,63.15,89.35
2016-05-19,94.2,59.28,37.24,95.88,148.67,62.74,14.53,128.08,69.43,142.7,81.09,27.57,99.85,98.41,76.97,29.36,82.14,154.7,131.73,112.32,144.93,29.63,112.86,63.39,44.32,94.7,125.29,165.11,54.58,50.32,26.61,57.04,101.33,33.38,80.19,52.76,54.55,74.2,48.67,57.23,38.44,130.0,81.44,101.29,49.63,76.88,48.38,69.2,90.11
2016-05-20,95.22,59.69,37.6,96.88,150.18,63.92,14.52,127.39,69.87,142.69,81.02,27.97,99.79,99.78,77.0,29.56,82.64,154.51,131.85,113.22,147.25,30.15,112.64,63.51,43.95,95.47,122.56,165.01,55.11,50.62,26.77,56.48,100.1,33.74,80.02,54.52,54.62,74.96,48.65,58.53,38.45,130.94,82.41,101.51,49.66,77.67,48.75,69.86,89.74
2016-05-23,96.43,59.3,37.37,96.62,149.3,63.59,14.47,127.58,70.4,142.01,81.73,27.94,99.38,99.18,76.15,29.49,83.33,155.45,131.42,112.8,146.77,30.23,112.16,63.46,43.97,95.08,122.81,166.11,54.92,50.03,26.83,55.99,100.42,33.67,80.2,54.18,54.6,75.01,48.09,58.73,38.32,130.42,81.49,101.09,49.14,77.21,48.7,69.5,89.6
2016-05-24,97.9,60.7,37.98,99.63,152.72,64.87,14.68,127.5,71.09,142.57,82.75,28.47,100.19,99.51,76.99,29.85,86.22,157.59,133.36,114.37,148.31,31.06,112.69,64.54,44.37,96.48,123.95,168.63,55.6,51.59,27.41,56.59,101.09,34.1,80.97,55.59,55.44,75.62,48.46,60.09,38.5,132.59,81.29,101.98,49.58,79.38,49.2,70.24,89.67
2016-05-25,99.62,61.22,38.68,99.61,155.57,65.31,14.92,128.86,72.57,144.54,83.57,28.92,101.77,99.86,76.95,30.09,86.51,161.25,133.2,114.72,151.69,31.39,113.35,65.52,44.38,96.45,123.26,169.99,56.57,52.12,27.78,55.99,101.09,34.35,81.48,55.98,55.15,77.91,48.55,60.44,38.62,133.42,82.92,102.3,49.85,79.06,50.5,70.48,90.26
2016-05-26,100.41,61.9,38.89,99.37,155.55,65.23,14.7,129.31,72.08,149.71,83.35,28.9,101.5,99.81,77.96,30.02,85.29,159.83,134.05,114.19,152.44,31.49,112.9,65.03,44.69,96.38,123.79,168.91,56.39,51.89,27.42,55.84,101.9,34.43,81.22,55.74,55.29,77.89,49.22,60.77,38.84,132.98,82.34,102.45,50.16,79.0,50.55,70.85,89.8
2016-05-27,100.35,62.71,39.3,100.14,156.74,65.52,14.88,129.22,71.96,149.08,83.77,28.92,102.02,100.29,77.98,30.12,85.82,159.53,133.95,114.33,152.84,31.57,113.06,65.43,44.78,97.18,123.25,168.89,56.48,52.32,27.53,56.19,101.96,34.61,81.43,55.27,55.15,77.17,49.16,61.02,38.99,134.0,82.97,102.98,50.62,79.66,50.85,70.75,90.01
2016-05-31,99.86,62.93,39.63,99.47,157.95,65.76,14.8,126.15,72.51,148.77,83.71,29.05,101.0,99.22,78.23,30.23,87.06,159.48,132.12,113.83,153.74,31.59,112.69,65.27,44.6,95.9,122.06,168.32,56.26,53.0,27.37,55.22,101.18,34.7,81.04,54.92,54.89,76.3,49.44,60.6,39.15,133.67,84.19,103.09,50.9,78.94,50.72,70.78,89.02
2016-06-01,98.46,62.83,39.5,100.04,158.05,65.91,14.86,126.41,72.27,152.52,83.45,28.9,101.13,98.52,79.02,30.11,86.58,159.97,131.83,113.94,152.51,31.66,112.78,65.69,44.7,96.41,121.98,168.69,56.33,52.85,27.49,54.94,101.57,34.75,81.79,54.79,54.82,75.86,49.57,61.07,38.73,134.53,84.11,102.89,50.43,79.22,51.0,70.5,89.24
2016-06-02,97.72,65.09,39.53,100.17,159.87,66.41,14.94,126.85,73.62,151.51,83.24,29.08,100.53,98.72,78.94,30.05,86.72,159.28,132.41,114.53,153.5,31.76,114.49,65.81,44.72,96.88,121.17,168.04,56.82,52.48,27.28,54.53,102.0,34.87,81.95,54.88,54.62,75.45,49.36,60.76,38.84,136.04,84.61,103.05,50.77,79.95,51.11,70.95,88.53
2016-06-03,97.92,65.0,39.18,98.7,159.19,65.49,14.42,127.38,75.04,151.71,82.55,29.13,100.66,98.75,80.08,29.94,86.15,155.67,131.74,114.79,152.89,31.62,114.76,64.64,45.04,96.03,121.35,168.38,56.64,51.79,26.54,53.45,102.53,34.69,82.47,54.94,54.61,75.63,50.18,60.53,39.21,136.84,86.38,103.12,50.92,79.94,50.19,70.87,88.37
2016-06-06,98.63,62.82,39.17,99.12,160.19,65.94,14.52,131.9,76.42,152.24,82.83,29.1,101.17,98.78,79.84,30.12,87.6,157.06,129.19,115.54,152.73,31.68,115.77,65.28,45.37,96.64,122.0,170.08,57.17,52.13,26.85,54.3,102.7,34.93,82.77,54.89,55.59,79.09,50.13,61.29,39.34,138.15,86.85,103.11,50.71,80.54,50.49,71.05,89.34
2016-06-07,99.03,63.1,38.93,98.52,158.89,65.89,14.35,131.93,76.81,152.62,83.14,29.07,103.32,98.35,79.99,30.14,87.5,155.17,129.92,115.35,153.33,31.88,115.73,65.06,45.32,96.68,121.9,170.91,57.0,52.1,26.52,53.55,102.49,34.84,82.32,54.84,55.3,80.1,50.09,61.56,39.79,136.94,87.57,103.87,51.75,80.6,50.27,71.03,90.71
2016-06-08,98.94,61.73,38.91,98.68,158.0,66.26,14.43,133.0,78.11,153.37,83.35,29.14,103.09,98.04,80.51,30.31,87.42,154.64,129.59,116.07,154.0,31.89,115.8,65.25,45.55,97.99,122.11,171.42,57.62,52.04,26.54,54.12,103.18,35.25,82.65,54.94,55.22,80.81,50.37,62.08,39.86,140.4,89.04,104.69,51.52,81.65,50.0,71.28,90.79
2016-06-09,99.65,60.75,38.87,98.07,156.78,65.71,14.19,133.1,77.16,154.05,82.73,29.14,102.81,97.84,81.26,30.24,85.77,153.17,129.3,117.21,153.42,31.94,117.0,64.75,45.76,97.02,122.79,170.13,57.18,51.62,26.08,54.94,103.66,35.31,83.17,54.98,55.58,79.96,50.86,62.14,40.09,140.68,89.39,104.97,51.95,81.26,49.14,71.09,90.67
2016-06-10,98.83,61.0,38.4,97.09,154.78,64.97,13.83,131.14,76.03,154.87,81.83,29.03,101.98,97.34,81.24,30.04,84.45,149.89,128.83,116.68,152.37,32.04,117.01,63.84,46.0,95.21,122.36,168.56,56.82,51.48,25.54,55.11,103.31,35.29,83.2,53.83,54.865,78.53,51.11,61.91,40.33,139.24,88.78,104.52,52.67,80.18,48.34,71.14,89.98
2016-06-13,97.34,59.93,37.86,96.96,153.08,63.67,13.6,129.92,75.23,154.95,81.49,28.84,102.1,97.57,81.61,29.83,83.98,148.63,127.83,115.13,151.28,32.17,116.79,63.27,45.12,94.19,122.99,167.13,56.11,50.14,25.26,54.91,103.06,34.74,82.57,52.83,55.04,77.64,50.99,61.53,40.19,138.09,88.71,103.64,52.57,78.4,47.97,70.53,90.59
2016-06-14,97.46,59.9,37.66,96.98,152.99,61.07,13.26,130.5,74.86,155.87,81.09,28.96,101.28,98.4,82.41,30.44,83.57,146.19,125.24,115.51,151.06,32.14,117.12,62.08,45.04,94.11,122.51,167.61,56.25,49.83,24.6,54.12,103.23,34.99,83.35,52.7,55.57,77.46,51.33,61.9,40.38,137.87,87.98,103.73,52.99,78.57,46.88,70.95,90.43
2016-06-15,97.14,60.4,37.43,97.02,151.9,61.42,13.34,130.16,75.07,154.86,81.99,28.65,100.63,98.27,81.53,30.71,83.04,146.16,126.53,115.52,150.68,31.61,116.41,61.97,45.01,93.34,122.25,167.8,56.09,49.69,24.72,54.31,102.86,34.79,82.95,53.28,55.35,76.85,50.88,61.69,40.29,137.26,87.54,103.89,52.84,78.17,46.78,71.12,90.16
2016-06-16,97.55,60.9,37.5,97.19,152.3,61.93,13.31,129.37,74.99,156.42,81.64,28.87,101.07,98.38,82.53,30.64,83.51,146.63,127.36,115.79,151.06,31.69,116.64,62.22,45.31,94.08,122.47,169.93,57.5,50.39,25.07,53.47,103.85,34.75,83.41,53.42,55.53,76.34,51.06,62.06,40.49,138.66,87.09,104.21,53.46,78.35,46.85,71.3,91.22
2016-06-17,95.33,60.01,37.39,95.58,149.62,61.86,13.4,129.82,75.93,155.89,80.5,28.95,101.57,99.0,82.98,30.6,82.65,145.64,127.14,115.92,151.99,31.76,115.48,62.28,44.79,93.29,122.27,168.94,55.89,50.13,25.31,53.71,103.41,34.22,83.13,53.55,55.31,77.5,51.15,61.62,40.73,137.69,87.58,105.02,53.78,76.99,46.6,70.95,90.72
2016-06-20,95.1,60.11,37.75,97.99,150.65,62.3,13.54,132.75,76.43,156.48,81.22,28.8,102.61,99.57,82.0,30.83,82.99,147.75,127.62,117.06,153.61,32.17,116.54,62.37,44.98,94.35,123.42,171.23,56.14,50.07,25.9,54.36,103.37,34.5,83.04,53.89,55.38,77.59,50.94,62.01,40.78,138.52,88.09,106.1,53.76,77.34,46.93,71.1,91.12
2016-06-21,95.91,59.98,37.73,99.72,149.42,62.29,13.62,131.52,76.49,157.2,81.63,28.77,103.24,98.82,82.0,30.94,81.79,148.35,127.74,117.3,154.05,32.32,116.18,62.95,45.13,95.11,122.63,171.37,56.25,51.19,26.2,54.77,104.08,34.75,83.41,53.88,55.81,78.52,50.9,62.04,41.07,138.19,87.65,106.67,54.1,77.33,47.23,71.46,91.53
2016-06-22,95.55,60.39,38.74,94.01,149.81,61.95,13.61,131.77,76.43,158.12,80.62,28.72,102.29,98.79,81.83,30.78,82.45,148.14,127.6,116.57,152.92,32.29,116.46,62.71,44.86,94.06,120.62,171.23,57.04,50.99,26.39,54.57,103.74,34.47,83.57,54.04,55.61,78.27,50.85,62.06,41.3,137.9,87.49,105.95,54.03,76.53,46.97,71.75,91.17
2016-06-23,96.1,61.31,39.63,96.21,152.27,63.25,14.04,133.55,78.22,157.03,82.28,29.22,104.44,99.02,82.05,31.19,83.37,152.66,128.29,117.32,155.35,32.99,117.38,64.05,45.08,95.71,121.21,174.11,57.68,51.91,27.29,54.12,104.44,34.59,84.21,55.55,56.13,79.59,51.06,63.3,41.88,139.19,88.54,107.22,54.67,78.23,47.91,72.1,91.8
2016-06-24,93.4,59.86,37.91,92.2,146.45,60.06,13.0,126.52,73.03,155.56,78.46,27.75,101.9,95.72,82.43,29.82,80.47,141.86,126.4,112.98,146.59,31.55,115.63,59.6,43.93,91.47,119.44,169.12,55.88,49.83,24.52,52.59,101.98,33.97,82.26,52.12,54.68,76.66,51.19,60.54,41.52,137.29,85.25,104.41,54.43,75.05,45.71,71.96,89.39
2016-06-27,92.04,58.68,36.95,90.85,144.58,57.67,12.18,122.7,71.38,154.26,76.07,27.31,100.36,94.38,83.99,29.32,78.25,139.51,124.67,111.46,143.5,30.72,116.55,57.61,43.78,89.07,116.3,167.19,55.31,48.43,23.61,51.89,102.13,33.8,81.23,51.14,53.69,75.07,52.2,59.07,42.03,137.11,82.49,103.77,54.74,73.34,45.01,71.5,88.86
2016-06-28,93.59,59.99,37.56,92.46,148.42,57.91,12.7,123.89,72.52,155.6,77.55,27.79,101.63,96.05,83.94,29.94,82.31,142.41,127.53,114.06,145.7,31.19,118.23,59.52,44.18,90.42,118.5,169.59,55.58,49.44,24.61,53.09,102.14,34.44,82.46,52.51,54.85,76.63,52.31,60.27,42.02,138.71,84.8,104.69,54.82,75.16,46.1,71.51,90.91
2016-06-29,94.4,61.81,38.57,94.39,150.1,59.63,13.19,126.99,74.23,157.08,79.0,28.26,103.42,96.98,84.15,30.55,82.27,145.5,127.37,114.46,148.46,31.93,119.33,61.2,44.44,92.13,119.49,171.52,57.05,50.54,25.23,55.13,103.12,35.01,83.91,53.55,56.74,77.83,52.22,61.25,42.54,140.52,86.28,106.34,55.06,76.74,46.97,72.46,92.46
2016-06-30,95.6,61.91,39.31,95.79,152.15,60.76,13.27,129.87,75.81,157.04,79.41,28.69,104.83,97.82,85.79,31.48,83.42,148.58,127.69,116.32,151.78,32.8,121.3,62.15,45.33,88.06,120.34,175.12,57.61,51.17,25.98,55.2,105.94,35.21,84.67,53.57,57.12,79.08,53.63,62.65,43.21,141.2,87.25,107.72,55.84,74.17,47.33,73.02,93.74
2016-07-01,95.89,62.71,39.54,95.32,154.28,60.69,13.1,129.69,76.45,156.11,79.83,28.8,104.15,98.03,85.63,31.49,84.86,148.25,129.62,116.5,152.35,32.75,121.29,61.26,45.12,88.85,120.4,175.54,57.94,51.16,25.92,55.61,105.63,35.57,84.78,53.0,56.99,79.52,53.83,62.11,43.47,140.86,87.34,108.36,56.23,74.48,47.03,72.81,93.84
2016-07-05,94.99,61.92,39.44,94.73,154.27,59.15,12.74,126.97,74.38,155.25,78.67,28.33,103.57,97.66,86.93,31.45,83.89,144.45,129.35,115.23,151.68,32.68,122.27,59.55,45.43,88.25,120.76,175.63,58.0,51.17,25.0,55.2,106.42,35.81,85.44,51.94,56.77,77.63,54.25,61.25,43.36,141.56,87.16,108.45,56.53,74.67,46.21,73.14,93.02
2016-07-06,95.53,63.37,40.83,95.18,156.05,59.48,12.86,126.96,74.83,156.01,78.5,28.72,104.58,98.46,87.23,31.74,85.73,145.58,131.57,116.82,152.37,32.97,122.64,60.19,45.27,86.83,120.63,175.16,59.16,51.38,25.15,55.8,105.92,35.86,85.03,52.37,56.75,78.06,54.44,61.06,43.1,142.38,87.44,107.72,56.26,74.06,46.65,73.82,94.09
2016-07-07,95.94,63.43,41.36,95.14,156.59,59.81,13.01,127.17,75.05,163.7,78.76,28.74,103.05,98.41,85.29,31.82,85.47,147.0,131.16,116.11,152.6,33.2,122.51,60.58,45.09,87.81,120.92,174.87,58.78,51.38,25.69,55.92,107.49,35.77,84.83,52.93,56.91,77.7,53.66,61.77,42.3,140.8,88.03,107.85,55.38,74.51,46.8,73.53,92.96
2016-07-08,96.68,64.16,41.89,96.79,161.1,61.49,13.17,130.09,77.37,165.44,80.89,29.26,104.77,99.62,86.01,32.2,86.55,150.38,134.34,118.84,154.46,34.0,122.85,61.83,45.38,88.56,121.31,177.12,59.35,52.3,26.37,56.72,108.27,36.12,85.77,54.19,56.51,78.74,54.14,63.27,42.61,141.27,90.69,109.52,55.9,76.42,47.79,73.84,93.54
2016-07-11,96.98,64.35,42.12,97.14,160.18,62.16,13.21,132.04,77.8,166.72,81.66,29.43,105.39,99.98,86.01,32.21,86.25,152.19,135.15,118.57,155.33,34.38,122.93,62.27,45.57,88.75,122.0,178.01,59.34,52.59,26.46,56.83,108.91,36.15,85.75,54.115,56.32,78.02,53.79,63.4,42.51,140.32,91.39,110.01,55.93,76.52,48.08,74.06,93.89
2016-07-12,97.42,65.51,42.48,97.54,161.96,63.0,13.54,130.81,79.8,166.28,81.93,29.61,106.78,100.2,84.44,32.26,86.63,156.92,134.84,119.02,157.04,34.94,122.92,63.2,45.58,90.0,122.25,179.16,59.6,53.21,27.37,58.06,108.79,36.24,85.75,54.62,57.48,79.65,52.84,64.38,42.41,139.86,92.06,110.29,55.47,77.48,48.35,73.27,94.95
2016-07-13,96.87,64.77,41.97,97.34,160.52,63.1,13.44,130.11,79.69,166.78,81.33,29.75,106.65,99.88,85.05,32.36,85.75,157.92,133.56,119.05,158.02,35.01,123.0,63.16,45.74,90.34,122.82,179.21,59.55,53.51,27.16,57.99,109.91,36.31,85.89,54.83,56.48,78.88,53.13,64.54,42.59,141.48,94.14,110.79,56.0,77.46,48.27,73.62,94.88
2016-07-14,98.79,63.62,42.28,97.7,162.74,63.61,13.65,131.55,80.06,166.94,81.56,29.76,106.7,99.97,84.75,32.63,85.54,162.54,134.54,119.09,160.28,35.2,123.18,64.12,45.69,91.45,123.93,180.9,59.65,53.74,28.0,58.49,109.96,36.92,85.87,54.88,57.59,79.1,53.61,64.81,42.77,140.84,94.7,111.5,55.84,78.14,48.94,73.7,94.95
2016-07-15,98.78,63.32,42.1,97.83,163.28,63.78,13.66,132.39,80.71,166.41,81.4,29.82,107.03,99.8,84.92,32.88,86.67,161.64,134.78,119.23,159.78,35.07,123.0,64.18,45.63,90.93,123.61,181.4,59.63,53.7,28.01,57.87,109.66,36.77,86.01,54.75,57.41,79.35,53.63,64.85,42.89,141.33,93.98,111.03,55.84,78.3,47.71,73.67,95.12
2016-07-18,99.83,63.56,42.09,97.79,162.93,63.99,14.11,133.43,79.82,167.51,81.63,29.91,106.09,100.15,85.25,32.91,86.93,163.33,136.34,118.89,159.86,35.05,123.14,63.96,45.63,91.6,123.8,181.11,59.02,53.96,28.21,57.74,109.21,36.64,85.93,55.35,56.92,79.7,53.62,65.19,42.85,140.75,94.12,110.9,55.93,78.31,48.28,73.84,94.82
2016-07-19,99.87,63.32,41.8,97.79,162.49,64.16,14.26,134.66,79.74,168.12,81.37,29.92,106.04,99.47,85.38,32.93,85.44,161.41,136.98,119.35,159.58,35.15,125.25,63.86,45.63,92.38,126.5,181.24,58.66,53.09,28.19,57.76,109.53,36.64,86.17,55.14,56.76,79.81,53.62,64.94,42.77,142.59,93.95,110.64,55.7,78.72,48.37,73.66,94.47
2016-07-20,99.96,63.41,42.65,98.4,163.25,64.48,14.4,134.72,79.69,168.04,82.14,30.63,105.59,98.22,84.92,32.78,86.66,161.77,137.41,119.88,161.36,35.69,125.14,63.93,45.51,93.3,126.06,181.42,58.79,55.91,28.78,57.76,108.92,36.68,85.32,55.82,57.54,80.6,53.33,65.45,42.71,143.02,94.12,110.59,55.62,79.36,48.61,73.79,93.93
2016-07-21,99.43,63.89,43.04,96.34,164.19,63.43,14.27,133.53,80.01,167.05,81.7,30.58,105.39,98.01,85.4,32.59,87.24,160.05,136.07,118.66,160.45,34.27,125.15,63.69,45.45,92.46,127.18,180.26,58.79,55.8,28.87,56.99,108.58,36.71,85.26,59.93,57.6,80.02,53.9,64.91,42.52,142.87,90.93,109.89,55.37,78.79,48.3,73.52,93.85
2016-07-22,98.66,63.81,43.17,98.06,165.67,64.28,14.38,133.47,79.38,167.47,82.55,30.71,105.66,97.71,86.5,32.06,86.55,160.41,136.52,115.61,162.07,34.66,125.03,64.04,45.83,93.66,128.26,180.44,58.82,56.57,28.92,56.73,109.19,36.74,85.72,61.15,57.9,81.61,54.54,65.49,43.11,143.69,92.85,110.36,56.1,79.91,48.32,73.55,94.01
2016-07-25,97.34,64.32,43.41,97.32,166.56,64.33,14.37,132.94,78.69,167.97,82.19,30.79,103.07,97.39,86.69,31.64,88.55,160.51,136.5,115.49,162.65,34.69,124.89,63.87,45.57,93.0,127.4,179.63,58.56,56.73,29.13,57.14,109.02,36.78,85.8,60.73,57.95,80.71,54.54,66.22,42.94,141.73,92.28,110.1,55.87,78.94,48.12,73.75,92.2
2016-07-26,96.67,64.45,43.6,97.91,167.67,64.37,14.53,134.85,82.75,167.57,81.76,30.88,102.68,96.69,85.75,31.47,81.05,161.16,136.75,115.95,162.12,35.09,125.15,64.13,44.88,93.43,121.71,177.66,58.36,56.76,29.24,56.37,108.2,36.83,85.27,61.35,58.31,80.6,54.45,71.42,42.38,141.7,93.01,110.37,54.81,78.49,47.97,73.73,91.53
2016-07-27,102.95,64.9,43.67,97.93,170.68,64.59,14.63,135.96,84.1,166.15,81.5,30.76,102.26,96.33,84.83,31.28,81.79,160.99,136.31,114.96,161.83,34.83,124.77,64.33,43.4,93.75,119.48,178.27,58.6,56.19,29.02,55.79,107.48,36.85,84.46,62.51,57.85,79.88,53.54,71.27,42.76,141.68,91.63,108.8,55.32,78.53,48.0,73.32,90.91
2016-07-28,104.34,64.72,44.45,98.44,171.28,64.79,14.68,133.01,82.92,166.35,82.33,30.52,101.79,95.91,85.2,31.25,81.24,160.53,137.96,115.76,161.37,34.77,124.46,64.1,43.65,96.01,119.42,177.98,58.43,56.21,28.86,55.45,108.13,36.67,84.81,62.43,58.21,79.05,53.26,70.23,42.58,142.76,93.08,108.73,54.86,79.19,48.13,73.24,90.2
2016-07-29,104.21,66.23,44.75,97.86,172.03,64.46,14.49,133.66,82.76,167.22,81.8,30.53,102.48,95.95,85.59,31.14,79.47,158.81,138.24,116.33,160.62,34.86,125.23,63.97,43.63,95.24,117.65,178.36,58.66,56.68,28.73,55.5,108.92,36.89,85.59,62.58,58.05,80.52,53.5,69.75,43.29,143.2,93.05,108.1,55.41,78.05,47.97,72.97,88.95
2016-08-01,106.05,66.94,45.29,97.72,174.16,64.13,14.33,133.21,81.95,167.56,81.02,30.73,99.11,95.54,85.65,31.15,80.46,158.18,138.77,115.88,161.45,34.85,125.4,63.8,43.45,95.07,118.01,178.29,58.66,56.58,28.5,55.41,108.93,37.31,86.41,61.85,57.63,78.46,53.65,69.88,43.18,143.51,93.06,108.01,54.5,78.26,47.81,73.78,85.86
2016-08-02,104.48,66.78,45.07,96.05,174.15,63.47,14.13,131.6,81.24,166.5,80.5,30.62,99.59,95.01,85.56,31.05,79.57,156.06,137.22,115.45,160.58,34.56,124.85,63.65,43.53,95.25,117.7,178.36,58.33,56.58,28.0,54.92,108.72,36.4,86.76,60.6,56.73,78.89,53.36,68.85,43.16,143.17,91.3,107.46,54.0,78.28,47.71,73.13,87.04
2016-08-03,105.79,66.57,44.95,96.67,173.43,63.83,14.48,131.87,82.03,166.12,80.41,30.72,100.61,96.09,85.15,31.13,80.09,158.34,137.06,116.01,160.67,34.25,123.9,64.66,43.64,95.08,117.52,178.38,57.65,56.97,28.42,54.75,108.04,35.29,85.97,61.01,55.94,79.62,53.04,68.88,43.14,142.88,92.87,108.29,53.9,78.71,47.57,72.94,87.49
2016-08-04,105.87,66.1,44.81,97.09,172.67,63.94,14.48,131.21,81.77,166.55,80.56,30.8,100.39,95.16,85.24,31.17,79.77,158.05,136.05,115.95,161.55,34.58,123.86,64.56,43.51,95.91,118.3,177.81,57.84,57.39,28.28,54.79,108.42,35.15,86.05,60.98,55.42,80.39,53.16,69.61,43.08,142.71,92.67,107.84,53.93,79.48,47.84,73.3,87.48
2016-08-05,107.48,66.54,45.26,99.04,173.66,65.52,15.05,131.73,82.56,167.7,81.33,31.04,100.51,95.83,84.23,31.28,80.41,162.09,136.91,116.37,163.51,34.98,124.24,66.3,43.48,96.88,119.21,178.57,63.86,57.96,29.01,55.85,108.66,35.44,85.78,62.0,55.9,81.2,52.64,70.15,43.16,142.99,93.85,108.79,53.64,80.14,48.68,73.76,87.56
2016-08-08,108.37,66.34,45.02,98.49,172.34,65.83,15.13,132.19,83.44,167.4,81.17,31.01,101.2,95.75,84.74,31.27,79.74,162.83,136.21,116.04,162.04,35.04,123.65,66.1,43.44,96.78,118.29,178.58,62.86,58.06,29.12,55.98,108.14,34.93,85.76,61.58,55.36,82.5,52.69,70.14,42.93,142.13,93.86,108.96,53.59,79.95,48.91,73.34,88.59
2016-08-09,108.81,66.76,45.08,98.87,172.08,65.39,15.19,132.63,82.83,167.86,81.18,30.94,101.32,96.67,84.73,31.3,79.33,163.44,136.11,116.26,161.77,34.92,123.43,65.87,43.47,96.7,118.31,178.39,62.49,58.2,29.34,55.77,108.28,35.08,85.99,61.99,55.2,81.83,52.84,70.25,43.08,141.82,93.07,109.65,53.66,80.06,48.93,73.55,88.71
2016-08-10,108.0,66.43,44.81,100.62,171.23,64.74,14.81,132.28,82.65,168.29,80.24,30.85,100.14,97.86,83.79,31.27,78.9,162.19,135.6,116.03,162.08,34.53,123.36,65.28,43.61,96.29,118.8,178.82,62.64,58.02,29.11,55.13,108.82,35.13,86.31,61.71,55.62,80.85,52.89,69.89,43.2,142.19,92.44,109.88,53.81,79.68,48.18,73.95,86.41
2016-08-11,107.93,66.95,45.05,101.67,172.43,65.48,14.88,133.0,83.24,167.88,81.48,30.95,101.4,97.77,83.91,31.29,79.57,163.86,137.04,116.37,163.53,34.68,123.77,65.46,43.75,96.53,119.38,181.0,63.63,58.3,29.38,56.73,108.48,35.15,86.73,61.74,55.47,81.5,52.32,70.0,43.39,142.63,92.96,110.91,53.86,80.12,48.24,73.8,86.72
2016-08-12,108.18,67.19,45.04,101.04,173.02,65.38,14.91,133.1,83.0,169.04,81.63,30.87,102.16,96.84,83.49,31.24,79.66,163.25,136.57,116.1,161.95,34.57,123.22,65.32,44.03,96.12,119.52,180.27,63.35,57.94,29.17,56.45,108.59,34.98,87.04,61.71,55.47,81.2,52.35,69.84,43.28,142.88,91.9,109.91,53.65,80.02,47.9,73.89,87.85
2016-08-15,109.48,67.39,45.15,100.93,174.58,65.63,15.02,134.66,84.15,168.73,78.92,31.19,102.77,97.1,81.66,31.24,79.65,165.55,137.06,116.84,161.88,34.91,122.31,65.72,44.24,96.44,118.52,180.56,63.32,58.12,29.66,56.77,108.72,35.11,87.02,62.43,55.25,82.04,51.49,70.33,43.02,141.62,92.5,109.85,53.61,80.91,48.27,73.32,87.81
2016-08-16,109.38,66.74,44.92,100.6,172.16,65.3,15.17,135.0,84.29,168.41,77.96,31.12,102.63,96.88,80.45,31.19,79.25,165.65,136.23,116.23,160.7,35.21,120.33,65.71,43.83,95.62,117.94,179.26,63.04,57.44,30.25,56.88,108.0,34.79,86.58,62.07,55.37,81.92,50.96,69.82,41.96,141.08,92.89,109.81,52.76,80.82,48.44,72.89,87.92
2016-08-17,109.22,66.83,44.68,99.7,174.31,65.68,15.15,134.72,84.41,167.96,76.32,30.72,102.22,96.87,81.69,31.29,80.7,165.67,136.15,115.78,160.44,35.02,121.31,65.89,44.06,95.59,117.1,179.87,63.29,57.56,30.37,56.86,108.47,35.14,86.96,62.28,55.8,82.21,51.47,69.82,41.86,141.71,94.57,110.24,53.17,80.84,48.61,72.93,88.11
2016-08-18,109.08,66.77,44.36,100.67,174.75,65.63,15.16,135.0,83.38,167.75,76.91,30.48,103.55,96.65,82.78,31.43,80.59,166.06,134.8,115.86,161.36,34.97,120.73,65.95,44.1,95.27,117.13,179.18,63.63,57.6,30.55,57.21,108.28,35.19,87.44,63.04,55.53,83.86,52.31,70.13,41.4,142.17,95.83,110.49,52.87,80.27,48.53,74.3,88.91
2016-08-19,109.36,67.1,44.24,100.32,173.62,65.53,15.22,134.44,83.84,168.02,77.48,30.52,102.32,96.39,81.65,31.25,81.0,166.23,135.46,116.11,160.04,35.24,119.92,65.86,43.92,95.22,115.01,179.61,63.36,57.62,30.55,58.9,108.17,34.98,87.31,62.76,54.94,83.31,51.96,70.27,41.01,142.04,95.68,110.57,52.45,80.47,48.65,72.81,87.8
2016-08-22,108.51,67.01,44.17,100.24,174.35,65.36,15.18,134.99,83.59,167.94,77.25,30.63,101.94,95.87,81.89,31.32,80.92,166.26,135.34,116.58,160.0,35.36,119.13,65.8,43.74,95.79,115.42,179.07,63.55,57.67,30.6,58.66,107.96,34.84,86.85,62.83,55.85,82.05,52.0,70.0,40.91,142.09,95.33,109.83,52.55,81.06,48.63,72.7,87.99
2016-08-23,108.85,66.17,43.9,101.14,174.4,65.68,15.35,134.14,84.01,167.36,78.02,30.98,101.68,95.97,81.45,31.23,81.47,166.08,136.22,117.01,160.26,35.4,119.44,65.77,43.85,96.29,115.19,179.77,63.58,57.89,30.72,59.62,107.88,35.09,87.4,63.09,56.4,81.75,51.71,69.98,40.85,142.01,96.01,109.44,52.63,80.8,48.41,71.97,87.72
2016-08-24,108.03,65.06,43.17,101.14,170.84,65.16,15.4,133.29,83.15,167.57,77.82,31.06,102.2,95.82,81.56,31.22,80.5,165.3,135.06,116.76,159.05,35.15,118.71,65.95,43.85,95.53,114.87,179.41,62.73,57.95,30.91,60.22,108.11,34.82,87.31,62.61,57.09,81.33,51.79,69.9,40.87,139.87,95.48,109.64,52.53,80.29,48.63,72.23,88.02
2016-08-25,107.57,64.72,42.84,101.69,170.23,65.0,15.53,132.98,82.84,164.86,80.16,31.29,101.89,95.55,81.73,31.21,80.08,165.9,135.43,116.77,158.63,35.09,118.57,66.07,43.67,95.59,115.43,179.58,62.32,58.17,30.97,59.24,107.88,34.77,87.9,62.64,57.29,81.34,51.86,69.82,41.07,137.3,95.08,109.33,52.75,80.32,48.38,71.22,87.46
2016-08-26,106.94,64.61,42.98,102.06,171.97,64.79,15.79,132.23,82.66,163.93,80.03,31.35,101.32,95.21,79.92,31.23,79.77,165.97,134.36,116.75,158.32,35.26,119.04,66.22,43.32,96.47,114.44,179.41,62.85,58.03,31.16,59.0,107.45,34.82,87.58,62.97,57.29,80.9,51.05,69.75,40.68,136.62,95.13,108.95,52.07,80.57,48.51,71.14,87.27
2016-08-29,106.82,64.51,43.25,102.3,171.51,65.52,15.84,132.9,83.1,163.98,79.92,31.58,102.05,94.87,80.44,31.36,78.17,166.88,135.25,117.17,159.72,35.55,119.92,66.95,43.54,96.78,115.42,180.5,63.01,58.1,31.41,58.63,107.99,35.11,88.3,62.98,56.8,81.14,51.34,69.98,41.0,137.27,96.06,109.12,52.5,80.87,49.56,71.4,87.84
2016-08-30,106.0,64.16,42.83,102.0,170.76,65.45,16.19,130.81,82.48,161.96,79.83,31.54,101.7,94.86,79.52,31.37,77.92,169.37,134.1,117.02,159.4,35.7,119.47,67.5,43.24,97.09,115.36,180.15,62.71,57.89,32.19,58.0,107.22,34.88,87.54,62.94,56.4,80.64,50.96,69.31,40.89,136.87,95.85,109.38,52.27,81.17,50.62,71.31,87.52
2016-08-31,106.1,64.1,42.02,102.31,170.06,65.58,16.14,129.45,81.95,162.09,79.42,31.44,100.58,94.46,79.66,31.24,78.38,169.46,134.12,116.71,158.88,35.89,119.34,67.5,43.43,96.63,115.66,179.24,62.79,57.46,32.06,57.65,106.75,34.8,87.31,63.07,56.23,79.0,51.33,69.54,40.88,136.05,95.53,109.22,52.33,80.9,50.8,71.44,87.14
2016-09-01,106.73,64.03,42.3,102.9,170.13,64.86,15.98,129.9,81.45,156.21,75.91,31.58,100.21,94.26,79.33,31.2,77.42,168.51,134.23,116.13,159.54,36.02,119.08,67.21,43.35,97.62,115.4,179.98,62.9,57.59,31.91,58.54,107.29,34.68,88.31,63.47,56.31,78.97,51.18,69.7,40.96,135.74,95.29,109.5,52.56,81.3,50.43,72.84,86.84
2016-09-02,107.73,64.12,42.09,103.57,169.77,65.19,16.0,131.16,81.69,157.98,75.1,31.83,100.93,94.42,80.24,31.29,76.89,169.18,135.15,116.39,159.55,36.08,119.32,67.49,43.66,97.89,115.83,180.81,62.98,57.67,31.89,58.02,107.87,34.77,88.2,63.35,56.18,78.55,51.8,69.68,40.95,136.61,95.28,109.59,52.88,82.0,50.55,72.5,87.42
2016-09-06,107.7,64.61,42.16,103.5,170.84,65.76,15.78,132.99,82.08,158.06,75.42,31.87,102.43,93.8,80.94,31.05,77.88,169.33,134.1,115.71,160.35,36.57,119.75,67.44,43.79,98.79,117.25,180.46,63.24,57.61,31.75,57.41,107.92,34.77,88.64,63.09,56.02,78.78,52.13,69.79,41.23,135.97,95.97,109.5,53.51,82.53,49.99,73.0,88.57
2016-09-07,108.36,64.97,41.9,103.0,170.63,66.19,15.7,132.64,83.72,155.64,75.01,31.79,102.88,93.71,80.54,31.06,78.22,169.67,132.79,114.24,161.64,36.46,119.61,67.16,43.64,99.57,116.92,179.75,62.87,57.66,31.69,57.72,107.21,34.84,87.95,62.43,56.32,78.61,52.22,69.49,41.27,134.99,96.28,109.48,53.71,83.24,49.77,72.06,88.24
2016-09-08,105.52,64.06,41.85,101.88,170.97,66.24,15.86,132.9,83.54,153.47,74.88,31.47,104.12,94.09,80.81,31.04,78.99,171.66,131.26,113.82,159.0,36.44,119.47,67.25,43.63,99.98,116.17,180.1,63.24,57.43,32.04,56.17,106.88,34.72,87.78,62.69,55.3,79.38,52.47,68.99,41.19,135.44,96.63,108.94,53.6,82.97,49.9,71.83,89.05
2016-09-09,103.13,63.36,41.01,99.38,166.55,65.12,15.74,128.53,80.79,150.7,74.2,30.85,101.27,92.42,77.95,30.11,78.05,168.57,127.74,112.01,155.69,35.44,118.23,66.65,42.27,98.15,114.58,175.64,62.49,56.21,31.59,55.33,104.05,34.1,86.24,60.52,54.35,77.56,50.87,66.67,39.71,133.62,92.72,107.63,51.82,81.33,48.72,70.3,86.84
2016-09-12,105.44,64.08,41.42,100.32,172.04,65.9,15.9,130.12,81.92,151.69,74.36,31.44,102.25,93.64,79.28,30.49,78.85,171.06,128.59,113.49,158.29,36.08,119.16,67.06,43.19,100.11,115.95,178.1,63.19,57.05,32.24,56.01,106.02,34.65,88.25,62.25,54.71,78.8,51.96,67.94,40.71,135.53,93.81,108.55,52.57,82.97,48.54,71.94,87.29
2016-09-13,107.95,63.34,40.64,98.77,169.3,64.36,15.72,128.76,80.23,150.74,73.06,31.06,99.43,92.7,78.79,29.85,78.06,167.0,125.72,111.6,155.81,35.61,117.61,66.53,42.28,99.39,114.73,176.07,61.81,56.53,31.46,55.37,104.59,34.04,87.05,61.29,53.98,77.08,51.26,67.45,39.97,133.95,92.44,106.86,51.45,81.89,46.96,71.46,85.21
2016-09-14,111.77,63.34,40.81,98.79,170.14,63.48,15.63,127.67,81.02,150.69,73.82,31.0,98.42,92.26,78.67,29.7,77.62,166.16,126.26,114.03,154.05,35.62,117.86,66.4,42.11,98.71,115.18,175.62,61.35,56.26,31.56,55.13,105.05,33.94,87.01,61.59,53.9,76.37,51.35,67.79,39.89,133.69,92.72,106.86,51.49,81.49,46.52,71.52,84.6
2016-09-15,115.57,63.35,41.12,99.62,172.64,63.83,15.67,127.77,82.03,152.67,73.99,31.31,99.5,92.5,79.06,29.75,78.84,168.08,126.96,115.28,155.66,36.56,118.63,66.64,42.36,99.47,116.14,176.59,62.38,57.19,31.95,55.47,105.48,34.14,88.06,62.54,54.11,76.8,51.46,69.22,40.45,135.61,92.94,107.08,51.98,82.01,46.15,72.4,85.08
2016-09-16,114.92,63.27,41.87,98.93,172.96,63.66,15.49,126.7,82.05,152.35,73.29,30.84,97.84,92.56,79.61,29.68,78.8,166.0,126.11,114.26,153.84,37.67,118.25,65.82,42.14,99.36,115.28,175.06,62.28,57.25,31.59,55.18,105.28,33.94,88.05,62.99,53.74,76.33,51.97,69.36,40.2,138.47,92.38,106.86,51.88,82.07,45.43,72.87,84.03
2016-09-19,113.58,62.91,41.68,99.68,171.38,64.06,15.59,127.48,81.88,151.79,73.0,31.02,98.04,92.63,80.46,29.43,78.99,166.21,126.29,114.54,154.87,37.16,117.66,66.19,42.1,99.68,115.21,176.72,61.33,56.93,31.6,54.95,105.67,33.65,88.37,62.86,53.01,75.96,52.43,69.54,40.06,137.68,93.09,107.12,51.2,82.51,46.01,72.09,83.83
2016-09-20,113.57,63.28,41.58,100.62,173.38,63.72,15.6,127.79,81.7,152.17,72.91,31.1,97.7,92.95,80.17,29.67,81.78,166.47,126.83,114.87,154.45,37.14,117.95,66.46,42.34,100.49,116.45,177.6,61.94,56.81,31.7,54.87,106.3,33.81,88.58,62.7,53.3,75.37,52.14,69.18,39.96,137.47,93.14,108.35,51.27,82.48,46.56,71.97,82.54
2016-09-21,113.55,64.1,41.92,107.78,173.85,64.28,15.65,130.56,83.47,152.7,74.18,31.36,99.63,92.39,81.9,29.85,81.7,167.03,128.11,115.93,155.53,37.45,118.91,66.84,42.53,101.26,116.93,179.59,62.7,57.76,31.92,55.34,107.13,34.28,87.8,63.57,53.98,76.56,53.18,69.56,40.57,139.91,95.03,109.66,51.87,83.22,45.83,72.19,83.3
2016-09-22,114.62,65.08,42.22,107.92,175.62,64.63,15.6,131.87,83.5,153.15,74.59,31.66,99.98,93.41,82.51,30.04,81.52,168.02,128.75,116.83,156.11,37.55,119.46,67.39,42.96,102.12,117.36,179.85,63.02,57.82,32.24,55.41,107.82,34.15,88.99,63.52,54.39,77.01,53.48,69.76,41.11,141.04,95.08,109.67,52.35,83.36,45.72,72.27,83.54
2016-09-23,112.71,64.98,42.19,107.47,174.8,63.85,15.52,131.78,82.44,152.53,70.39,31.34,99.22,93.27,82.52,29.89,81.37,165.13,127.79,115.98,154.98,37.19,118.81,67.25,42.74,101.66,117.17,177.39,62.96,57.43,31.91,55.15,107.34,34.26,87.76,62.75,54.43,75.92,53.53,68.98,41.28,140.51,94.33,109.21,52.56,82.54,45.74,72.35,83.45
2016-09-26,112.88,64.07,41.68,107.26,173.53,63.42,15.09,130.57,82.37,151.19,70.19,31.07,98.78,91.96,82.15,29.54,80.62,161.48,125.45,115.94,153.98,36.65,117.78,65.78,42.05,101.16,116.53,175.95,62.15,56.9,31.03,54.4,107.03,33.64,87.85,62.31,54.04,75.58,53.31,68.42,41.14,139.72,94.18,108.84,52.15,81.81,44.88,71.62,83.06
2016-09-27,113.09,64.57,42.33,109.7,171.63,64.28,15.29,131.32,82.88,150.45,70.05,31.48,98.98,91.72,81.43,29.88,79.25,162.89,126.82,116.21,156.77,37.18,119.22,66.36,42.59,101.45,116.88,176.3,62.57,57.95,31.35,55.34,107.49,33.83,88.36,63.31,54.19,75.33,52.84,69.45,41.46,140.79,94.85,110.01,52.49,82.16,45.09,72.33,83.24
2016-09-28,113.95,64.22,42.29,109.49,169.71,64.22,15.38,132.23,86.59,149.41,71.62,31.5,102.15,92.2,81.1,29.9,78.97,163.45,128.27,117.16,158.29,37.44,119.39,66.71,42.15,101.51,115.18,177.59,63.3,58.03,31.77,53.25,107.38,33.99,89.46,63.45,53.98,78.01,52.7,69.74,40.85,140.41,96.16,109.25,52.06,82.97,45.31,71.79,86.9
2016-09-29,112.18,62.82,41.44,107.8,165.45,63.37,15.16,131.03,87.47,147.49,71.2,31.39,101.27,91.8,80.31,29.53,77.86,158.95,127.93,116.19,158.11,37.32,117.27,65.65,42.03,100.61,114.79,175.37,61.91,57.4,31.04,52.16,107.76,33.32,88.23,67.45,53.45,77.37,52.05,69.84,40.73,138.32,95.96,108.21,52.12,81.92,44.37,70.73,86.46
2016-09-30,113.05,63.07,42.29,108.54,166.81,64.04,15.65,131.74,88.77,152.51,71.33,31.72,102.92,92.86,80.04,29.62,79.12,161.27,128.68,116.59,158.85,37.75,118.13,66.59,42.32,101.77,115.36,176.23,62.41,57.6,32.06,52.65,108.77,33.87,89.75,68.5,54.14,78.64,51.3,70.18,40.61,140.0,97.53,109.36,51.98,82.7,44.28,72.12,87.28
2016-10-03,112.52,63.23,42.55,108.45,167.34,63.81,15.63,132.38,88.28,151.01,70.52,31.5,102.45,92.49,79.09,29.64,78.03,161.07,128.5,116.05,157.61,37.66,118.81,66.51,42.03,101.88,114.64,175.04,62.52,57.42,31.95,52.67,108.25,33.68,88.66,67.11,53.84,78.9,50.72,69.66,40.77,138.49,97.35,109.18,51.88,82.86,43.83,72.01,87.05
2016-10-04,113.0,63.0,42.1,108.39,167.55,63.91,15.8,132.25,87.51,150.48,72.63,31.35,101.27,92.59,77.46,29.5,77.24,162.27,128.2,114.88,156.46,37.54,118.82,66.6,41.84,101.22,113.5,171.68,62.46,57.24,32.04,52.14,107.1,33.72,88.35,66.68,53.53,78.54,49.84,69.59,39.9,138.16,96.67,108.52,51.26,82.73,43.75,71.75,86.25
2016-10-05,113.05,63.39,42.74,108.8,167.24,64.36,16.11,134.66,89.42,149.98,68.42,31.59,102.23,92.45,77.09,29.5,77.57,166.4,127.58,115.26,157.08,37.99,119.18,67.69,41.81,102.4,113.41,172.39,62.8,57.64,32.56,52.12,106.01,33.9,88.85,66.84,53.35,80.15,49.52,70.6,39.16,137.6,98.54,109.16,50.27,83.35,44.99,71.67,87.0
2016-10-06,113.89,62.83,42.97,108.56,166.9,61.94,16.22,134.42,89.29,149.47,71.26,31.48,102.18,92.83,77.09,29.27,76.21,167.15,130.19,115.61,156.88,38.07,118.75,67.87,41.71,102.94,113.92,171.64,62.66,57.74,32.39,52.03,106.4,33.65,89.22,67.54,53.14,81.42,49.43,70.96,39.11,136.47,98.35,109.12,50.26,83.36,45.18,69.36,87.04
2016-10-07,114.06,62.93,42.97,108.64,167.5,61.76,16.13,133.85,88.47,149.99,70.91,31.47,102.27,92.49,76.57,29.08,75.24,169.83,128.31,106.94,155.67,38.1,119.24,68.11,41.73,102.25,113.45,171.33,62.77,57.8,32.31,51.79,105.99,33.56,90.0,68.19,53.46,81.31,49.16,70.87,38.87,136.66,98.07,108.8,49.92,82.88,45.33,68.7,86.74
2016-10-10,116.05,63.31,43.5,109.24,168.31,61.9,16.3,135.84,88.22,150.28,75.1,31.47,103.98,92.49,77.06,28.86,75.49,171.04,127.25,106.8,157.02,38.02,119.8,68.64,41.73,102.65,114.71,171.14,63.9,58.04,32.56,51.79,106.22,33.61,89.06,67.25,53.3,82.33,49.75,69.93,39.01,138.08,97.35,109.05,50.19,83.12,45.65,67.98,88.44
2016-10-11,116.3,62.39,41.16,107.37,164.32,60.86,16.11,133.74,87.47,151.01,72.42,31.04,103.04,91.86,75.91,28.92,73.82,169.04,125.85,105.78,154.79,37.27,117.64,68.31,41.54,101.35,113.68,169.68,61.93,57.19,32.18,51.82,105.57,33.13,88.54,66.09,52.92,81.69,49.41,68.76,39.1,134.75,96.54,108.7,49.9,82.04,45.45,67.39,87.74
2016-10-12,117.34,61.21,40.98,108.05,163.88,60.69,16.03,133.16,87.58,150.46,72.23,30.34,102.15,91.41,76.65,28.9,73.03,169.3,126.69,107.43,154.29,37.13,117.97,68.13,41.78,101.36,114.71,169.72,61.66,57.11,31.91,52.44,106.08,33.07,88.57,66.06,53.16,81.44,50.03,68.46,39.33,135.1,95.91,108.74,50.3,82.25,45.32,67.46,87.13
2016-10-13,116.98,61.15,40.98,108.01,164.29,60.41,15.83,133.38,86.97,150.22,70.63,30.17,100.79,91.12,77.94,28.77,73.06,167.42,126.29,108.26,153.72,36.97,118.26,67.74,41.76,100.65,115.41,170.02,62.51,56.92,31.73,52.03,105.92,32.76,88.24,65.7,52.95,81.53,50.76,67.77,39.37,134.19,96.74,108.3,50.29,81.87,44.75,68.23,86.56
2016-10-14,117.63,60.17,40.79,107.84,161.9,60.15,16.0,133.5,87.67,150.15,74.27,30.18,101.08,91.3,77.21,28.89,72.75,170.52,126.42,109.0,154.45,37.45,117.56,67.52,41.67,100.88,114.09,170.33,62.14,57.42,32.07,51.62,106.83,32.66,88.43,65.7,53.08,81.32,50.56,68.49,39.22,133.92,96.84,108.42,50.28,82.45,44.71,68.45,86.54
2016-10-17,117.55,60.14,40.59,107.49,162.62,59.9,16.05,134.0,87.29,148.7,72.83,30.22,101.36,90.83,77.54,28.85,72.64,169.0,125.14,108.04,154.77,37.29,118.49,67.17,41.6,100.85,112.41,170.21,61.52,57.22,31.79,51.03,106.85,32.5,87.83,65.19,52.76,80.98,50.69,68.42,39.27,134.13,96.77,108.03,50.43,82.15,44.5,68.22,86.54
2016-10-18,117.47,61.55,41.17,108.42,162.8,60.08,16.26,135.1,87.22,149.11,72.77,30.44,101.79,91.17,77.9,28.98,73.41,172.63,125.74,107.87,150.72,37.75,115.41,67.7,41.97,101.73,111.25,169.95,62.09,57.66,32.32,51.22,106.95,32.69,87.45,66.1,52.61,81.39,51.09,69.25,39.36,143.39,96.72,108.13,50.27,81.58,44.95,68.87,86.77
2016-10-19,117.12,61.43,40.01,108.39,161.08,61.25,16.47,136.18,88.0,149.45,72.82,30.35,102.27,91.93,78.13,29.06,73.34,174.51,125.89,108.27,151.26,35.51,114.59,68.35,42.05,102.73,111.26,169.91,61.87,57.53,32.93,51.8,106.26,32.6,85.54,65.79,53.15,83.44,50.73,69.49,39.38,144.37,97.12,108.05,50.38,82.81,45.26,68.89,87.17
2016-10-20,117.06,61.76,40.74,109.03,161.5,66.78,16.56,135.84,86.63,150.04,72.59,30.16,101.87,92.03,78.42,29.07,74.31,174.51,126.25,108.14,151.52,35.43,114.87,68.26,41.93,102.55,110.57,169.86,61.92,57.25,32.9,51.89,105.87,32.54,84.93,67.34,53.59,82.99,50.72,69.75,38.65,145.07,90.64,107.4,49.14,82.5,44.93,68.73,87.21
2016-10-21,116.6,60.98,40.5,109.03,158.51,67.36,16.67,135.63,86.33,148.97,74.0,30.15,101.3,93.03,78.02,28.98,74.29,174.67,126.6,108.96,149.63,35.15,113.44,68.49,42.13,102.85,113.93,169.5,61.2,59.66,33.44,51.77,105.62,32.18,84.33,67.93,53.63,80.47,50.53,69.97,37.49,145.37,90.37,107.16,48.2,82.35,45.09,68.34,86.62
2016-10-24,117.65,61.12,40.41,110.81,158.76,67.09,16.77,137.45,85.99,152.12,75.06,30.46,100.66,93.37,78.4,28.92,74.15,175.12,127.78,109.26,150.57,35.26,113.61,68.87,42.56,103.19,113.57,171.27,60.75,61.0,33.38,51.87,107.31,32.13,84.1,68.06,54.18,80.31,50.85,71.68,36.86,144.69,89.88,108.45,48.21,83.17,45.52,69.19,86.91
2016-10-25,118.25,61.55,40.19,109.03,157.895,66.74,16.72,139.02,84.48,150.99,75.06,30.34,100.77,92.75,78.59,28.65,74.41,175.55,123.34,109.07,150.88,35.1,113.96,68.8,42.54,102.88,112.72,166.23,61.95,60.99,33.35,51.05,107.23,32.28,86.97,67.71,53.67,80.22,50.97,71.2,36.7,143.78,89.99,107.84,47.84,82.03,45.72,69.36,86.72
2016-10-26,115.59,61.02,39.96,107.97,158.99,66.8,16.87,145.54,84.13,150.98,74.95,30.55,101.19,93.49,78.77,28.87,75.38,177.07,122.71,109.43,151.81,34.92,114.56,69.13,42.44,103.22,112.11,166.51,60.87,60.63,33.59,51.97,107.07,32.4,87.4,68.2,53.63,80.02,50.97,71.71,36.43,142.23,89.05,108.61,47.63,81.75,46.15,69.59,87.09
2016-10-27,114.48,61.46,40.29,107.07,160.57,66.93,16.91,143.31,83.01,150.86,74.74,30.38,99.92,94.02,78.42,28.63,75.83,177.75,122.26,108.83,153.35,34.81,115.7,69.23,42.12,103.6,112.08,165.76,61.29,60.1,33.82,51.89,106.63,32.48,86.58,70.09,53.59,79.6,50.76,70.73,36.52,141.94,88.82,108.08,48.54,81.92,46.41,69.83,86.92
2016-10-28,113.72,57.6,39.54,107.6,145.18,66.45,16.68,143.01,83.88,149.76,75.13,30.59,103.82,93.85,78.72,29.22,73.88,177.14,123.58,109.83,152.61,34.74,115.33,69.11,42.23,106.9,112.1,165.77,58.84,59.87,33.52,52.02,107.07,31.93,86.84,68.4,53.53,79.2,50.7,70.8,36.51,140.35,88.37,107.7,48.21,82.22,46.23,69.99,84.78
2016-10-31,113.54,55.78,39.24,107.51,141.16,66.42,16.5,142.43,83.46,147.87,75.16,30.68,104.75,92.69,80.02,29.1,73.63,178.24,122.01,109.68,153.69,34.87,115.99,69.26,42.4,107.02,112.57,165.3,58.72,59.92,33.57,50.18,107.2,31.71,86.8,68.72,53.07,78.23,51.57,70.85,36.79,141.33,88.18,107.76,48.1,82.51,46.01,70.02,83.32
2016-11-01,111.49,56.45,39.05,106.87,140.76,66.25,16.61,142.41,82.24,146.66,75.45,30.48,106.48,92.39,78.57,28.88,74.07,178.06,119.89,109.15,152.79,34.52,115.34,68.97,42.12,104.96,112.25,164.25,59.3,59.8,33.36,49.62,106.71,31.07,86.85,68.34,52.5,78.7,50.48,69.44,36.56,139.43,87.89,106.84,47.66,81.62,45.99,69.3,83.65
2016-11-02,111.59,56.79,38.7,105.89,138.7,65.45,16.48,140.75,81.11,146.27,75.0,30.39,105.39,91.91,78.0,28.49,72.51,176.58,120.29,108.46,151.95,34.6,114.86,68.68,42.05,104.0,112.39,165.73,58.84,59.43,32.92,49.72,106.71,30.63,86.74,67.09,52.98,77.76,50.19,68.84,36.37,138.98,88.69,106.9,46.94,80.58,45.24,69.45,83.45
2016-11-03,109.83,55.89,38.38,107.17,135.22,65.33,16.48,140.02,81.27,144.45,74.14,30.32,105.39,93.37,77.98,28.28,71.76,176.21,120.18,108.35,152.37,33.93,115.03,68.38,42.03,103.78,111.72,166.83,58.43,59.21,32.81,49.73,106.63,29.89,86.6,66.95,51.77,78.46,50.39,67.9,36.63,137.83,88.77,107.48,46.87,80.65,45.34,69.63,83.66
2016-11-04,108.84,56.04,39.09,106.2,135.4,65.51,16.55,139.54,82.31,142.24,74.37,30.19,104.78,92.45,77.27,28.44,72.43,175.92,120.91,108.25,152.43,33.61,115.11,67.76,41.69,103.03,111.04,166.48,58.82,58.71,32.78,49.96,105.81,30.0,85.08,66.73,52.75,77.84,50.11,67.6,36.5,137.71,88.76,106.94,47.08,80.36,44.6,69.16,83.57
2016-11-07,110.41,58.91,39.86,108.66,139.21,67.0,17.01,143.03,83.75,143.54,76.3,30.94,106.85,94.43,79.13,29.31,74.0,181.48,123.75,111.25,155.72,34.69,116.66,69.88,42.46,105.96,112.82,169.74,60.05,60.42,34.0,50.91,106.96,30.38,86.56,68.46,54.49,79.75,50.62,69.01,36.81,141.93,90.75,109.8,47.46,82.51,45.4,69.78,85.45
2016-11-08,111.06,58.81,39.83,108.39,138.45,67.07,17.0,142.2,84.68,146.09,76.55,31.0,107.29,94.38,79.65,29.42,74.04,181.92,124.25,110.62,155.17,34.74,117.05,70.03,42.88,105.7,114.11,171.03,60.51,60.47,34.1,51.08,108.72,30.0,87.46,68.27,54.62,79.84,50.76,69.83,36.99,142.9,90.6,112.03,47.65,82.88,45.54,69.79,85.31
2016-11-09,110.88,62.64,40.07,107.86,146.42,68.74,17.97,145.09,91.2,146.79,75.9,31.36,107.64,94.64,77.34,29.63,78.47,192.63,126.02,112.36,154.81,34.75,120.31,73.25,42.27,106.19,114.98,170.39,64.18,60.17,36.52,51.12,107.25,32.12,85.93,67.88,54.58,79.94,49.22,69.79,37.44,141.9,93.95,112.7,47.86,83.24,47.99,71.1,86.25
2016-11-10,107.79,64.0,40.61,104.08,151.57,70.11,18.76,147.69,93.45,146.7,73.63,31.0,107.79,94.96,75.16,30.41,77.84,200.87,129.03,113.19,160.22,34.5,119.54,76.65,40.94,104.5,114.51,174.28,64.96,58.7,38.02,50.39,103.25,33.49,82.96,66.31,53.57,79.88,47.91,69.14,36.57,146.13,97.49,113.31,46.69,81.87,51.63,71.39,87.05
2016-11-11,108.43,63.1,40.14,103.68,149.04,70.5,19.02,148.52,93.01,149.36,74.59,31.36,106.64,97.68,75.24,30.71,76.42,203.94,129.85,113.25,161.27,34.61,118.47,76.69,41.03,104.62,114.22,175.08,63.95,59.02,38.49,50.77,103.19,32.59,83.58,66.88,53.93,78.66,47.78,69.85,36.51,146.42,96.88,114.23,46.69,81.88,51.73,71.23,85.67
2016-11-14,105.71,62.97,39.2,102.42,146.42,72.42,20.08,149.99,94.17,152.0,72.76,31.37,106.59,97.92,74.44,30.51,76.75,209.18,127.67,113.04,158.21,34.48,116.6,79.51,41.17,101.14,117.86,172.91,63.53,58.12,39.35,50.21,101.39,32.38,83.0,65.93,54.22,78.71,47.63,70.02,36.13,152.28,99.43,112.91,46.18,78.38,53.22,70.49,85.28
2016-11-15,107.11,62.87,39.81,103.66,147.06,72.47,20.16,148.11,94.44,151.15,74.02,31.7,108.96,97.7,75.93,30.75,76.35,211.19,124.4,113.12,158.67,34.91,116.32,79.36,41.44,102.48,118.32,174.24,63.65,58.87,40.0,50.13,101.85,32.23,83.62,66.77,54.59,81.16,48.34,71.03,36.77,152.23,99.11,113.18,47.37,78.57,52.59,71.42,86.82
2016-11-16,109.99,61.54,39.95,104.08,147.23,71.68,19.75,146.44,93.35,152.14,73.31,31.57,108.35,99.12,73.97,30.74,76.0,206.26,125.33,112.27,159.29,34.84,116.36,77.4,41.26,104.0,119.21,172.01,62.63,59.65,39.19,50.68,101.71,31.96,83.19,66.3,55.44,81.04,48.43,71.2,37.15,151.5,98.01,112.81,47.93,80.08,51.68,71.39,85.75
2016-11-17,109.95,61.7,40.39,105.81,147.36,71.78,20.08,145.33,92.78,151.2,75.19,30.05,108.12,99.37,73.87,30.79,75.58,209.63,128.93,113.1,159.8,35.02,116.57,78.02,41.12,104.45,119.45,172.77,62.7,60.64,39.97,51.59,101.62,31.73,83.07,66.67,55.85,80.1,47.5,72.08,37.41,150.77,98.81,113.49,47.84,81.07,52.49,69.19,85.23
2016-11-18,110.06,60.52,39.84,105.02,145.23,71.0,20.0,146.35,92.34,150.36,77.77,30.18,109.2,98.24,73.6,30.67,74.62,210.35,128.33,112.09,160.39,34.95,115.36,77.71,40.91,104.78,120.0,172.96,61.87,60.35,40.43,51.1,101.31,31.48,82.0,67.31,55.77,80.0,47.13,72.6,37.56,149.45,99.83,114.09,48.07,80.82,52.82,68.54,85.28
2016-11-21,111.73,60.42,39.76,105.65,145.55,71.54,20.33,147.02,92.9,151.17,76.15,30.05,110.18,97.63,74.43,30.87,74.98,211.08,128.22,112.21,162.77,34.98,115.0,78.05,41.36,105.94,119.5,171.52,62.3,60.86,40.56,51.28,102.26,31.57,82.64,67.1,56.1,81.71,47.54,73.68,37.74,150.41,100.75,114.7,48.31,81.69,52.12,69.37,86.49
2016-11-22,111.8,58.93,38.1,105.21,144.33,71.72,20.3,149.52,93.62,152.67,75.57,29.89,110.62,97.71,73.88,31.18,74.46,211.11,130.98,112.52,162.67,35.48,112.74,78.53,41.37,105.93,119.69,171.91,61.7,61.12,40.54,51.71,102.89,31.33,82.76,68.31,57.12,81.5,47.6,74.4,38.55,152.26,100.49,114.63,49.49,79.93,52.22,70.12,86.68
2016-11-23,111.23,60.18,38.98,104.21,145.03,72.88,20.56,149.74,96.18,151.6,73.95,29.71,111.0,98.26,73.54,31.34,75.3,212.31,131.21,113.83,161.98,35.2,113.07,78.86,41.12,104.56,120.14,172.25,61.64,60.4,41.04,51.34,101.53,31.42,82.68,68.13,57.59,81.4,47.23,74.06,38.73,153.54,101.39,115.68,50.23,79.57,52.16,70.83,86.92
2016-11-25,111.79,60.51,39.16,105.02,145.43,72.86,20.86,150.04,95.81,151.88,73.73,30.09,111.0,98.82,74.35,31.44,75.44,211.38,131.57,114.17,163.14,35.44,114.13,78.83,41.53,105.73,120.66,173.49,62.21,60.53,41.1,51.52,102.17,31.69,83.46,68.29,57.43,81.29,47.78,74.43,39.21,152.81,102.1,116.26,50.67,80.13,52.62,71.23,87.12
2016-11-28,111.57,59.46,38.74,104.5,145.07,72.13,20.3,149.77,94.9,151.25,72.93,29.92,110.5,98.97,76.08,31.25,74.54,210.35,130.64,113.85,164.52,35.51,113.13,78.32,41.75,103.36,121.82,172.5,61.8,60.61,40.44,51.01,102.79,31.54,83.07,67.1,57.59,81.06,48.31,74.53,39.54,152.11,100.69,115.69,51.12,79.08,51.58,71.19,86.47
2016-11-29,111.46,61.59,38.73,104.95,146.0,71.49,20.29,151.64,94.04,151.48,72.93,29.83,109.34,99.67,76.37,31.05,74.87,211.75,129.62,113.34,163.53,35.31,112.48,78.92,41.15,103.82,120.68,172.77,62.19,61.09,40.6,50.63,102.54,31.92,82.89,66.77,58.17,79.92,48.31,74.4,39.48,157.59,100.57,116.28,50.96,79.15,51.86,71.37,85.9
2016-11-30,110.52,60.8,38.07,102.81,144.07,72.04,21.12,150.56,95.56,150.11,72.0,29.82,111.56,99.12,73.77,30.76,73.7,219.29,129.4,113.94,162.22,34.7,111.3,80.17,40.35,102.2,119.27,171.74,61.19,60.26,41.36,50.07,100.1,32.14,82.46,68.13,57.97,84.05,46.82,73.93,38.63,158.32,101.33,115.92,49.9,77.32,52.92,70.43,87.3
2016-12-01,109.49,59.16,37.6,99.51,142.39,72.53,21.5,152.39,96.24,151.74,68.46,29.45,113.29,98.94,72.75,31.39,72.84,226.63,129.47,113.67,159.82,33.76,111.38,81.79,40.17,100.18,118.47,172.63,60.76,59.2,42.16,50.65,99.03,31.46,81.86,64.16,58.51,84.61,46.59,70.41,38.88,160.94,103.39,116.43,49.87,75.43,54.34,70.67,87.24
2016-12-02,109.9,59.43,37.9,99.73,144.01,71.86,21.23,152.25,95.14,152.09,68.41,29.25,113.0,98.5,73.42,31.34,72.42,223.36,129.87,112.45,160.02,34.16,111.96,81.6,40.36,101.1,118.24,172.43,61.13,59.25,41.83,50.46,100.6,31.63,82.4,65.84,57.21,85.01,46.76,70.72,38.61,160.73,102.65,116.35,49.81,75.72,53.58,70.88,87.04
2016-12-05,109.11,60.86,38.43,101.95,145.29,72.03,21.84,152.16,94.45,151.77,70.8,29.53,113.25,99.96,73.61,31.11,72.36,228.55,129.68,112.88,159.84,34.39,111.94,83.26,40.62,103.55,119.29,171.62,60.25,60.22,42.09,51.85,100.71,31.59,82.99,66.36,57.5,84.43,46.87,70.51,38.63,157.63,102.84,116.56,49.75,77.31,54.35,69.94,87.48
2016-12-06,109.95,61.62,38.42,101.55,145.11,72.31,22.16,152.24,95.22,151.01,70.62,29.33,112.76,100.66,73.86,31.17,72.47,231.38,128.74,113.07,160.35,34.72,112.06,83.69,40.57,102.0,119.25,171.8,60.28,59.95,42.51,50.57,101.55,31.56,82.91,67.45,57.44,83.96,46.93,71.37,39.35,157.32,103.15,116.54,50.36,77.11,55.55,70.36,87.56
2016-12-07,111.03,59.99,38.48,103.36,141.19,74.29,22.57,154.14,97.33,153.85,71.78,29.95,114.44,101.99,74.67,31.6,72.78,235.56,132.46,116.51,164.79,35.5,111.1,84.07,41.29,105.25,119.92,176.05,60.06,61.37,42.64,52.1,102.81,31.19,84.18,68.34,58.76,84.35,47.15,72.2,40.45,159.4,106.33,118.62,51.38,79.31,57.28,70.6,88.07
2016-12-08,112.12,60.9,38.68,103.5,140.59,74.91,22.95,155.39,96.27,157.59,71.86,29.95,115.17,103.38,74.73,31.53,72.02,241.45,132.53,115.65,165.36,35.7,110.99,85.12,40.98,104.82,120.45,175.88,60.12,61.01,43.58,51.55,102.15,30.94,83.5,68.55,58.65,84.47,47.41,72.13,40.41,159.32,105.37,118.98,51.13,79.28,57.29,70.34,88.32
2016-12-09,113.95,61.54,39.2,104.31,143.45,74.77,23.09,156.49,95.53,159.7,71.17,30.06,115.81,104.86,75.82,31.78,72.7,241.85,133.39,116.23,166.52,35.76,112.26,85.49,42.0,104.41,121.26,178.49,61.23,61.97,43.73,51.72,103.57,31.7,84.37,68.52,58.75,84.78,47.94,71.99,40.38,160.12,104.99,119.6,51.49,79.14,57.14,70.08,89.0
2016-12-12,113.3,62.04,39.2,105.16,145.76,73.58,22.61,157.16,95.08,160.33,70.38,30.17,117.15,104.06,76.48,31.86,73.47,237.17,134.58,117.41,165.5,35.97,115.36,84.73,41.9,103.28,121.74,179.64,61.72,62.17,42.98,51.54,104.72,32.4,85.13,68.47,58.77,85.01,48.72,71.73,41.12,159.49,104.32,120.13,51.76,78.5,55.78,71.67,90.98
2016-12-13,115.19,61.99,39.44,106.15,148.37,73.84,22.61,156.66,96.02,159.77,71.61,30.59,117.42,103.85,77.32,31.74,74.84,238.55,136.54,118.09,168.29,36.8,115.89,84.76,41.76,103.32,122.68,178.83,61.79,62.98,42.56,52.3,105.63,32.83,85.18,69.34,59.31,86.13,49.19,73.2,41.36,160.54,104.04,120.16,52.36,79.2,55.84,71.8,92.58
2016-12-14,115.19,61.67,38.82,105.81,148.69,74.07,22.67,154.47,93.74,158.99,71.33,30.46,115.96,104.05,75.53,31.5,75.71,239.93,135.98,116.51,168.51,36.55,114.99,84.73,41.21,103.28,122.84,176.6,61.8,62.68,42.86,51.79,104.47,32.82,84.37,67.56,58.75,85.16,48.48,72.5,41.1,159.86,102.82,117.26,51.63,79.13,54.7,71.34,90.58
2016-12-15,115.82,62.02,38.93,105.1,150.39,74.94,23.16,153.77,94.53,160.11,70.23,30.63,117.05,104.39,76.03,31.26,75.55,243.0,135.84,116.34,168.02,36.79,115.89,86.0,41.55,104.35,122.36,176.02,62.37,62.58,43.01,51.29,105.3,32.75,84.68,68.03,57.71,85.28,48.46,73.45,41.5,160.62,104.68,117.28,51.81,79.5,55.19,71.08,90.89
2016-12-16,115.97,62.22,38.1,103.55,149.37,75.0,22.66,154.5,92.58,160.41,69.86,30.59,118.08,103.91,76.59,31.75,74.1,238.9,135.11,116.38,166.73,36.31,115.88,84.94,41.74,103.43,123.24,177.45,62.44,62.3,42.71,50.92,105.87,32.84,84.68,66.46,57.66,85.5,48.92,72.89,41.67,163.94,103.31,115.81,52.27,78.35,55.34,70.98,91.18
2016-12-19,116.64,62.22,38.34,105.29,147.74,74.55,22.48,156.18,92.71,163.46,69.51,30.75,117.65,105.3,77.13,31.92,74.4,239.07,135.44,117.29,166.68,36.89,116.02,85.43,41.67,103.54,122.99,178.16,61.14,63.62,42.83,50.85,105.41,32.83,84.71,67.02,57.65,85.12,49.09,73.57,42.12,161.54,103.4,116.98,52.91,78.1,55.22,71.58,90.42
2016-12-20,116.95,62.16,38.19,105.77,147.22,75.06,22.71,156.39,94.34,163.86,69.86,30.56,117.95,105.46,77.35,32.25,74.05,243.09,137.11,117.71,167.6,37.21,115.66,86.53,41.66,104.54,123.33,178.65,60.5,63.54,43.5,51.79,104.9,32.85,84.57,66.91,57.7,85.28,49.2,74.04,42.47,161.59,104.65,117.52,53.12,78.36,56.1,71.82,90.43
2016-12-21,117.06,61.45,38.24,105.51,146.17,75.32,22.63,157.48,93.82,163.04,70.11,30.42,117.91,105.56,77.0,32.13,73.96,241.44,136.83,117.2,167.33,36.98,115.31,86.75,41.57,104.17,123.18,178.43,59.43,63.54,43.37,52.3,104.7,32.4,84.28,67.16,57.44,86.16,49.24,74.17,42.36,161.33,104.65,116.1,52.97,78.14,55.71,71.24,90.28
2016-12-22,116.29,61.66,38.29,104.72,146.36,74.58,22.54,157.46,94.12,162.07,69.9,30.46,118.77,105.42,77.77,31.82,73.3,240.12,135.43,116.92,167.06,36.93,115.44,86.89,41.55,104.31,123.72,179.2,59.58,63.55,42.79,52.14,105.35,32.34,84.47,66.76,57.11,86.38,49.36,74.2,42.72,161.58,105.19,116.3,53.65,77.9,55.75,69.59,90.87
2016-12-23,116.52,62.34,38.42,105.02,147.55,74.97,22.6,157.81,94.32,162.08,69.87,30.53,118.42,105.15,77.62,31.88,73.64,240.97,135.05,116.99,166.71,36.97,115.96,87.05,41.6,104.71,123.14,178.75,59.56,63.24,43.06,51.91,105.09,32.48,84.96,66.86,57.01,85.51,49.33,74.38,42.73,163.03,105.18,115.97,53.68,78.15,55.96,69.54,90.71
2016-12-27,117.26,62.5,38.6,104.98,148.36,74.98,22.61,157.48,94.55,162.05,69.85,30.68,118.22,105.17,77.48,31.9,73.73,241.56,135.26,117.03,167.14,37.07,115.91,87.13,41.61,104.8,123.07,178.92,59.79,63.28,43.12,51.29,105.13,32.53,84.6,67.25,56.86,85.44,49.3,74.87,42.65,162.64,105.71,116.13,53.64,78.35,55.95,69.7,90.75
2016-12-28,116.76,62.27,38.22,103.77,147.67,74.37,22.33,156.1,93.15,161.01,69.09,30.42,117.91,104.3,77.03,31.7,72.77,240.65,135.07,115.75,166.19,36.63,115.1,86.5,41.39,103.68,122.68,178.08,59.27,62.99,42.62,51.02,104.62,32.35,84.07,65.75,56.35,84.63,48.9,74.05,42.52,161.44,104.76,115.2,53.44,78.3,55.32,69.31,90.3
2016-12-29,116.73,62.73,38.31,103.68,147.78,73.92,22.0,155.69,93.29,161.13,69.15,30.46,117.82,104.56,78.02,31.71,72.13,238.18,135.1,116.0,166.6,36.66,115.49,85.89,41.6,103.77,122.79,178.41,59.04,62.9,42.15,51.06,104.99,32.49,84.35,66.04,56.32,84.2,49.37,74.15,42.66,161.04,104.42,114.98,53.74,78.33,54.84,69.26,90.35
2016-12-30,115.82,62.62,38.41,102.95,146.21,74.08,22.1,155.68,92.74,160.11,68.46,30.22,117.7,104.22,77.62,31.6,71.61,239.45,134.08,115.85,165.99,36.27,115.21,86.29,41.46,103.25,121.72,178.57,58.87,62.14,42.25,50.83,104.63,32.48,84.08,65.2,55.52,83.95,49.19,72.97,42.53,160.04,103.68,114.64,53.38,78.02,55.11,69.12,90.26
2017-01-03,116.15,62.41,39.05,103.48,150.73,75.35,22.53,156.97,93.99,159.73,70.54,30.54,117.85,106.08,77.73,31.69,74.16,241.57,134.31,116.18,167.19,36.6,115.84,87.23,41.8,105.39,119.62,178.05,60.15,62.58,43.05,51.98,104.65,33.0,84.2,65.4,55.35,84.8,49.04,73.58,43.02,161.45,102.52,115.08,54.58,79.5,56.0,68.66,90.89
2017-01-04,116.02,63.29,39.36,104.14,152.87,76.26,22.95,158.62,93.57,159.76,72.8,30.1,117.82,107.44,77.65,31.7,76.38,243.13,135.5,116.5,169.26,36.41,115.65,86.91,41.65,106.39,119.48,178.32,60.13,62.3,43.62,53.07,104.85,33.29,84.5,65.47,55.99,85.43,48.99,73.49,42.77,161.91,103.14,115.11,54.52,80.15,56.05,69.06,89.89
2017-01-05,116.61,63.77,39.7,105.91,152.98,75.32,22.68,158.71,93.0,162.91,72.79,30.17,117.31,107.38,77.75,31.52,76.01,241.32,133.9,116.76,168.7,36.35,116.86,86.11,41.75,106.99,119.7,177.71,60.11,62.3,43.22,53.06,104.71,33.61,85.06,65.55,56.46,85.3,49.14,72.92,42.65,162.18,102.13,115.17,54.64,81.09,55.18,69.21,88.55
2017-01-06,117.91,63.79,40.78,108.3,156.78,75.47,22.68,159.1,93.04,162.83,73.8,30.23,116.84,108.98,77.49,31.61,75.49,244.9,133.53,118.53,169.53,36.48,116.3,86.12,41.74,107.76,120.76,178.23,60.27,62.84,43.85,53.91,104.56,33.48,85.03,65.53,57.13,86.48,49.01,74.15,41.32,162.41,103.19,115.4,53.26,82.21,55.04,68.26,88.5
2017-01-09,118.99,64.21,40.74,108.57,158.84,75.86,22.55,158.32,92.37,160.97,73.96,30.18,115.84,108.36,76.64,31.46,75.84,242.89,134.31,117.55,167.65,36.61,116.28,86.18,41.32,107.55,120.43,177.27,61.1,62.64,42.71,53.38,103.46,33.47,84.4,65.65,58.2,85.77,48.53,74.34,40.8,161.95,102.42,114.77,52.68,81.75,54.24,68.71,87.04
2017-01-10,119.11,64.07,41.29,108.26,158.76,76.65,22.94,159.07,93.83,161.66,73.98,30.38,114.96,108.38,76.5,31.37,75.01,242.57,136.1,117.85,165.52,36.54,116.16,86.43,41.04,107.32,120.25,176.58,59.92,62.62,43.06,53.11,101.97,33.44,83.49,65.63,57.88,84.6,48.38,74.6,40.81,161.58,103.42,113.92,52.76,81.31,54.62,68.23,85.93
2017-01-11,119.75,61.14,41.08,108.99,156.62,76.91,23.07,159.4,94.65,161.54,75.77,30.15,115.93,109.44,77.1,31.47,73.77,245.76,135.7,118.01,167.75,36.95,114.73,87.08,41.05,107.81,120.88,177.89,61.63,63.19,43.67,52.69,101.81,32.83,83.75,66.1,58.1,85.66,48.74,75.2,40.61,161.89,104.27,114.18,52.46,81.8,54.8,68.53,86.81
2017-01-12,119.25,61.28,40.72,108.59,155.36,76.88,22.92,158.29,93.99,161.87,75.21,30.04,116.16,107.53,77.54,31.39,73.36,243.84,135.07,117.63,167.95,36.71,114.62,86.24,40.95,108.71,122.1,177.44,62.21,62.61,43.63,52.4,101.84,32.6,83.84,66.12,58.03,85.33,49.0,74.85,41.01,162.36,104.7,113.91,52.68,81.37,54.5,67.97,86.34
2017-01-13,119.04,61.99,40.93,108.53,156.12,76.62,23.01,158.83,94.48,161.86,75.64,30.07,116.38,108.06,77.21,31.36,73.07,244.3,135.04,118.07,167.34,36.79,114.6,86.7,40.88,108.7,121.5,177.39,62.34,62.7,43.81,52.92,101.55,32.52,84.01,66.88,57.85,84.82,48.8,75.0,40.96,161.8,105.25,114.24,52.55,81.17,55.31,67.13,86.35
2017-01-17,120.0,61.86,40.9,108.0,154.8,76.6,22.05,157.67,93.57,163.81,75.02,29.99,116.28,107.97,77.46,31.27,71.91,235.74,135.93,117.23,167.89,36.8,114.87,83.55,41.22,108.4,122.75,177.26,61.48,62.53,42.15,53.65,102.19,32.06,85.21,64.19,58.0,86.43,49.69,74.49,41.11,160.66,103.37,114.07,52.74,81.26,53.78,68.42,87.36
2017-01-18,119.99,61.66,40.76,108.79,155.77,77.49,22.63,158.32,93.33,164.27,75.78,30.03,115.94,108.16,77.5,31.23,72.13,234.29,136.16,118.06,166.8,36.76,114.7,83.94,41.29,108.66,122.71,178.49,61.17,62.5,42.86,53.27,102.74,32.03,84.93,65.13,58.45,87.48,49.62,74.38,40.8,157.74,103.77,114.96,52.25,81.59,54.27,68.11,86.28
2017-01-19,119.78,61.38,40.4,109.79,153.8,76.69,22.53,159.0,93.38,163.7,75.57,29.98,115.58,107.28,77.12,31.21,71.57,231.41,135.39,117.91,166.81,36.57,114.2,83.3,41.14,108.53,122.18,178.68,60.33,62.3,42.45,52.93,102.36,31.7,84.7,64.44,57.89,87.2,49.05,73.88,41.0,158.7,106.24,114.27,52.36,81.73,54.58,67.62,84.73
2017-01-20,120.0,61.15,40.46,110.71,154.67,76.2,22.64,159.53,94.58,164.24,76.03,30.1,115.6,107.66,77.33,30.53,71.01,232.2,135.6,117.82,170.55,36.94,114.15,83.67,41.32,109.96,122.26,178.49,62.53,62.74,42.59,53.2,103.24,31.77,87.45,62.88,57.66,86.49,49.06,74.75,41.45,158.66,108.6,114.96,52.72,81.84,55.07,67.18,85.89
2017-01-23,120.08,60.96,40.34,110.97,152.72,75.97,22.56,157.84,94.46,163.01,76.16,30.27,115.39,107.12,77.03,29.75,70.69,232.67,138.07,117.41,171.03,36.77,113.91,83.71,41.43,109.63,121.38,178.51,61.81,62.96,41.96,53.24,104.01,31.46,86.96,54.88,57.76,84.27,48.83,75.73,42.0,159.07,107.99,114.46,52.41,82.15,54.25,66.65,84.97
2017-01-24,119.97,60.58,40.31,113.72,151.85,77.43,22.95,160.55,96.24,163.67,77.11,30.6,116.37,107.9,77.18,30.0,70.25,233.68,138.06,117.96,175.9,37.62,111.76,84.72,41.9,109.92,121.05,175.97,61.21,63.52,42.73,53.45,104.71,31.15,87.86,55.0,58.44,84.58,48.57,77.08,41.36,160.43,108.72,116.05,50.12,83.23,54.7,67.4,85.09
2017-01-25,121.88,61.38,40.31,114.25,154.1,76.89,23.37,167.36,98.15,164.14,78.47,30.7,117.24,108.04,77.08,30.37,71.91,237.25,137.48,117.88,178.29,37.8,112.8,86.03,42.12,110.19,121.79,176.73,61.08,63.68,43.86,53.86,104.61,31.29,87.16,56.9,58.7,85.51,48.49,78.58,41.39,161.24,110.42,116.99,49.77,83.9,56.62,66.89,85.34
2017-01-26,121.94,61.27,40.96,112.88,152.98,76.93,23.44,169.12,97.22,164.07,77.95,30.74,116.55,108.06,77.12,30.32,71.22,239.58,138.46,117.97,178.66,37.56,111.84,86.75,41.81,109.38,121.88,176.82,61.2,64.27,44.02,53.65,104.14,31.28,86.6,54.05,58.46,84.88,48.63,79.26,41.77,162.75,110.15,116.93,49.12,83.24,57.18,66.73,85.6
2017-01-27,121.95,60.0,41.0,113.99,157.16,76.85,23.36,167.7,98.99,162.06,78.21,30.98,113.79,109.3,76.94,30.01,71.26,236.95,138.33,118.42,177.3,37.98,113.38,86.93,41.45,109.84,122.86,177.48,61.75,65.78,43.65,53.19,103.48,31.42,86.72,54.24,56.12,84.5,48.48,78.03,42.01,162.99,109.2,118.09,49.6,83.77,56.59,65.66,85.51
2017-01-30,121.63,60.43,41.01,113.82,154.43,77.28,22.95,165.57,96.79,163.25,78.71,30.83,111.82,110.94,77.12,29.96,71.51,233.9,138.47,119.11,175.8,37.42,113.13,86.03,41.38,109.3,123.02,175.42,61.43,65.13,43.12,53.08,103.69,31.31,86.75,53.61,55.9,83.61,48.66,77.9,41.82,162.09,108.0,117.03,49.37,83.7,56.08,66.42,84.86
2017-01-31,121.35,61.11,41.77,113.38,156.68,76.38,22.64,163.42,95.66,163.95,79.1,30.72,111.35,110.65,78.54,29.7,72.45,229.32,137.58,118.32,174.52,36.82,113.25,84.63,41.57,106.33,122.57,174.82,61.99,64.65,42.49,52.9,103.78,31.73,87.6,53.43,55.22,83.71,49.43,75.54,42.16,162.1,106.58,109.13,49.01,82.71,56.33,66.74,83.89
2017-02-01,128.75,60.89,42.33,113.36,159.67,76.76,22.89,163.97,95.11,161.86,78.58,30.5,111.0,111.3,77.36,29.69,72.82,230.67,137.44,118.0,174.29,36.52,113.23,84.95,41.26,105.0,122.42,175.17,62.1,63.58,42.7,53.02,103.01,31.67,87.33,53.15,53.9,83.17,48.55,76.27,42.06,162.71,107.7,105.35,48.39,82.44,55.91,66.23,82.94
2017-02-02,128.53,60.89,42.75,113.16,159.58,76.51,22.72,162.26,93.77,168.15,80.13,31.18,112.21,110.61,77.79,29.68,72.25,230.41,136.95,117.99,174.58,36.68,113.57,84.59,41.4,105.14,123.22,174.18,64.18,63.17,42.13,52.8,104.03,31.73,87.76,52.66,53.87,82.44,48.98,75.89,41.18,160.76,107.3,105.1,48.28,82.3,55.75,66.7,83.45
2017-02-03,129.08,60.67,42.78,115.17,167.53,78.04,23.29,162.4,93.28,168.32,80.21,31.32,113.57,110.3,77.65,29.7,72.34,240.95,137.98,119.19,175.82,36.52,113.64,87.18,41.54,106.58,124.24,175.04,64.29,63.68,44.43,52.36,105.11,32.09,87.41,52.98,55.06,82.5,48.83,76.5,41.25,161.87,108.51,106.95,48.58,86.08,57.27,66.5,83.54
2017-02-06,130.29,60.65,42.43,114.46,166.58,77.82,23.12,163.98,92.87,167.03,79.75,31.3,112.98,109.57,77.57,29.66,72.39,239.98,136.49,119.34,175.86,36.27,113.4,86.77,41.56,106.59,124.45,175.1,64.94,63.64,44.63,52.8,104.57,32.23,87.4,52.88,55.73,81.69,48.76,76.22,41.06,160.51,107.69,106.06,48.03,85.83,56.55,66.4,83.31
2017-02-07,131.53,60.56,42.89,114.96,166.82,77.72,22.9,166.5,93.31,167.52,80.21,31.45,111.39,109.0,77.75,29.56,73.13,239.62,136.65,119.72,178.46,36.35,113.48,86.72,41.9,106.6,124.59,175.76,64.2,63.43,44.87,52.81,105.61,32.08,88.01,53.27,55.24,81.07,48.77,76.18,41.12,160.53,107.65,105.69,48.04,85.78,56.34,66.89,82.77
2017-02-08,132.04,60.52,42.4,116.13,168.12,77.8,22.67,163.81,92.91,168.42,80.7,31.27,111.58,109.0,78.64,29.43,66.83,237.73,137.88,119.73,176.17,36.38,113.4,85.96,42.02,106.72,124.67,177.07,64.32,63.34,43.91,53.88,105.69,32.14,88.33,52.89,55.22,81.12,49.22,75.95,41.21,160.31,107.34,106.16,48.37,85.09,55.63,67.81,81.48
2017-02-09,132.42,60.84,42.54,116.44,167.47,78.18,23.12,164.28,93.96,170.96,81.03,31.5,112.26,109.49,77.75,29.59,65.59,241.55,138.71,120.66,177.21,35.46,114.08,87.2,41.25,107.3,124.48,178.18,64.39,64.06,44.85,55.31,105.97,32.38,88.67,52.88,55.81,81.21,48.86,75.3,41.31,160.44,107.42,106.46,48.81,85.58,56.73,69.08,81.84
2017-02-10,132.12,60.42,42.74,116.85,167.89,78.48,23.08,166.23,96.31,172.0,80.64,31.51,113.05,109.26,78.1,29.72,66.36,242.72,139.85,121.85,178.68,35.34,115.24,87.0,40.58,107.27,125.82,179.0,64.15,64.0,44.7,56.22,106.1,32.35,87.97,54.0,56.22,82.16,49.05,75.16,41.38,160.75,107.87,107.34,48.98,85.9,56.86,68.02,82.52
2017-02-13,133.29,60.51,43.22,117.65,167.66,78.91,23.4,168.03,98.5,171.96,80.91,31.97,113.91,109.65,78.69,30.04,67.65,246.27,139.87,123.62,179.36,35.8,115.88,88.15,40.62,108.28,125.54,181.02,64.77,64.72,45.26,56.09,106.52,32.61,88.31,54.93,56.11,81.82,49.22,75.52,40.65,161.99,108.32,108.5,48.55,86.44,57.08,67.77,83.0
2017-02-14,135.02,60.82,43.65,117.58,168.05,79.41,24.06,168.5,98.09,173.63,80.92,32.31,112.52,110.33,78.04,30.28,67.55,249.46,141.36,123.62,180.13,35.93,116.36,89.56,40.53,108.88,125.81,181.6,65.66,64.57,46.04,56.45,106.92,32.75,87.86,55.48,56.58,82.46,48.59,75.64,40.75,163.13,109.16,108.99,48.27,86.85,57.98,68.66,82.82
2017-02-15,135.51,61.65,44.0,118.73,171.79,79.6,24.58,169.3,99.02,175.0,81.67,32.82,112.57,110.18,76.78,30.35,69.8,250.54,142.19,124.28,181.68,36.05,117.2,90.59,40.44,109.66,126.48,181.7,65.16,64.53,46.49,56.64,106.73,33.51,91.12,56.49,56.86,81.75,48.35,75.67,41.12,164.29,109.78,109.02,48.08,87.54,58.55,68.69,83.16
2017-02-16,135.345,61.48,44.2,118.93,172.11,79.51,24.58,170.81,98.26,175.75,80.82,33.6,110.68,110.71,78.9,30.45,70.31,249.44,141.54,124.16,181.43,36.41,118.08,90.53,41.2,109.3,126.7,183.41,65.26,64.52,46.11,56.29,108.12,33.62,90.79,56.88,56.73,81.13,48.24,76.25,41.25,163.65,109.39,107.22,48.46,87.41,58.12,68.87,82.3
2017-02-17,135.72,61.77,44.69,119.67,173.29,79.71,24.52,172.71,98.85,175.86,81.47,33.74,110.33,110.06,78.36,30.37,69.85,250.38,143.0,124.56,180.67,36.48,118.86,90.23,41.23,109.42,127.8,182.95,65.39,64.62,46.15,56.75,108.15,33.62,91.09,56.46,57.35,80.65,47.8,76.44,41.48,157.62,109.82,106.9,49.19,87.46,58.09,69.37,81.76
2017-02-21,136.7,61.83,45.01,119.63,173.14,79.97,24.78,175.56,98.1,176.94,82.18,34.13,111.72,110.01,79.09,30.52,69.29,251.76,145.02,124.71,180.26,36.52,119.66,91.01,41.46,110.16,128.04,183.37,65.48,64.49,46.56,57.36,109.36,33.62,91.67,56.75,57.54,80.68,48.28,77.08,41.73,160.57,109.67,107.72,49.43,87.92,58.25,71.45,81.89
2017-02-22,137.11,61.36,45.01,119.47,172.61,79.86,24.79,175.36,98.2,176.51,82.08,34.09,110.38,110.12,79.87,30.33,68.83,251.73,145.25,125.04,181.15,36.07,119.52,91.06,41.6,109.44,127.85,186.04,65.29,64.36,46.52,58.24,109.41,33.59,91.44,57.1,57.57,79.7,48.99,77.23,41.59,160.57,108.87,105.62,49.67,87.8,58.36,71.71,80.93
2017-02-23,136.53,61.94,45.4,118.83,174.01,80.05,24.58,176.86,95.55,175.85,82.07,34.04,111.02,109.73,80.91,30.02,69.37,251.19,144.71,124.82,181.65,36.18,121.7,91.13,41.66,110.74,128.27,187.19,65.85,64.62,46.58,57.39,109.54,34.06,91.13,57.14,57.64,80.47,49.67,77.14,41.95,162.6,106.7,105.09,50.31,88.18,58.49,71.31,81.78
2017-02-24,136.66,62.09,45.68,119.31,174.56,79.76,24.23,177.44,95.48,177.56,81.78,34.32,110.12,110.32,81.96,30.19,69.94,247.35,145.95,125.03,181.35,36.53,122.73,90.33,41.78,111.0,128.65,187.41,66.16,64.62,45.53,57.86,109.83,34.26,91.05,57.22,57.48,80.15,50.5,77.24,42.36,163.06,107.74,106.18,50.6,88.43,57.81,72.39,81.08
2017-02-27,136.93,62.22,45.46,118.78,176.13,80.17,24.57,179.43,97.44,177.62,81.54,34.26,111.75,110.23,81.86,29.94,70.5,249.33,145.3,124.89,179.4,36.51,122.4,90.43,41.67,110.57,126.99,186.91,65.85,64.23,45.84,57.69,109.27,34.28,90.89,56.73,56.78,81.06,50.27,77.19,41.82,165.38,107.5,106.73,49.94,88.0,58.06,71.74,81.54
2017-02-28,136.99,61.84,45.08,118.34,176.53,80.06,24.68,180.23,96.66,177.18,81.35,34.18,112.5,110.09,82.55,29.81,70.48,248.06,144.91,124.5,179.82,36.2,122.21,90.62,41.96,110.46,127.65,186.35,65.87,63.98,45.67,57.16,110.38,34.12,91.07,56.48,56.87,80.36,50.82,76.62,41.79,165.38,107.94,105.76,49.63,87.94,57.88,70.93,81.32
2017-03-01,139.79,62.83,45.59,120.35,178.24,81.92,25.5,183.91,98.58,177.86,83.81,34.44,113.88,111.04,81.93,30.19,70.19,252.71,146.68,127.25,181.95,35.93,123.86,93.6,42.16,112.31,129.05,189.86,66.21,64.94,46.81,57.95,109.73,34.42,91.66,57.01,57.14,82.27,50.06,78.15,42.04,167.94,110.11,106.87,49.81,88.99,59.73,70.45,83.02
2017-03-02,138.96,63.25,45.69,119.9,178.07,80.1,25.23,182.99,94.36,177.98,82.67,34.39,113.36,110.59,82.36,30.19,70.53,251.06,147.95,126.33,180.53,35.91,123.63,92.14,42.47,111.33,128.23,189.89,66.08,64.01,46.28,57.8,110.11,34.51,90.91,56.37,57.12,80.95,50.32,78.08,42.07,167.31,109.05,105.95,49.98,88.53,58.71,70.76,83.3
2017-03-03,139.78,63.34,45.25,120.04,180.2,79.88,25.44,182.18,95.12,170.26,82.22,34.29,113.55,111.24,81.91,30.12,70.74,252.89,147.81,126.21,180.05,35.9,123.79,92.8,42.48,111.74,127.9,189.31,66.58,64.25,46.83,56.7,110.56,34.52,90.5,56.44,57.1,80.7,50.37,77.86,42.01,168.2,109.02,105.93,50.09,88.79,58.89,70.03,82.46
2017-03-06,139.34,63.55,45.13,120.15,179.46,79.5,25.25,180.93,95.66,166.73,82.5,34.19,113.17,110.67,81.87,30.0,70.12,252.01,147.13,126.08,180.47,35.57,123.71,91.92,42.18,111.36,128.03,188.9,66.47,64.27,46.57,56.77,109.63,34.35,90.37,56.45,56.68,80.72,50.24,78.31,41.96,168.7,109.43,106.1,50.03,88.94,58.61,69.88,82.83
2017-03-07,139.52,63.69,45.0,119.98,177.38,79.58,25.21,182.02,95.93,167.0,82.97,34.2,111.81,110.86,81.69,29.86,69.02,250.9,146.02,126.26,180.38,35.8,123.83,91.41,41.99,110.96,128.07,189.09,65.96,64.4,46.33,56.55,109.32,33.99,90.29,56.73,56.2,79.95,50.4,79.12,41.88,168.3,108.36,105.64,49.44,89.06,58.3,69.87,82.52
2017-03-08,139.0,64.14,45.36,119.6,177.78,79.04,25.26,181.74,93.23,166.24,83.48,34.02,109.61,110.84,80.32,29.8,69.7,250.24,146.92,126.59,179.45,35.62,124.1,91.21,41.99,110.98,128.09,189.51,65.8,64.99,46.39,56.51,109.3,33.91,90.14,57.77,55.74,78.1,49.77,79.34,41.77,167.91,106.71,105.73,49.16,88.96,58.21,69.8,81.03
2017-03-09,138.68,64.5,45.63,119.91,178.92,79.3,25.35,180.57,91.39,165.77,83.28,34.07,110.04,111.03,80.05,29.66,68.39,250.18,146.62,126.19,177.18,35.82,125.95,91.57,42.03,110.79,128.14,189.9,65.89,64.73,46.68,56.36,109.02,34.05,90.34,57.97,55.19,78.7,49.5,79.13,41.94,168.01,106.18,105.9,49.28,89.11,58.7,69.86,81.67
2017-03-10,139.14,65.88,45.72,121.09,181.44,79.38,25.31,178.7,92.31,165.37,83.51,34.26,110.61,110.92,80.64,30.28,68.19,248.38,146.85,127.04,177.83,35.91,126.21,91.28,42.29,111.21,127.98,191.21,65.6,64.93,46.49,56.43,109.59,34.11,91.07,58.64,54.53,78.69,49.63,80.33,42.35,169.98,106.28,106.73,49.35,89.73,58.85,70.1,81.61
2017-03-13,139.2,65.85,45.53,121.8,181.05,79.21,25.3,179.05,92.64,164.55,83.61,34.1,109.35,111.52,80.87,29.86,68.1,248.16,147.43,126.73,176.46,35.16,126.68,91.36,42.03,111.53,127.61,191.52,64.15,64.71,46.26,56.67,109.41,34.11,91.31,58.46,54.63,78.59,49.73,81.02,42.37,170.21,106.45,107.49,49.47,90.11,58.7,69.95,81.42
2017-03-14,138.99,65.67,44.8,121.44,180.12,79.69,25.32,178.73,91.86,165.24,83.51,34.12,107.36,112.31,80.87,29.54,67.77,247.72,147.16,125.71,175.72,35.18,127.05,91.51,41.97,110.49,127.8,190.33,64.2,64.41,46.19,57.28,109.34,34.22,91.0,58.22,54.27,78.38,49.88,81.09,42.09,169.06,104.37,106.83,49.36,89.55,58.76,70.72,80.99
2017-03-15,140.46,66.55,45.32,122.11,182.6,79.23,25.18,178.71,93.36,166.54,83.48,34.24,108.88,111.87,82.0,29.76,68.47,246.78,147.95,126.97,175.81,35.1,128.96,91.73,42.12,112.02,127.88,191.2,64.7,64.75,45.85,57.66,111.11,34.63,91.4,58.52,54.54,80.25,50.63,81.82,42.59,171.78,105.58,107.74,50.14,89.92,58.71,70.58,82.0
2017-03-16,140.69,65.9,44.98,122.35,180.11,79.77,25.22,178.19,92.85,167.06,83.52,34.23,107.86,111.71,81.62,29.75,68.54,248.22,148.73,126.36,177.24,35.14,128.46,91.64,42.25,112.67,127.98,190.31,64.18,64.64,46.33,57.6,111.14,34.43,91.44,58.35,54.8,79.65,50.19,81.71,42.44,171.3,105.45,107.8,50.04,90.04,59.32,70.44,82.07
2017-03-17,139.99,65.69,45.19,127.01,168.61,79.25,24.86,180.1,92.91,167.81,83.03,34.23,107.68,111.76,81.84,29.88,69.06,243.94,149.6,127.16,175.65,35.27,128.06,90.68,42.03,112.83,128.64,192.36,63.9,64.87,45.02,57.8,111.39,34.32,91.0,57.55,55.78,79.55,50.67,82.2,42.61,169.7,105.99,108.15,50.39,90.24,58.67,69.89,82.0
2017-03-20,141.46,65.8,44.98,126.31,169.24,78.85,24.44,179.39,95.4,167.44,82.9,34.28,107.66,112.71,81.18,29.74,68.71,242.14,147.8,126.5,175.7,35.43,128.07,90.03,42.18,112.41,128.78,193.01,64.11,64.93,44.59,58.68,111.15,34.38,91.22,57.81,55.81,78.92,50.38,81.59,42.42,168.0,105.08,107.12,50.24,89.18,57.63,69.98,82.0
2017-03-21,139.84,65.35,44.8,125.07,166.85,77.53,23.02,175.96,92.43,166.78,81.55,33.88,108.04,111.75,82.68,29.39,67.74,233.0,146.61,125.66,173.88,35.04,127.25,87.39,42.5,110.71,128.52,192.13,63.91,64.21,42.66,58.01,111.77,34.25,91.19,56.8,55.54,78.69,51.01,79.75,42.08,167.7,103.65,106.51,50.16,88.06,55.85,69.9,81.83
2017-03-22,141.42,65.52,44.81,126.21,167.45,77.67,22.94,176.98,92.43,167.68,81.88,34.1,108.39,112.08,82.76,29.53,67.83,231.07,147.36,125.5,174.78,35.37,126.26,87.53,42.38,111.45,129.1,192.22,63.5,65.03,42.21,53.92,112.02,34.47,90.99,57.04,55.89,78.38,50.73,80.69,41.65,167.03,104.06,106.52,49.71,88.52,55.33,70.25,81.76
2017-03-23,140.92,65.65,44.77,126.87,166.04,77.84,23.07,177.26,92.23,166.9,81.52,33.96,107.87,112.24,82.68,29.62,67.49,231.9,147.99,125.52,174.82,35.27,125.9,87.39,42.17,111.6,129.0,192.14,63.28,64.87,42.59,55.37,111.78,34.29,90.77,56.81,55.85,77.67,50.37,80.67,41.65,165.29,103.87,105.65,49.64,88.86,55.25,69.86,81.86
2017-03-24,140.64,65.62,44.73,127.7,165.74,78.2,23.12,175.82,92.15,166.02,81.61,34.08,107.99,112.14,82.99,29.72,67.51,228.41,147.71,124.77,173.83,35.16,125.48,87.29,42.12,111.98,129.34,191.51,63.18,64.98,42.46,56.36,112.12,34.0,90.57,56.92,56.81,76.96,50.42,80.59,41.68,165.0,103.96,105.05,49.68,89.19,55.83,69.61,81.23
2017-03-27,140.88,66.1,44.7,128.25,164.91,77.6,23.03,176.1,91.51,166.15,81.61,33.99,106.28,112.38,82.79,29.44,67.5,225.48,146.87,124.5,173.77,35.39,125.8,87.24,42.32,111.94,129.49,190.43,63.19,65.1,41.58,55.93,111.83,34.18,90.49,56.66,57.23,77.02,50.3,80.53,41.49,164.6,104.02,104.78,49.14,88.95,55.39,69.66,81.25
2017-03-28,143.8,65.98,44.7,128.69,164.71,78.64,23.48,177.36,92.95,166.77,82.14,34.02,107.17,113.05,82.93,29.62,67.1,229.33,147.2,125.28,174.51,35.6,125.66,88.6,42.43,112.47,129.45,190.99,63.34,65.29,42.49,56.62,112.45,34.16,90.76,57.38,57.35,78.31,50.09,80.61,41.56,165.35,105.5,106.19,49.3,89.12,55.96,70.32,81.84
2017-03-29,144.12,65.77,44.67,129.58,163.06,78.25,23.35,177.63,92.86,167.43,82.38,33.74,108.07,112.53,82.42,29.68,67.26,228.45,147.04,125.3,173.94,35.57,124.92,88.27,42.42,112.06,128.84,190.68,63.64,65.47,42.8,56.68,112.43,34.33,90.6,57.36,57.54,78.67,49.95,80.49,41.45,163.44,105.58,106.03,49.13,89.18,55.67,70.74,82.02
2017-03-30,143.93,65.46,44.55,129.61,164.38,79.21,23.87,177.98,93.22,167.89,82.56,33.74,107.78,113.18,82.04,29.87,67.53,231.22,146.95,125.41,173.86,35.75,124.66,89.03,42.6,112.67,129.32,191.28,63.45,65.71,43.43,56.04,112.18,34.35,90.2,57.2,58.16,77.84,49.67,81.04,41.76,164.99,106.94,106.66,49.06,89.01,56.24,71.59,83.7
2017-03-31,143.66,65.16,44.41,130.13,164.07,79.11,23.59,176.86,92.76,167.69,82.49,33.8,107.37,113.39,82.01,29.8,67.92,229.72,146.83,124.87,174.14,36.07,124.55,87.84,42.44,112.47,129.61,191.33,63.54,65.86,42.84,55.73,111.86,34.21,89.85,57.34,58.39,78.1,49.78,80.56,41.55,164.01,105.92,107.3,48.75,88.87,55.66,72.08,82.01
2017-04-03,143.7,65.03,44.47,129.59,163.89,78.59,23.59,176.65,92.27,166.7,82.31,33.58,107.8,113.2,82.25,29.88,67.1,228.96,146.62,124.33,174.5,36.16,124.69,87.52,42.41,112.24,129.61,190.72,63.47,65.55,42.71,55.56,111.86,34.24,89.68,56.5,58.44,77.7,49.96,80.36,41.57,165.59,105.5,106.4,49.18,89.36,55.49,71.83,82.07
2017-04-04,144.77,65.11,44.18,130.04,164.36,78.26,23.44,178.7,94.13,167.25,82.97,33.41,108.66,113.04,82.37,30.02,66.98,229.26,146.34,124.18,174.52,36.28,124.68,87.31,42.68,112.09,129.29,190.19,63.67,65.73,42.51,55.04,112.08,34.34,89.91,56.68,58.32,78.21,50.02,80.6,41.69,164.97,107.2,106.63,49.31,88.78,55.2,72.01,82.37
2017-04-05,144.02,64.96,43.8,129.89,162.24,77.76,23.17,177.08,94.24,167.0,85.34,33.0,108.64,113.0,82.87,29.97,66.47,227.66,146.64,123.57,172.88,36.22,124.8,86.19,42.57,112.07,130.41,190.24,63.57,65.56,41.74,54.98,111.94,34.19,89.97,56.47,58.22,78.3,50.43,80.08,41.51,165.37,106.76,106.74,49.02,89.03,54.98,71.65,82.53
2017-04-06,143.66,65.08,43.67,130.15,162.25,77.92,23.26,177.37,95.82,170.02,85.0,33.08,109.29,113.05,82.59,29.93,66.48,228.64,147.24,123.83,172.45,36.03,125.05,86.48,42.67,112.43,130.15,189.89,63.24,65.73,42.09,55.14,111.58,34.11,89.4,56.53,57.92,78.62,50.13,80.1,40.6,165.34,107.07,106.67,48.43,89.09,55.37,71.43,83.01
2017-04-07,143.34,65.54,43.83,130.22,163.38,77.77,23.16,178.85,95.52,170.62,84.38,32.96,108.86,112.58,82.26,29.99,66.58,227.88,147.13,124.27,172.14,36.03,124.92,86.18,42.61,112.24,129.96,189.99,63.13,65.68,41.95,55.11,111.61,34.1,89.23,56.32,58.02,78.33,49.69,80.53,40.59,166.02,107.03,104.99,48.66,88.74,54.84,72.9,82.76
2017-04-10,143.17,64.97,43.59,130.16,162.79,77.49,23.02,177.56,97.14,171.22,84.24,33.01,109.43,112.43,82.4,30.01,66.42,228.89,148.21,124.46,171.2,35.8,124.34,85.88,42.69,112.32,129.98,189.71,62.55,65.53,41.91,54.9,112.02,34.04,89.49,56.52,57.95,78.71,49.67,80.13,40.38,165.48,107.62,106.42,48.54,88.86,54.54,73.06,83.13
2017-04-11,141.63,64.18,43.58,129.95,163.11,77.26,22.92,178.57,97.1,170.63,83.86,32.92,108.97,113.07,82.19,30.04,66.02,227.74,148.2,124.54,170.58,35.74,124.22,85.73,42.66,112.11,131.2,190.07,62.58,65.48,41.58,54.92,111.73,33.93,89.8,55.35,57.88,79.65,49.3,79.41,40.31,165.83,107.61,105.75,48.7,88.85,54.16,73.43,82.84
2017-04-12,141.8,64.37,43.48,129.38,163.05,76.68,22.65,176.05,94.86,170.17,83.37,32.62,108.97,113.04,82.78,29.77,66.22,225.75,146.54,123.15,170.66,35.63,125.4,85.4,42.94,111.47,131.26,189.7,63.05,65.23,41.07,55.57,113.61,33.92,90.31,53.39,57.58,79.57,49.66,78.48,40.56,165.56,105.57,104.23,48.92,88.68,53.12,73.44,82.97
2017-04-13,141.05,64.13,42.67,129.05,161.61,75.8,22.34,175.62,93.1,168.84,83.13,32.42,106.1,113.2,82.59,29.56,66.51,223.32,145.91,122.5,169.53,35.25,124.99,84.4,42.79,111.22,130.76,188.65,62.61,64.95,40.69,55.34,112.68,33.88,90.03,52.79,57.51,78.15,49.42,77.84,40.28,164.96,104.78,103.74,48.62,88.87,51.35,73.15,81.69
2017-04-17,141.83,64.31,43.31,129.99,162.11,76.67,22.81,179.02,94.14,169.7,84.2,32.61,106.17,113.78,82.93,29.64,66.7,226.26,147.31,123.43,171.1,35.48,125.72,85.86,43.07,112.67,131.35,190.36,62.8,65.48,41.49,56.24,113.32,34.0,90.39,52.89,58.08,78.24,49.78,78.72,40.3,167.18,105.98,104.87,48.81,89.81,52.72,73.49,81.58
2017-04-18,141.2,63.65,43.43,129.81,161.25,75.79,22.71,177.85,94.39,170.13,83.71,32.67,105.68,114.19,82.86,29.84,66.06,215.59,147.76,123.08,170.05,35.765,121.82,85.16,43.48,112.52,132.3,190.22,62.27,65.39,41.21,56.11,114.28,33.84,90.8,52.67,58.35,77.93,49.97,79.61,40.25,168.59,106.24,104.1,49.22,89.73,52.45,73.89,81.05
2017-04-19,140.68,63.45,43.59,130.22,161.26,75.55,22.74,178.4,93.47,170.06,83.5,32.65,104.23,113.73,82.35,30.0,66.28,214.09,147.22,122.74,161.69,35.91,121.37,84.46,43.23,112.29,132.64,189.83,62.64,65.04,42.04,55.86,113.62,33.61,89.6,52.61,59.04,76.48,49.75,79.37,40.25,169.25,106.79,104.46,48.94,89.75,52.15,74.07,80.49
2017-04-20,142.44,63.78,43.98,131.42,162.04,80.02,23.07,179.3,94.66,170.15,84.05,32.83,104.88,114.79,82.03,30.27,66.5,218.06,148.72,123.77,162.3,36.18,121.87,85.55,43.09,114.59,133.27,191.16,62.55,65.5,42.5,56.4,113.59,33.74,89.33,52.66,60.08,76.51,49.77,80.76,40.36,171.54,107.9,105.53,48.41,91.15,53.5,74.8,81.01
2017-04-21,142.27,63.82,43.53,131.52,160.41,79.59,22.71,180.38,94.32,170.77,83.79,32.82,104.89,114.44,82.21,29.55,65.93,216.86,150.0,127.08,160.38,36.32,121.76,84.52,43.07,114.27,133.41,191.5,61.89,66.4,41.8,55.85,113.43,33.64,88.62,52.5,60.61,74.84,49.98,79.81,39.93,171.16,108.28,105.77,47.25,91.15,53.0,74.94,80.69
2017-04-24,143.64,64.66,44.13,132.89,163.14,80.45,23.63,182.06,96.81,172.33,84.17,33.28,105.93,113.7,82.58,29.55,66.25,223.22,151.89,129.79,160.75,36.75,122.89,87.5,43.28,115.7,134.23,194.23,62.14,67.53,43.56,55.47,114.32,33.74,89.55,52.81,61.11,74.1,50.15,81.08,40.02,172.33,109.33,106.97,47.05,91.85,53.65,74.78,81.11
2017-04-25,144.53,65.1,43.76,133.49,164.7,80.63,23.98,183.51,104.42,172.68,84.75,33.42,106.73,115.18,82.69,29.45,67.12,226.63,153.03,129.3,160.39,36.87,123.43,88.26,43.11,116.13,141.7,195.13,62.3,67.92,44.27,55.45,114.16,33.76,90.0,53.0,60.96,74.09,50.16,82.36,39.94,174.04,110.48,107.36,46.7,92.11,54.56,75.05,81.73
2017-04-26,143.68,65.04,43.8,132.79,164.61,80.52,23.89,181.71,104.66,176.8,84.95,33.4,106.08,115.58,82.6,29.26,68.22,226.2,154.22,130.1,160.06,36.93,123.51,88.43,43.24,116.17,140.84,195.0,62.7,67.83,44.37,55.16,113.33,33.85,87.74,53.04,61.56,74.11,49.97,81.11,40.44,174.38,110.17,107.62,47.36,91.82,54.54,75.43,81.4
2017-04-27,143.79,66.07,43.65,133.38,162.72,80.33,23.65,183.22,102.68,177.45,85.85,33.75,105.47,115.84,82.9,29.08,68.58,225.81,156.12,129.88,160.32,37.43,123.74,87.61,43.01,117.1,140.87,196.11,62.58,68.27,43.54,55.47,112.64,33.86,87.69,53.21,61.3,72.84,50.07,80.8,39.91,174.63,113.53,108.83,46.67,91.6,54.44,75.44,81.26
2017-04-28,143.65,65.94,43.64,133.74,163.32,79.25,23.34,184.83,102.26,177.52,86.12,34.07,106.7,115.6,82.5,28.99,68.55,223.8,156.1,131.14,160.29,36.15,123.47,87.0,43.15,116.32,139.93,195.83,62.33,68.46,43.37,55.41,113.28,33.92,87.33,53.74,60.06,72.59,49.8,79.18,39.63,174.88,111.96,107.46,45.91,91.22,53.84,75.18,81.65
2017-05-01,146.58,66.48,43.48,135.11,162.6,79.23,23.61,182.39,102.0,177.86,86.66,33.97,105.92,114.73,82.07,28.94,68.11,224.85,154.21,130.9,158.84,36.31,123.34,87.06,43.22,116.37,141.15,194.81,62.38,69.41,43.74,54.99,112.28,33.78,87.09,53.6,60.18,72.3,49.59,79.29,39.1,174.59,111.6,106.54,45.88,91.26,54.46,75.23,82.06
2017-05-02,147.51,66.63,43.6,135.0,163.49,79.54,23.53,183.44,101.51,178.59,87.09,34.24,105.36,114.37,82.39,28.99,68.59,225.12,154.95,131.19,159.1,36.97,123.7,86.5,43.39,118.12,141.23,196.53,62.7,69.3,43.35,55.07,112.29,33.61,86.22,53.29,60.5,71.45,49.51,79.25,38.95,174.14,111.09,106.92,45.91,92.54,54.54,75.52,82.05
2017-05-03,147.06,66.74,43.72,134.85,163.81,78.83,23.77,183.39,101.54,179.82,86.55,34.25,106.72,111.62,82.04,29.23,67.21,226.31,155.0,131.07,158.63,36.98,123.33,87.0,43.32,117.33,142.62,197.63,63.63,69.08,43.48,54.53,111.79,33.47,86.43,54.49,60.59,71.53,49.47,79.77,38.4,172.54,110.88,107.35,46.15,92.44,54.85,75.76,82.7
2017-05-04,146.53,67.23,44.59,134.61,164.29,78.33,23.85,183.07,99.39,182.45,86.52,34.18,104.81,111.17,82.59,29.2,68.08,226.59,154.86,131.2,159.05,36.85,123.95,87.1,43.66,117.92,143.45,199.51,63.38,68.81,43.28,54.47,112.96,33.45,86.45,54.91,60.83,70.94,49.79,79.3,38.01,174.02,110.33,107.05,45.88,92.62,55.18,76.34,81.64
2017-05-05,148.96,66.99,44.64,134.84,163.81,78.32,23.74,185.01,99.64,180.2,86.97,34.39,105.79,111.99,82.98,29.22,67.8,226.87,155.73,131.41,155.05,36.82,123.51,87.0,43.69,117.5,143.96,199.4,63.97,69.0,43.08,53.95,113.22,33.48,86.5,54.93,60.95,71.97,50.07,79.63,38.56,174.12,110.72,107.43,46.69,92.09,55.11,76.5,82.02
2017-05-08,153.01,66.21,44.68,135.12,163.03,78.16,23.96,186.02,99.37,172.64,86.86,34.29,106.68,111.42,82.92,29.07,67.21,225.03,156.89,131.13,153.03,36.54,123.25,87.1,43.89,116.61,144.24,198.65,64.01,68.94,43.02,54.3,113.22,33.45,86.55,54.62,60.94,72.22,50.03,79.46,38.57,174.44,110.02,107.52,46.63,91.92,55.04,76.12,82.89
2017-05-09,153.99,66.17,44.67,135.6,163.22,78.44,23.98,186.91,99.29,172.68,87.13,33.9,105.08,112.07,82.11,28.93,67.61,223.76,157.68,131.91,152.11,36.37,123.21,86.75,43.51,116.41,144.36,197.96,63.29,69.04,42.83,54.89,112.72,33.38,86.4,55.15,60.98,72.28,49.98,79.45,38.22,173.24,109.96,106.51,46.42,92.0,54.68,76.72,82.31
2017-05-10,153.26,65.98,44.5,136.15,160.51,78.65,24.15,183.18,100.36,171.35,87.31,33.74,106.5,109.66,82.48,28.7,66.92,224.88,158.13,131.74,151.25,36.01,122.81,87.43,43.57,116.65,144.52,196.64,63.94,69.31,43.1,54.56,112.84,33.03,86.49,55.33,60.66,72.67,49.87,80.49,38.45,173.39,109.32,105.1,46.38,92.25,54.72,76.7,81.91
2017-05-11,153.95,65.3,43.86,136.29,160.08,77.92,24.07,183.94,100.99,171.26,87.71,33.63,106.21,109.58,83.0,28.87,66.71,224.76,156.2,131.9,150.65,35.69,123.2,87.16,43.67,116.53,144.21,196.75,64.43,68.46,42.87,54.24,113.04,33.04,86.17,54.68,60.27,71.78,49.77,80.4,38.44,173.32,110.1,104.15,46.02,92.1,53.74,76.13,82.61
2017-05-12,156.1,66.06,43.96,136.84,160.22,77.49,24.0,183.25,100.71,170.88,89.04,33.45,105.96,109.69,83.48,28.27,66.06,222.82,156.92,131.49,150.37,35.53,123.64,86.92,43.59,117.13,145.36,196.57,63.57,68.38,42.73,54.2,112.91,33.01,86.19,55.32,59.93,71.02,49.87,80.69,38.49,171.81,110.48,104.13,45.84,92.73,53.02,75.71,82.55
2017-05-15,155.7,66.67,44.04,137.6,159.97,78.33,24.06,182.39,102.42,171.57,89.8,34.23,106.85,109.13,83.58,28.18,65.95,225.12,157.33,131.98,151.51,35.63,126.99,87.34,43.73,118.21,146.28,197.63,63.51,68.43,43.43,53.77,113.94,33.12,86.33,55.4,60.45,72.0,49.98,81.55,38.59,171.53,111.28,105.29,45.38,93.23,53.32,76.29,82.8
2017-05-16,155.47,66.85,43.69,138.03,159.99,78.13,23.99,182.7,102.34,171.0,89.75,34.3,107.25,107.98,83.12,28.04,65.72,225.6,158.26,132.01,153.68,35.82,127.77,87.61,43.85,118.49,147.29,197.91,63.79,69.41,43.38,52.78,113.79,32.6,86.24,55.95,59.98,71.37,49.34,82.27,38.19,168.12,111.0,104.5,45.31,93.15,53.26,75.11,82.55
2017-05-17,150.25,65.37,43.08,134.33,157.06,76.37,22.57,178.78,100.14,169.15,87.84,33.82,104.7,106.31,82.78,27.41,64.51,213.72,156.09,129.94,150.93,35.04,126.67,84.27,43.93,116.8,146.41,194.84,63.0,67.48,40.97,51.8,113.74,32.23,86.26,55.36,59.73,70.99,49.64,78.68,37.46,168.86,106.56,102.87,44.48,91.76,52.24,75.12,81.99
2017-05-18,152.54,65.63,42.98,134.54,157.96,76.38,22.74,177.4,100.22,170.72,87.75,31.38,105.17,106.68,83.25,27.48,64.43,215.16,155.7,130.42,150.78,35.22,126.97,83.96,43.8,116.24,147.01,195.24,63.89,67.71,41.31,51.68,114.03,32.22,85.87,56.12,59.82,71.43,49.77,79.23,37.95,171.45,107.14,103.19,45.04,91.71,52.38,77.54,81.75
2017-05-19,153.06,65.58,43.16,136.43,156.51,76.8,23.05,180.76,102.43,171.64,87.4,31.21,106.52,107.52,83.37,28.05,64.23,215.39,156.3,131.4,151.98,35.4,127.0,84.78,43.9,117.58,148.15,195.8,63.78,67.69,41.8,51.77,113.69,32.46,86.24,57.67,61.36,71.75,49.88,80.3,38.24,172.59,107.05,103.42,45.42,92.48,53.06,78.77,81.93
2017-05-22,153.99,65.44,43.73,138.86,153.02,76.98,23.04,183.67,102.29,172.4,88.94,31.59,106.12,107.63,84.1,28.18,64.36,216.02,155.96,131.84,152.64,35.77,127.26,84.7,44.18,119.0,148.19,198.51,64.04,68.45,41.66,51.57,114.7,32.12,86.21,59.28,61.23,71.89,50.01,80.37,38.25,174.7,107.83,103.78,45.48,93.31,53.01,78.55,82.29
2017-05-23,153.8,65.84,43.68,139.52,154.07,77.2,23.39,183.49,103.63,172.47,88.49,31.76,106.27,107.02,84.3,28.28,64.69,219.64,154.83,131.85,152.03,35.86,127.52,85.76,44.39,119.6,147.82,197.73,64.55,68.68,42.42,52.2,115.05,32.14,86.08,59.22,61.15,72.09,50.08,79.69,38.31,175.22,108.0,104.2,45.48,93.86,53.39,78.49,82.58
2017-05-24,153.34,65.93,43.53,141.12,154.6,77.12,23.36,185.25,103.95,173.01,89.6,31.49,106.22,107.71,84.69,27.83,64.31,223.83,155.0,132.14,152.51,36.12,127.51,85.71,45.03,120.7,149.5,197.49,64.93,68.77,42.63,52.01,116.06,32.05,86.5,58.64,61.89,71.36,50.38,80.05,38.15,175.59,108.05,104.72,45.04,94.81,53.09,78.15,82.29
2017-05-25,153.87,66.32,43.95,142.85,155.43,77.44,23.25,187.07,105.02,174.73,91.27,31.44,105.11,107.27,85.14,27.49,64.56,222.47,156.46,133.75,153.2,36.26,127.53,85.35,45.41,121.92,149.78,199.54,65.04,69.62,42.63,52.35,117.53,32.16,86.86,58.45,62.9,69.39,50.5,80.79,38.23,178.05,109.7,105.94,45.31,95.04,52.78,78.31,81.75
2017-05-26,153.61,66.06,44.71,141.89,155.01,77.46,23.24,186.59,105.66,177.86,90.83,31.5,104.72,108.41,85.07,27.45,64.5,223.53,154.9,133.25,152.49,36.26,126.92,85.36,45.39,121.63,149.86,200.67,64.92,69.96,42.84,52.59,117.91,32.14,87.25,57.52,63.3,70.09,50.45,81.12,38.12,177.5,110.57,105.87,45.32,94.67,52.41,78.13,81.55
2017-05-30,153.67,66.02,45.0,142.41,153.85,77.09,22.91,186.88,105.47,178.92,90.86,31.68,104.06,108.34,85.41,27.36,64.49,218.42,153.88,132.93,151.73,36.18,127.11,83.9,45.43,121.65,149.93,202.44,64.88,70.41,42.28,52.92,118.01,32.13,87.4,57.34,63.26,68.74,50.57,81.97,38.55,176.59,110.81,106.81,46.2,94.72,52.16,78.15,81.1
2017-05-31,152.76,66.02,45.66,141.86,155.24,76.94,22.41,187.63,105.43,180.43,89.64,31.53,103.48,107.94,85.68,27.38,64.89,211.26,153.51,132.99,152.63,36.11,128.25,82.15,45.47,122.88,150.89,204.47,65.11,69.84,41.74,52.99,116.87,32.65,88.09,57.27,63.61,69.59,50.61,82.49,38.53,175.18,110.3,105.97,46.64,95.23,51.14,78.6,80.5
2017-06-01,153.18,66.71,46.1,141.38,156.24,78.28,22.63,187.32,105.65,180.63,90.05,31.82,104.27,108.21,86.4,27.72,64.62,215.01,155.15,133.45,152.67,36.12,128.78,83.06,45.79,123.4,152.39,204.35,65.26,70.1,42.61,52.3,117.23,32.71,88.13,58.62,63.75,69.78,50.93,81.49,38.87,179.58,110.59,107.66,46.51,95.4,52.08,79.81,80.7
2017-06-02,155.45,67.25,46.5,143.48,159.15,78.49,22.45,190.23,105.95,180.97,90.86,31.98,103.11,107.18,86.28,27.88,65.4,213.31,155.35,134.03,152.05,36.32,130.08,82.64,45.89,125.2,153.74,206.7,65.47,71.76,42.52,52.98,117.67,32.54,88.59,58.58,64.57,68.96,51.01,81.63,38.87,179.39,111.2,107.67,46.44,96.15,51.81,79.62,79.5
2017-06-05,153.93,67.51,46.62,143.59,160.22,78.97,22.41,188.95,105.2,182.08,91.38,31.76,103.19,106.52,85.83,27.98,65.48,213.99,154.79,133.49,152.41,36.34,130.36,82.79,45.99,125.9,152.79,206.22,65.07,72.28,42.89,53.01,117.88,32.35,88.74,58.86,64.27,69.27,50.81,81.885,38.81,179.37,110.19,107.95,46.37,96.55,51.72,80.26,80.12
2017-06-06,154.45,67.87,46.36,143.03,159.53,78.85,22.23,186.75,104.55,181.45,91.1,31.56,104.17,105.5,85.81,27.93,64.85,214.53,154.2,132.74,152.37,36.13,130.83,82.96,45.98,125.24,151.23,205.41,64.67,72.52,42.94,52.48,117.7,32.07,88.8,58.2,64.16,69.97,50.79,82.22,38.73,180.82,108.96,107.43,46.44,95.79,51.81,78.93,81.21
2017-06-07,155.37,68.75,46.56,143.62,161.66,79.81,22.6,188.1,103.51,182.2,91.39,31.61,103.77,105.92,86.09,27.68,64.32,215.78,154.96,132.72,150.98,36.26,130.75,83.91,45.51,125.19,151.94,205.01,64.06,72.39,43.28,53.23,117.05,32.0,88.77,57.53,63.5,68.67,51.01,82.89,38.76,183.21,109.11,106.68,46.5,96.09,52.09,79.15,80.91
2017-06-08,154.99,68.76,46.72,142.63,162.65,79.95,22.97,189.93,105.01,181.41,91.25,31.61,104.0,104.32,85.38,27.59,64.12,218.76,153.5,133.55,152.1,36.48,130.55,84.95,45.13,124.76,151.43,205.94,63.2,71.95,44.1,53.2,115.89,31.75,87.85,58.12,62.24,68.31,50.74,84.34,38.5,181.69,109.84,106.75,46.19,96.09,52.56,78.93,80.62
2017-06-09,148.98,69.67,47.29,138.05,164.06,80.31,23.67,190.03,105.92,180.38,87.27,31.37,106.4,105.62,85.72,27.94,64.7,222.44,152.96,133.79,154.1,35.71,131.53,86.96,45.32,123.04,151.48,206.93,64.39,70.32,44.91,53.46,115.94,32.77,88.16,57.05,62.19,69.68,50.68,80.9,38.79,181.46,109.75,107.03,46.72,94.56,53.8,79.42,82.13
2017-06-12,145.42,69.53,47.17,137.25,164.88,80.17,23.78,190.0,106.07,179.64,86.18,31.25,108.04,107.04,85.62,28.94,65.43,221.91,152.18,133.26,155.18,35.73,131.82,86.98,45.33,120.76,148.47,207.39,64.39,69.78,44.85,54.03,116.23,32.7,88.24,57.49,61.29,69.31,50.85,81.05,39.07,179.25,110.13,108.94,47.19,93.5,54.09,79.24,82.93
2017-06-13,146.59,69.67,47.46,139.09,164.43,80.59,23.77,191.09,105.75,180.51,87.27,31.7,108.13,106.56,85.95,28.45,65.15,224.2,153.99,134.39,154.25,35.88,132.02,87.27,45.03,122.32,149.82,209.11,63.27,70.65,45.15,54.31,116.32,32.58,88.06,57.54,60.92,69.35,51.06,80.99,38.68,181.05,111.54,109.85,46.46,95.08,54.45,79.52,82.96
2017-06-14,145.16,70.52,47.64,138.25,165.1,80.84,23.76,192.38,104.71,181.67,87.17,31.6,106.6,106.14,86.32,28.69,64.99,226.51,156.76,134.24,153.81,35.53,132.77,87.09,45.3,122.5,150.68,210.01,63.37,70.27,44.91,54.66,117.37,32.69,88.44,57.01,60.27,68.18,51.22,80.16,38.72,182.36,109.8,109.39,46.69,95.32,54.53,79.9,82.07
2017-06-15,144.29,70.6,48.12,137.52,164.11,80.7,23.54,195.45,106.4,180.06,86.27,31.58,106.33,105.98,86.95,28.94,64.81,223.23,156.77,134.47,154.22,35.31,133.04,86.57,45.25,121.42,151.17,211.29,63.19,69.9,44.69,52.9,117.21,32.81,89.38,56.93,60.09,67.33,51.71,80.08,38.84,180.38,110.67,110.26,46.64,94.17,53.9,78.91,82.26
2017-06-16,142.27,71.05,48.21,137.84,162.42,81.45,23.43,196.44,107.6,167.11,86.0,31.63,108.35,105.51,87.14,29.0,64.12,221.81,156.64,134.63,155.38,35.21,134.35,86.18,45.31,121.96,151.99,213.24,62.97,70.0,44.48,51.1,116.86,32.97,89.66,56.82,60.14,68.58,51.53,79.7,38.96,181.63,111.38,110.59,46.63,94.17,53.89,75.24,83.49
2017-06-19,146.34,71.34,48.89,140.35,165.09,81.88,23.91,199.08,107.49,164.34,87.54,31.99,107.46,105.37,86.89,28.8,64.82,226.13,158.81,135.84,154.84,35.51,134.07,88.07,45.38,123.09,153.14,213.36,63.68,70.87,45.72,52.02,117.29,33.22,89.86,57.61,60.9,68.1,51.42,81.42,38.91,183.02,111.83,110.87,46.57,94.79,54.24,75.5,82.76
2017-06-20,145.01,71.22,48.77,140.91,166.29,82.51,23.49,198.33,107.04,162.9,86.92,31.85,106.48,103.94,86.91,28.13,65.59,225.1,157.67,134.91,154.95,34.86,134.22,87.52,45.61,122.93,154.07,213.36,64.53,69.91,45.5,51.56,117.95,33.56,89.63,56.79,59.86,66.75,51.71,79.57,38.66,183.27,108.35,109.61,45.94,94.38,53.46,75.54,82.31
2017-06-21,145.87,71.34,48.57,144.24,171.35,82.21,23.13,199.17,103.47,163.15,87.56,31.84,104.49,104.8,86.57,27.78,67.5,222.49,156.59,134.25,153.79,34.58,134.91,87.12,45.22,123.1,153.73,212.86,65.46,70.27,44.91,52.59,117.42,33.88,89.4,56.33,59.96,65.47,51.2,79.67,38.15,184.92,107.62,109.19,45.41,94.54,52.98,76.24,81.44
2017-06-22,145.63,73.18,49.27,143.69,173.82,82.25,22.93,199.44,103.84,159.79,88.47,31.85,104.45,104.22,86.28,27.55,70.48,219.77,155.48,134.07,154.4,34.36,136.05,87.02,45.07,123.3,154.8,212.22,66.02,70.26,44.61,52.4,116.15,34.06,89.03,56.47,59.51,65.37,50.38,79.05,38.1,186.5,107.39,109.07,45.42,93.95,52.49,75.52,81.08
2017-06-23,146.28,72.64,49.08,145.41,172.5,82.22,22.82,202.23,104.11,157.13,88.62,32.09,105.0,104.36,85.96,27.57,70.52,217.19,151.31,133.99,154.11,34.19,136.43,86.86,45.25,124.01,154.64,212.9,66.16,71.21,43.69,52.85,116.96,34.17,89.42,56.91,59.81,65.93,49.84,79.58,37.95,185.25,108.1,110.27,45.39,95.58,52.45,74.84,81.61
2017-06-26,145.82,72.74,48.91,144.96,173.67,82.96,22.89,199.98,104.25,160.2,88.11,32.24,104.14,105.57,86.7,27.61,71.24,220.44,151.42,134.26,155.23,34.07,136.34,87.24,45.43,123.52,153.96,212.61,65.92,70.53,44.0,53.28,117.12,34.04,89.36,56.56,59.64,65.89,50.1,78.31,38.15,185.12,108.03,111.01,45.75,95.22,52.9,75.5,81.24
2017-06-27,143.73,72.39,48.67,142.54,170.85,83.08,23.27,198.89,103.93,159.26,87.68,31.76,104.07,105.41,85.7,27.21,70.65,220.28,152.24,132.93,154.75,33.65,135.01,88.05,45.05,122.74,153.72,209.78,65.54,69.21,44.22,52.95,115.94,33.77,88.61,55.43,58.96,65.36,49.4,76.95,37.7,184.6,107.35,109.67,44.84,94.9,53.16,76.01,81.11
2017-06-28,145.83,72.92,48.48,143.81,174.07,83.97,23.88,199.62,106.45,160.17,88.09,32.08,104.28,106.86,84.97,27.08,71.92,223.22,153.23,133.97,155.32,34.2,133.82,89.82,45.32,124.81,154.3,210.62,65.16,69.8,44.32,53.36,116.38,33.75,88.37,56.16,59.18,65.25,49.15,78.06,37.94,185.7,108.77,110.08,44.84,96.23,54.33,76.51,81.53
2017-06-29,143.68,72.48,48.73,141.24,172.59,83.63,24.32,197.46,105.64,158.68,86.8,31.41,104.12,105.71,84.03,27.02,70.86,224.41,152.16,132.32,154.13,33.54,132.64,91.15,44.83,121.51,153.13,207.85,64.34,68.49,44.75,53.17,115.18,33.63,86.99,55.08,58.36,65.38,48.29,76.9,37.62,185.27,107.89,109.78,44.41,94.42,55.78,75.93,80.7
2017-06-30,144.02,72.51,48.61,141.44,172.23,84.24,24.26,197.75,107.46,159.93,86.6,31.3,104.33,106.25,83.59,27.01,70.78,221.9,153.4,133.29,153.83,33.74,132.29,91.4,44.85,121.45,153.16,208.19,64.09,68.93,44.56,59.0,115.49,33.59,87.15,55.22,58.31,65.84,47.88,76.93,37.73,185.42,108.91,110.59,44.66,93.78,55.41,75.68,80.73
2017-07-03,143.5,72.42,48.71,138.41,172.8,85.1,24.68,198.59,106.97,158.82,86.1,31.33,106.3,107.46,83.31,27.45,70.7,227.28,154.01,133.71,155.58,33.46,132.9,92.75,44.76,120.78,152.5,209.83,64.27,68.17,45.61,58.65,115.44,33.82,87.74,54.95,58.25,66.97,47.65,76.41,38.11,186.65,110.04,110.61,45.0,93.35,55.78,75.36,82.1
2017-07-05,144.09,72.48,49.0,141.21,174.26,84.89,24.92,201.81,107.49,158.02,87.5,31.11,104.62,105.63,83.29,27.35,70.86,228.04,152.69,133.8,153.67,34.34,133.64,93.68,44.82,121.98,153.07,209.76,64.16,69.08,46.16,57.56,115.3,33.64,87.67,55.45,57.94,65.74,47.42,76.91,38.12,188.25,108.25,110.52,44.65,94.01,55.78,75.32,80.85
2017-07-06,142.73,71.73,47.94,140.75,171.72,83.74,24.71,201.48,106.51,157.09,86.85,30.72,103.82,103.35,83.21,26.31,69.48,226.69,152.05,133.37,152.36,33.63,132.52,93.38,44.4,120.8,153.09,208.02,63.1,68.57,46.13,57.16,115.13,33.22,87.37,54.79,57.6,65.13,47.4,76.86,37.18,186.94,107.76,109.24,43.52,93.25,55.56,75.47,80.12
2017-07-07,144.18,72.03,48.44,142.22,171.43,84.33,24.83,202.37,106.92,154.11,87.92,30.9,103.49,103.32,83.42,26.15,69.25,225.28,152.23,134.12,152.94,33.88,132.54,93.85,44.39,122.2,156.27,209.59,63.16,69.46,46.05,57.98,115.51,33.35,87.65,55.35,58.04,65.08,47.36,78.48,36.98,187.96,108.35,110.36,43.48,93.92,55.74,75.33,80.22
2017-07-10,145.06,71.83,48.23,143.34,172.2,84.3,24.89,203.96,107.84,151.0,88.5,30.98,103.04,103.59,83.19,26.04,69.29,225.84,151.18,134.69,153.42,33.65,131.55,93.19,44.38,122.73,155.52,210.49,62.83,69.98,45.99,58.73,114.27,33.41,87.09,55.64,57.81,65.35,47.28,78.78,36.83,186.95,108.5,110.21,43.2,95.09,55.59,73.23,80.16
2017-07-11,145.53,71.84,48.15,142.93,173.32,84.16,24.6,206.27,108.24,151.11,88.35,31.09,103.12,103.84,83.18,26.38,69.35,226.95,150.6,134.22,153.19,33.92,131.23,92.83,44.33,124.23,154.91,209.66,62.34,69.99,45.48,58.18,113.74,33.17,86.77,55.33,57.9,65.79,47.28,79.04,36.6,185.95,108.59,110.07,42.89,95.41,55.04,73.47,80.6
2017-07-12,145.74,71.88,48.43,145.91,173.27,84.82,24.35,206.44,108.96,151.75,90.4,31.16,103.89,104.38,83.98,26.58,69.8,227.39,152.59,134.77,153.7,34.25,132.23,92.51,44.51,125.28,156.58,211.3,62.78,71.15,44.96,58.22,114.77,33.22,86.96,56.2,58.54,65.58,47.51,80.52,36.83,186.69,109.21,110.57,43.22,96.18,55.17,73.94,80.96
2017-07-13,147.77,72.63,48.08,145.05,175.04,85.37,24.62,206.23,108.47,153.6,89.57,31.27,104.13,104.29,83.37,26.79,70.58,230.4,153.29,135.33,153.63,34.24,131.86,93.1,44.43,125.47,155.04,211.09,62.89,71.77,45.52,57.94,114.02,33.28,86.7,56.23,58.38,66.49,47.12,80.54,36.21,185.48,108.85,111.16,43.49,95.94,55.6,75.05,80.97
2017-07-14,149.04,73.11,48.91,146.16,177.13,85.28,24.21,208.51,108.77,153.0,90.0,31.42,104.44,105.09,83.84,26.78,70.57,228.6,152.88,135.83,154.24,34.68,132.6,92.25,44.68,127.01,155.28,211.77,63.06,72.78,45.2,58.0,114.93,33.43,87.1,56.81,58.76,66.85,47.26,82.0,36.3,186.9,109.53,112.41,43.56,96.93,54.99,76.34,81.28
2017-07-17,149.56,72.7,48.76,146.4,177.4,85.22,24.02,209.0,108.84,152.84,89.29,31.5,104.21,104.79,84.03,26.82,71.15,229.26,153.89,135.26,153.01,34.47,132.15,91.39,44.73,127.43,155.26,211.68,62.61,73.35,45.33,57.79,114.93,33.25,87.55,56.46,58.33,66.83,47.04,81.66,36.39,186.35,109.05,112.03,43.66,96.83,54.71,76.37,80.86
2017-07-18,150.08,72.23,48.74,147.89,177.48,85.52,23.9,208.24,107.07,151.5,89.27,31.51,103.72,105.75,84.19,26.89,71.69,223.31,152.17,135.19,154.0,34.53,134.46,91.07,44.67,127.73,153.96,211.31,62.41,73.3,45.14,57.65,115.01,33.36,88.64,56.29,58.21,66.18,47.12,82.16,35.99,186.85,109.25,111.83,43.36,97.58,54.8,76.2,80.6
2017-07-19,151.02,72.77,49.43,148.92,179.18,85.93,24.06,210.88,107.85,151.24,89.56,31.9,104.46,106.82,84.35,26.94,72.72,222.87,153.3,136.15,147.53,34.56,135.21,91.2,44.83,128.04,153.89,212.1,62.62,73.86,46.62,57.77,115.34,33.62,88.35,56.78,58.11,67.44,47.23,82.16,36.13,189.19,107.84,112.99,43.45,98.25,54.94,75.87,80.85
2017-07-20,150.34,74.01,50.85,149.94,179.32,85.35,23.94,210.28,107.32,150.99,90.54,31.86,104.63,107.36,84.93,26.69,73.42,222.3,147.03,134.95,147.66,34.75,136.57,91.2,44.82,128.47,154.21,212.45,62.94,74.22,46.51,59.1,115.51,33.54,88.6,53.97,58.03,67.02,47.32,82.69,36.52,191.5,106.14,112.58,44.22,98.11,54.88,76.02,80.86
2017-07-21,150.27,74.63,50.84,149.52,180.21,85.59,23.8,212.14,106.59,150.44,89.69,31.84,103.25,107.09,85.2,25.91,73.76,220.18,146.65,136.35,147.08,34.73,135.31,90.89,45.03,129.27,153.92,211.16,62.63,73.79,46.59,59.95,116.63,33.48,88.61,53.84,57.98,66.53,47.88,81.7,36.51,191.78,104.85,112.68,44.23,99.6,54.17,76.15,80.12
2017-07-24,152.09,73.91,50.8,149.53,181.06,85.0,23.91,212.18,108.18,151.0,89.67,31.86,103.2,107.0,84.55,25.43,74.39,218.18,144.58,137.71,145.99,34.5,133.01,91.28,44.84,129.52,151.85,210.0,62.57,73.6,46.71,58.95,116.13,33.32,88.18,53.22,58.02,66.42,47.25,80.92,36.23,190.89,103.66,112.15,43.71,100.37,54.27,76.89,79.87
2017-07-25,152.74,72.52,50.83,148.21,180.89,85.41,24.48,212.46,114.54,153.17,90.63,32.12,104.39,106.42,83.81,25.44,73.74,221.58,146.97,137.25,146.19,34.67,131.88,92.8,45.24,129.98,159.07,199.39,62.36,74.19,47.61,59.39,116.45,33.1,89.14,53.27,58.55,67.01,46.78,81.39,36.22,190.4,104.96,113.22,43.98,99.99,55.06,78.52,80.27
2017-07-26,153.46,72.59,50.4,149.78,175.89,85.3,24.21,233.45,113.52,152.09,91.07,31.66,105.12,106.94,84.45,25.59,74.19,222.25,146.69,138.49,145.36,34.75,130.95,91.93,45.74,130.99,156.51,199.03,61.8,74.05,47.21,58.36,117.19,32.89,89.3,53.14,57.94,66.99,47.4,82.53,38.03,190.75,104.42,112.29,44.4,100.85,54.91,78.9,80.37
2017-07-27,150.56,71.73,50.11,146.2,172.15,83.85,24.11,241.0,114.37,152.52,90.51,31.57,106.11,110.0,85.05,25.79,74.96,221.48,147.73,136.98,145.07,34.97,130.83,91.55,46.12,128.93,156.95,200.05,63.69,73.16,47.09,58.15,117.34,33.0,90.68,52.49,59.5,67.78,47.82,80.97,39.41,188.93,101.4,107.79,47.81,99.57,54.71,79.78,80.83
2017-07-28,149.5,70.44,49.61,146.73,174.54,84.8,24.03,241.27,114.1,152.89,90.62,31.52,108.12,109.96,84.91,25.53,75.94,223.61,148.08,136.79,144.29,35.31,131.85,91.28,46.01,127.91,155.85,199.72,64.11,73.04,46.66,58.67,116.61,33.15,90.21,52.88,54.0,68.46,47.51,80.71,39.0,191.15,103.3,109.66,47.94,99.15,53.3,79.81,79.6
2017-07-31,148.73,69.91,49.18,146.49,174.51,85.23,24.12,242.46,113.95,158.51,90.8,31.45,109.19,109.93,85.12,25.61,76.09,225.33,149.6,136.12,144.67,35.47,132.72,91.8,45.84,127.8,155.14,201.17,63.88,72.7,46.9,59.05,116.61,33.16,90.82,53.19,53.98,68.6,47.93,81.38,39.0,191.81,102.96,110.29,48.4,99.56,53.94,79.99,80.04
2017-08-01,158.59,70.99,49.26,148.44,174.13,85.97,24.96,239.44,113.1,156.95,90.45,31.65,109.78,110.61,86.48,25.44,75.7,227.0,150.5,140.04,145.16,36.43,132.51,93.03,45.59,129.49,154.04,207.65,63.44,72.58,47.33,59.84,115.61,33.08,91.1,52.7,54.73,69.13,48.79,81.71,38.88,192.23,102.48,111.26,48.89,100.87,54.08,80.5,80.17
2017-08-02,157.14,70.71,49.23,147.13,174.46,85.3,24.59,237.95,113.09,161.28,90.35,31.52,110.46,108.67,85.74,25.52,75.84,226.27,150.5,138.72,144.45,36.64,132.16,93.11,45.59,130.61,156.59,205.41,63.44,72.26,47.33,59.79,115.61,32.92,91.04,53.17,55.43,69.13,49.78,81.31,38.27,193.0,102.33,111.26,48.21,101.28,53.62,80.53,80.6
2017-08-03,155.57,70.99,49.16,147.79,174.18,85.54,24.37,238.25,113.56,157.91,90.35,31.56,109.43,109.12,86.51,25.76,74.37,223.99,150.79,139.56,144.94,36.49,133.35,92.5,45.67,129.89,154.72,207.62,63.52,72.15,47.26,60.14,116.3,33.43,90.86,52.95,55.68,68.22,49.36,81.36,38.28,194.77,102.55,111.52,48.61,100.59,53.4,80.87,80.49
2017-08-04,156.39,70.99,49.26,147.71,173.85,85.97,24.97,237.71,114.35,156.44,90.45,31.8,110.11,107.69,86.48,25.78,73.16,229.79,152.75,140.04,145.16,36.3,133.18,93.66,45.5,129.82,153.82,207.65,63.1,72.68,48.08,59.76,116.37,33.64,90.67,52.62,55.44,67.54,48.79,81.43,38.43,194.88,102.48,112.05,48.91,100.89,52.84,80.48,80.21
2017-08-07,158.81,71.22,49.3,148.44,174.58,85.85,24.96,240.23,114.71,156.95,90.5,31.84,109.78,106.35,86.26,25.63,73.44,232.92,153.35,138.96,143.47,36.43,132.86,94.02,45.64,130.38,154.97,207.44,62.84,72.4,48.31,59.79,116.96,33.31,91.44,52.7,55.63,66.55,49.0,82.17,38.52,194.78,102.57,111.86,48.86,101.49,52.54,81.28,80.16
2017-08-08,160.08,71.47,48.88,147.81,173.69,85.94,24.9,239.5,114.41,157.75,90.26,31.67,110.35,106.98,86.6,25.56,73.27,232.05,153.35,138.67,142.11,36.41,132.27,93.68,45.6,129.84,154.92,206.43,62.32,72.79,47.93,59.46,116.71,33.28,91.58,52.29,54.52,65.49,49.12,82.45,38.36,194.9,103.06,111.89,48.6,101.28,52.71,81.59,79.96
2017-08-09,161.06,72.02,48.77,148.35,173.55,85.69,24.74,234.31,114.34,156.86,90.12,31.62,110.89,102.83,86.2,25.71,73.9,231.01,155.26,139.0,141.77,36.59,133.23,93.53,45.59,129.72,154.92,206.48,62.49,72.47,47.65,59.9,116.63,33.45,91.92,52.77,53.74,65.49,48.85,82.28,38.36,194.83,103.77,112.41,48.22,100.97,52.79,81.61,80.21
2017-08-10,155.32,70.44,48.06,144.92,169.11,84.56,24.12,232.88,113.15,156.64,87.63,31.0,110.11,101.35,86.39,25.3,72.7,225.5,153.88,137.24,141.84,36.14,133.09,92.19,45.74,127.67,156.62,206.23,62.18,71.41,46.3,59.07,116.38,33.42,91.74,52.34,53.07,64.4,48.81,80.36,38.19,192.57,102.69,110.92,48.02,99.49,51.95,80.66,78.97
2017-08-11,157.48,70.63,48.54,146.47,169.43,84.29,23.86,234.88,112.85,156.65,88.29,31.47,109.23,101.99,85.7,25.2,72.4,224.15,154.88,136.59,141.84,35.87,133.1,91.42,45.59,128.55,157.3,205.98,62.38,72.5,45.65,58.97,116.51,33.25,91.34,52.72,53.18,63.83,48.42,80.89,38.1,193.02,103.57,111.44,48.06,100.09,51.94,80.4,78.21
2017-08-14,159.85,70.82,49.08,149.16,171.67,85.47,24.42,237.15,113.71,157.91,90.25,31.84,108.71,101.4,86.12,25.36,72.81,227.36,154.26,138.27,142.32,36.34,133.48,92.49,45.8,131.09,157.26,207.37,62.67,73.59,46.51,59.78,117.84,33.31,91.65,53.55,53.22,63.95,48.64,82.05,38.5,193.71,104.73,113.69,48.78,101.87,52.84,80.7,78.23
2017-08-15,161.6,70.34,48.82,150.36,170.04,86.79,24.47,239.17,113.65,156.88,90.7,32.09,108.57,101.51,86.89,25.14,73.12,227.59,150.17,137.42,142.07,36.0,133.38,92.73,46.19,131.58,157.62,207.18,62.5,73.22,46.43,58.56,118.97,33.38,92.2,53.87,53.15,63.44,48.96,81.95,38.16,194.5,104.85,114.18,48.48,102.63,52.85,80.77,78.04
2017-08-16,160.95,70.42,49.81,151.8,171.39,87.39,24.19,237.59,114.12,159.76,92.24,32.34,106.84,102.2,86.31,25.1,73.35,225.61,152.25,138.08,142.5,35.81,134.17,92.09,46.2,132.37,158.9,207.92,62.7,73.65,46.01,58.54,119.1,33.36,92.44,53.31,53.5,63.71,48.99,82.46,38.23,193.77,105.85,114.76,48.41,103.32,52.69,80.98,77.47
2017-08-17,157.86,69.85,49.29,148.23,167.81,86.09,23.64,235.59,113.14,158.57,90.88,31.04,105.92,101.38,85.87,24.75,72.34,221.42,149.67,135.85,140.7,35.17,133.04,90.65,45.86,130.88,157.89,205.35,61.84,72.4,45.09,57.46,118.39,32.95,92.07,52.27,53.04,63.03,47.92,80.15,37.6,192.7,103.18,112.92,47.89,102.16,51.8,79.7,76.26
2017-08-18,157.5,69.96,48.74,147.97,167.29,85.38,23.62,235.77,113.92,157.08,90.76,30.37,106.48,100.7,86.38,24.55,72.11,222.15,147.49,134.95,139.7,35.01,132.63,90.74,45.67,131.14,157.76,203.53,61.49,72.49,45.39,54.95,117.6,32.67,92.47,51.92,52.7,63.32,48.3,79.97,37.37,190.82,103.9,113.34,47.69,102.51,51.68,79.31,76.64
2017-08-21,157.21,70.7,48.88,149.26,168.16,85.3,23.38,235.68,113.6,157.07,91.76,30.68,105.78,101.17,86.58,24.49,72.6,220.79,149.2,135.57,140.33,34.92,133.45,90.63,45.68,131.94,158.36,204.55,61.97,72.15,44.68,53.61,118.26,32.76,92.86,51.98,53.15,63.0,48.29,79.89,37.58,192.03,104.31,113.83,48.14,103.22,51.82,79.71,76.38
2017-08-22,159.78,71.75,49.71,152.25,170.07,85.3,23.83,239.75,115.82,158.7,92.95,31.27,106.36,102.77,86.55,24.6,73.34,223.58,149.91,137.63,141.01,34.65,132.21,91.56,45.6,133.8,159.64,205.46,62.42,73.16,45.57,54.13,117.92,33.15,92.79,52.35,54.45,63.35,47.95,80.75,37.98,194.79,106.21,114.6,48.35,104.07,52.22,80.02,76.74
2017-08-23,159.98,71.52,49.64,151.1,169.0,85.28,23.76,238.09,114.75,159.37,93.07,30.92,106.61,101.5,86.88,24.39,73.74,222.74,149.1,136.41,142.14,34.66,132.8,91.67,45.54,133.07,158.81,202.67,62.15,72.72,45.8,53.61,117.29,33.24,92.44,52.23,54.08,63.19,48.04,80.89,37.92,194.24,105.04,113.55,48.28,103.18,52.03,79.96,76.61
2017-08-24,159.27,72.11,49.38,150.81,169.95,85.36,23.84,238.74,114.78,151.33,94.15,31.24,107.44,101.52,87.5,24.3,74.02,222.99,148.25,136.54,142.94,34.71,132.89,91.52,45.41,132.96,158.41,202.12,62.71,72.69,46.0,53.84,116.22,33.23,92.27,52.49,53.94,62.88,48.02,81.25,37.68,194.75,104.57,113.35,48.31,103.22,52.16,78.34,76.33
2017-08-25,159.86,72.48,49.35,151.45,169.74,85.47,23.77,235.89,115.35,152.45,94.1,31.44,108.23,102.41,87.23,24.49,73.79,222.47,149.65,136.82,143.74,34.67,131.68,91.89,45.57,132.75,158.82,202.13,62.94,72.82,45.94,53.9,115.85,33.39,92.51,52.03,54.36,63.88,48.31,80.98,37.99,194.36,105.25,113.4,48.68,103.35,51.77,78.63,76.72
2017-08-28,161.47,73.32,50.26,151.79,171.78,85.41,23.72,237.18,115.07,152.55,93.66,31.54,107.76,102.56,87.42,24.47,74.69,220.35,151.39,136.87,142.51,34.65,131.74,91.6,45.42,133.85,159.67,202.46,63.32,72.83,45.48,53.73,115.54,33.47,92.47,51.81,54.4,63.45,48.35,80.76,37.94,195.09,104.55,113.79,48.61,103.78,51.63,78.03,76.47
2017-08-29,162.91,73.89,50.15,152.14,172.23,85.42,23.58,240.49,116.01,153.56,93.83,31.48,107.86,102.57,87.5,24.44,75.74,219.96,149.84,137.63,143.14,34.73,132.21,91.1,45.45,133.84,159.38,202.92,63.12,73.05,45.35,52.73,115.84,33.5,92.32,51.81,54.1,63.5,48.18,81.03,37.85,196.73,104.97,114.89,48.51,103.77,51.42,78.77,76.45
2017-08-30,163.35,73.92,50.11,153.67,173.65,85.69,23.87,240.46,117.55,154.44,94.86,31.99,107.73,102.87,87.28,24.28,81.23,222.42,150.0,138.04,142.56,34.89,131.07,91.31,45.39,133.8,159.53,203.69,63.12,74.01,45.66,52.56,115.15,33.45,91.87,52.12,54.52,63.39,48.21,82.31,37.67,195.88,104.94,114.97,48.12,103.73,51.36,78.54,76.1
2017-08-31,164.0,75.3,50.94,155.16,177.77,86.1,23.89,239.66,117.49,156.74,95.49,32.21,107.62,101.2,87.3,24.55,83.71,223.74,149.87,138.27,143.03,35.07,132.37,90.89,45.55,133.3,159.97,204.32,63.86,74.77,45.5,52.81,115.73,33.92,92.27,52.27,54.86,63.51,48.26,82.82,37.46,198.9,105.3,114.36,47.97,103.52,51.07,78.07,76.33
2017-09-01,164.05,75.42,51.18,155.06,178.71,86.14,24.09,240.33,118.28,158.24,96.01,32.3,108.76,101.5,87.09,25.14,83.75,225.88,150.78,137.63,144.08,35.09,131.03,91.7,45.78,133.24,159.81,203.56,63.83,73.94,46.19,53.36,115.84,33.96,92.53,52.05,54.93,63.35,48.26,82.54,37.48,199.75,105.47,114.39,47.92,103.9,50.97,78.37,76.57
2017-09-05,162.08,75.25,51.03,154.28,176.74,85.31,23.31,237.0,118.3,159.14,96.18,31.62,109.44,101.6,87.41,24.76,82.56,217.78,152.93,136.51,143.04,35.02,129.9,89.51,45.92,132.66,159.1,200.98,63.62,73.61,44.91,53.01,115.87,33.8,92.72,50.03,55.13,65.1,49.16,81.85,37.09,199.31,104.1,113.92,47.36,103.01,50.1,79.8,77.18
2017-09-06,161.91,77.05,51.19,153.76,178.38,85.23,23.41,234.62,116.98,158.86,95.82,31.87,111.79,101.5,86.99,24.92,82.95,218.83,156.56,136.55,143.82,35.76,130.67,90.11,45.96,132.89,158.22,202.05,64.0,73.4,45.07,52.76,116.35,33.99,92.72,50.45,54.31,65.72,49.28,82.07,36.57,198.38,105.01,113.81,46.91,103.18,49.88,80.08,78.78
2017-09-07,161.26,81.78,51.49,155.47,180.71,84.41,22.97,236.31,117.77,159.28,96.73,31.76,111.8,97.06,87.34,24.02,85.47,215.84,157.93,137.08,142.9,35.54,132.19,88.53,46.28,136.53,159.9,204.46,64.32,74.34,44.07,52.39,116.99,33.99,92.97,50.38,53.47,65.87,49.95,82.0,35.6,198.17,105.49,114.67,46.2,104.56,49.68,80.12,79.03
2017-09-08,158.63,85.34,52.02,155.34,180.64,84.25,22.89,238.78,117.82,157.31,96.43,31.48,110.78,97.07,87.78,23.82,85.1,217.21,159.66,137.57,142.45,35.19,130.98,88.42,46.3,137.22,159.71,205.69,64.27,73.98,44.01,52.2,115.04,34.1,92.84,49.64,53.49,64.86,50.2,81.38,35.59,197.75,107.21,115.05,46.11,104.43,49.58,78.88,78.82
2017-09-11,161.5,87.0,52.45,156.87,186.49,85.69,23.36,240.59,118.87,157.36,97.71,32.19,112.52,97.09,88.34,23.72,84.52,221.06,158.37,139.0,144.86,35.77,133.21,89.79,46.52,141.99,161.53,209.56,65.13,74.76,45.16,53.03,115.69,34.32,93.99,50.57,54.02,65.77,50.61,82.22,35.74,199.58,108.1,116.2,46.3,106.15,50.66,79.08,79.25
2017-09-12,160.86,87.75,52.25,156.31,191.0,86.55,23.95,240.58,120.94,160.04,96.85,32.41,112.49,97.89,87.28,23.91,84.51,225.95,159.91,138.68,145.76,36.09,132.63,90.89,46.72,142.42,156.33,209.64,65.46,74.68,45.75,53.4,115.0,35.37,93.51,50.9,53.54,66.43,49.56,82.89,36.26,197.47,108.48,117.15,46.79,106.21,51.57,79.61,79.5
2017-09-13,159.65,88.47,52.0,156.24,189.7,86.64,24.33,241.93,119.63,162.99,95.61,32.18,114.18,98.82,86.77,24.11,83.68,226.56,160.02,137.9,145.99,36.33,132.45,91.15,46.87,140.1,157.0,209.49,65.45,75.21,46.22,53.52,114.45,35.06,93.55,51.01,54.29,66.92,49.42,82.7,36.55,198.33,108.66,117.06,47.25,105.83,51.46,79.86,79.77
2017-09-14,158.28,89.22,51.69,154.95,189.44,86.19,24.24,245.23,120.48,162.37,95.3,32.19,114.45,97.9,87.5,24.26,82.29,226.85,159.38,137.21,145.54,36.48,134.18,90.97,46.11,141.47,157.0,211.43,56.23,74.77,46.42,53.73,114.19,35.73,93.55,51.48,54.53,67.7,50.4,83.29,36.32,197.73,110.86,117.38,47.18,106.08,51.29,79.68,80.09
2017-09-15,159.88,87.37,51.76,154.49,187.47,86.99,24.38,249.0,121.37,162.3,94.63,32.44,114.63,98.52,87.3,23.93,82.36,225.22,158.4,138.95,144.82,37.0,134.45,91.62,46.18,141.58,156.92,213.35,66.16,75.31,46.6,53.87,114.85,35.36,93.27,52.19,54.67,67.24,50.64,84.84,37.1,198.18,113.4,117.9,47.86,105.3,51.66,80.38,80.07
2017-09-18,158.67,85.32,52.08,155.77,186.47,87.87,24.7,253.08,123.83,160.91,95.74,32.52,115.19,98.1,86.06,24.46,82.97,227.53,157.81,137.67,144.55,37.0,135.38,92.92,46.11,141.4,156.68,213.76,65.99,75.16,47.32,53.5,114.99,35.55,93.15,52.25,54.69,67.87,50.07,86.14,37.42,198.19,112.03,117.59,48.09,104.83,52.71,80.0,80.09
2017-09-19,158.73,86.37,51.41,156.6,186.32,89.0,24.86,252.46,124.74,161.56,95.35,32.49,116.34,98.43,85.98,24.2,82.29,228.91,157.66,137.75,144.39,37.23,135.22,93.94,45.98,142.49,157.43,213.56,65.95,75.44,47.67,53.33,114.49,35.45,94.17,52.3,54.62,67.89,49.87,86.81,38.21,194.65,113.0,116.97,49.34,105.41,53.36,80.05,80.22
2017-09-20,156.07,87.41,51.89,149.96,188.17,88.43,25.06,255.46,124.85,162.85,95.21,32.6,116.37,99.21,85.2,24.32,82.64,229.79,158.68,138.69,145.88,37.07,133.22,94.6,45.78,142.24,159.88,210.51,65.79,74.94,47.89,53.56,113.58,35.99,94.4,51.98,55.15,67.62,49.45,85.83,38.43,195.75,115.0,117.83,49.48,104.97,53.75,80.5,80.55
2017-09-21,153.39,87.41,51.43,149.3,186.64,88.42,25.16,256.04,124.79,161.48,94.86,32.7,116.47,98.89,85.16,24.75,82.62,231.29,159.19,140.86,145.26,37.2,131.75,95.03,45.4,141.72,159.03,210.44,65.6,74.21,48.26,53.19,112.8,35.97,92.64,52.03,55.01,68.09,49.27,86.05,38.22,195.21,115.44,117.26,48.94,105.31,54.06,80.01,79.89
2017-09-22,151.89,87.48,52.51,148.5,185.76,88.4,25.02,256.45,124.43,161.29,94.94,33.37,117.29,98.6,84.25,24.87,83.27,231.03,159.97,141.75,145.13,37.18,131.39,94.83,45.49,141.89,158.91,210.76,65.13,74.41,48.22,53.24,111.85,35.96,92.24,52.09,55.09,68.8,48.82,88.27,38.59,193.03,115.34,117.67,49.9,105.56,54.25,79.53,79.92
2017-09-25,150.55,86.57,52.61,144.57,186.29,88.21,24.76,254.32,124.32,162.33,92.47,33.72,117.99,99.57,85.14,25.11,83.61,230.26,161.1,140.81,145.87,37.16,131.17,94.12,45.69,138.57,156.26,210.73,65.18,73.26,47.74,53.23,111.94,35.51,92.72,51.62,54.95,69.65,49.03,87.5,39.12,191.75,115.79,118.22,49.9,103.02,54.03,79.15,80.98
2017-09-26,153.14,85.35,52.85,145.4,185.6,88.69,24.81,253.7,124.51,164.07,92.34,33.76,117.52,98.63,84.82,24.93,83.76,229.94,161.26,140.24,146.56,37.47,130.94,93.7,45.57,138.37,153.35,211.03,64.76,73.26,47.46,53.7,111.81,35.3,92.65,51.13,55.13,68.82,48.79,87.7,38.72,192.7,115.43,118.92,49.51,102.94,53.8,79.39,80.89
2017-09-27,154.23,84.75,52.15,146.43,184.88,89.49,25.41,255.28,124.52,164.42,93.21,33.48,117.45,99.24,83.94,24.37,83.86,234.76,160.92,139.57,145.66,37.54,129.75,95.18,44.64,139.67,154.05,209.48,64.57,73.85,48.07,52.67,111.1,35.45,90.87,51.55,54.99,69.08,48.52,88.81,38.77,194.49,116.64,118.62,49.51,103.89,54.21,79.29,81.43
2017-09-28,153.28,88.96,53.64,146.83,185.46,90.14,25.45,254.27,125.23,163.9,92.6,33.35,117.62,98.05,84.26,24.24,80.91,235.47,162.36,140.58,145.66,37.83,129.47,95.38,44.91,140.2,157.49,209.55,64.29,73.87,48.15,52.63,111.64,35.6,90.89,51.75,54.5,69.16,48.94,89.65,39.04,196.1,115.97,119.61,49.41,104.58,54.25,78.95,82.19
2017-09-29,154.12,88.86,53.36,149.18,186.45,90.46,25.34,254.21,124.71,164.29,93.42,33.63,117.5,98.57,83.92,24.18,81.02,237.19,163.56,141.74,145.08,38.08,130.01,95.51,45.01,141.2,156.68,209.9,64.03,74.49,48.17,51.85,111.43,35.7,90.98,51.84,53.71,69.76,49.14,89.64,39.17,195.85,115.97,120.09,49.49,105.24,55.15,78.14,81.98
2017-10-02,153.81,90.39,53.68,147.94,187.17,90.54,25.62,255.99,124.72,165.89,93.94,33.75,117.43,99.86,84.36,24.57,83.52,240.65,164.02,142.66,146.66,39.04,131.22,96.84,44.8,141.82,156.96,212.76,64.55,74.61,48.92,51.87,109.12,36.07,91.77,51.88,53.81,69.32,49.14,89.65,39.11,197.44,115.26,120.79,49.36,105.44,55.47,78.45,81.63
2017-10-03,154.48,89.7,53.75,148.6,187.23,91.43,25.86,255.46,125.51,165.08,95.36,33.85,117.82,100.79,83.85,24.8,83.19,241.62,165.17,142.67,146.78,39.38,132.1,97.35,45.19,143.02,156.86,214.57,64.37,74.26,49.28,51.47,109.13,36.14,92.12,52.02,53.99,69.06,48.79,89.94,39.48,198.63,114.89,119.71,49.85,105.59,55.58,79.22,81.76
2017-10-04,153.48,89.9,54.34,147.95,188.59,91.01,25.71,255.76,126.74,165.21,95.52,33.44,117.58,100.55,84.47,24.48,82.42,240.31,165.29,142.55,146.48,39.34,132.89,96.36,45.5,142.09,157.21,216.52,64.6,74.69,49.01,52.08,109.34,35.96,92.42,51.96,53.93,68.82,49.1,90.49,39.5,200.48,113.77,119.0,49.9,105.31,54.96,79.09,81.79
2017-10-05,155.39,90.18,54.92,150.25,186.85,91.16,26.13,258.89,126.4,167.07,95.73,33.59,118.58,100.11,84.29,24.54,83.51,246.06,166.12,143.07,146.72,39.53,133.19,97.09,45.52,143.75,158.8,216.37,64.6,75.97,49.63,52.18,110.45,36.0,92.03,52.35,54.6,68.87,49.36,91.14,39.51,197.9,114.02,118.2,49.77,106.24,55.39,79.41,82.02
2017-10-06,155.3,90.49,55.0,151.12,185.82,91.55,26.21,258.58,126.93,157.09,96.32,33.75,117.03,100.07,84.64,24.39,82.14,246.02,165.85,143.62,146.48,39.63,133.22,96.92,45.49,143.52,159.6,216.52,64.55,76.0,49.76,52.42,110.4,36.05,92.33,52.49,55.17,68.34,49.59,91.35,38.59,198.06,113.95,117.7,48.81,106.73,55.58,79.0,81.71
2017-10-09,155.84,90.78,54.66,151.5,185.46,91.69,25.85,258.39,126.88,154.61,96.27,33.76,117.71,99.57,84.82,23.43,81.98,242.8,165.71,143.6,147.39,39.86,133.45,96.41,45.41,144.55,160.12,216.68,64.33,76.29,49.38,51.52,110.01,36.14,92.12,52.88,55.02,68.33,49.65,91.58,38.3,196.3,113.88,117.15,49.05,107.01,55.14,80.53,82.03
2017-10-10,155.9,91.17,55.4,152.15,185.79,91.89,25.93,260.93,128.19,156.87,95.39,33.55,118.8,99.58,85.79,23.36,83.04,242.6,165.16,143.31,148.5,39.65,133.9,97.13,45.87,145.65,160.58,216.75,64.46,76.29,49.49,51.53,110.78,36.4,91.62,53.87,55.42,68.33,50.24,92.38,38.5,194.68,112.63,118.12,49.14,107.31,55.61,84.13,82.26
2017-10-11,156.55,92.38,54.44,153.65,184.15,91.96,25.83,261.44,128.6,157.87,96.01,33.59,119.33,98.55,86.39,23.07,82.57,242.4,165.25,142.72,147.62,39.3,136.65,96.84,46.1,146.85,163.15,216.51,63.78,76.42,49.18,51.03,111.51,36.45,91.46,54.12,55.64,67.74,50.48,92.87,38.19,195.26,113.05,118.92,48.86,108.44,55.66,85.73,82.6
2017-10-12,156.0,91.42,54.71,153.61,182.76,91.61,25.45,261.91,129.99,157.22,96.74,33.26,119.14,96.93,86.97,23.05,81.3,239.8,164.59,143.19,147.03,39.19,136.83,95.99,46.11,146.74,163.91,217.59,63.83,77.12,48.59,50.83,112.45,36.35,92.15,53.0,55.97,67.29,50.74,92.62,35.86,192.92,113.69,119.57,48.35,108.11,55.21,86.1,82.43
2017-10-13,156.99,90.67,54.65,153.93,183.01,92.86,25.83,260.74,130.71,159.85,96.94,33.47,119.16,97.38,86.79,22.98,81.17,238.53,164.47,143.37,147.1,39.67,136.43,95.86,46.18,147.34,165.37,217.72,63.39,77.49,48.3,50.98,112.62,36.34,93.04,52.82,55.72,67.17,50.94,93.59,35.7,192.52,112.28,118.36,47.86,108.66,53.69,86.62,82.41
2017-10-16,159.88,91.04,54.63,150.46,181.9,91.96,26.24,259.75,131.47,158.81,97.15,33.54,120.13,98.13,87.13,23.36,79.95,242.41,164.22,143.75,146.83,39.76,136.12,97.84,46.62,146.22,165.01,218.72,63.34,77.65,48.94,51.37,113.57,35.98,93.14,52.38,54.91,66.8,51.14,94.23,36.17,193.2,112.09,118.34,48.09,108.3,53.8,85.74,82.81
2017-10-17,160.47,92.17,55.06,150.38,186.19,91.69,26.2,258.62,130.54,158.38,96.72,33.6,120.22,98.36,87.51,23.19,80.24,236.09,163.35,143.43,146.54,39.79,140.79,97.62,46.52,145.93,165.4,217.75,63.22,77.59,49.12,52.0,112.19,36.2,92.8,52.41,54.51,66.5,51.14,94.27,36.23,203.89,110.57,117.68,48.4,107.54,53.19,85.98,82.96
2017-10-18,159.76,96.04,55.77,153.0,186.28,92.08,26.48,260.04,131.29,157.55,96.44,33.55,118.15,98.25,87.04,23.12,80.01,242.03,163.45,143.44,159.53,40.25,140.68,97.99,46.4,146.19,165.77,218.27,63.51,77.61,50.15,52.3,111.95,35.83,92.77,52.21,55.21,65.91,51.27,93.43,35.71,205.23,110.38,118.15,48.65,107.8,53.41,86.22,82.76
2017-10-19,155.98,96.48,56.0,171.73,184.12,91.9,26.58,259.04,131.55,158.46,97.19,33.75,118.2,99.01,87.85,23.58,81.59,239.99,163.24,143.62,160.9,40.09,142.04,98.11,46.59,144.98,166.5,219.24,63.75,77.91,49.79,52.69,112.67,36.24,91.59,52.29,55.4,64.5,52.0,93.45,35.69,203.25,112.01,119.42,49.21,107.02,53.75,86.4,82.74
2017-10-20,156.25,96.1,56.32,175.64,182.96,92.09,27.17,264.75,131.36,160.77,98.9,34.25,118.64,99.4,87.93,23.83,81.21,244.73,163.43,145.35,162.07,40.43,142.4,99.51,46.38,145.38,166.3,221.32,63.88,78.81,50.68,53.06,111.61,36.42,88.25,52.02,54.57,63.15,52.21,95.18,35.54,207.49,112.99,119.76,49.53,107.55,54.92,87.44,83.11
2017-10-23,156.17,94.51,56.08,172.16,180.53,92.38,27.16,262.32,131.68,162.04,98.44,34.35,118.93,98.7,87.54,22.32,80.17,242.13,164.74,145.92,159.55,40.83,143.62,99.34,46.32,145.56,163.34,221.55,63.4,78.83,50.61,53.66,111.69,36.4,87.3,53.39,54.27,61.91,52.2,96.21,35.25,207.01,113.19,119.68,48.99,107.53,54.91,88.65,83.24
2017-10-24,157.1,91.69,55.38,171.58,180.37,93.86,27.68,266.0,138.24,162.29,98.66,34.58,119.23,98.29,87.99,21.89,80.1,244.84,166.03,146.12,155.88,40.95,141.64,100.92,46.18,145.8,163.88,234.65,63.11,78.86,51.07,53.42,110.75,36.27,86.98,54.25,54.28,62.44,52.37,96.44,34.86,208.15,112.9,119.7,48.94,108.41,55.42,87.98,83.47
2017-10-25,156.41,91.78,55.5,171.83,177.5,93.56,27.635,258.4,136.84,162.18,99.61,34.3,118.51,97.78,87.77,21.525,79.89,241.74,166.09,145.99,153.495,40.78,142.42,101.04,46.05,146.29,163.55,237.91,62.45,78.63,50.515,54.9245,110.08,36.16,86.84,53.84,54.16,63.46,52.22,95.82,33.4854,207.53,110.38,118.57,48.66,109.55,55.255,88.49,83.195
2017-10-26,157.41,89.56,55.48,173.75,176.52,95.69,27.74,259.27,136.94,162.46,100.05,34.27,118.44,98.56,87.36,21.32,77.88,241.72,167.65,145.84,153.6,41.35,141.81,101.74,46.23,146.59,164.01,232.94,61.99,78.76,50.77,56.81,110.73,35.74,87.5,53.8,54.91,63.37,52.06,96.15,33.68,209.15,116.47,119.33,48.89,109.8,55.62,88.62,83.47
2017-10-27,163.05,91.93,55.37,177.33,175.28,95.79,27.8,256.46,137.81,162.38,100.7,34.43,113.54,98.31,87.95,20.79,77.07,241.71,167.34,146.2,153.68,44.4,141.78,101.77,46.07,148.52,165.39,234.74,58.24,83.81,51.16,55.96,110.6,35.6,87.04,54.57,54.88,63.55,52.09,97.5,33.97,212.6,117.08,120.75,48.87,109.71,55.87,88.17,83.71
2017-10-30,166.72,90.96,54.29,176.03,174.59,95.07,27.6,259.25,136.49,160.23,100.7,34.04,114.39,98.04,88.11,20.41,75.99,240.89,165.31,144.64,154.36,44.37,140.0,101.41,45.86,148.95,166.23,231.02,54.71,83.89,50.46,55.27,109.65,35.15,86.27,54.66,55.17,64.11,52.09,96.06,33.54,209.39,116.37,118.09,47.83,110.04,55.85,86.95,83.54
2017-10-31,169.04,90.25,54.23,175.16,175.22,95.52,27.39,257.98,135.8,161.08,102.34,34.15,115.89,97.81,88.31,20.16,74.96,242.48,165.78,144.16,154.06,45.49,139.41,100.61,45.98,148.77,166.91,230.19,55.09,83.18,50.0,54.99,110.23,35.06,86.34,51.01,54.84,64.0,52.2,96.69,33.65,210.22,115.79,117.53,47.87,109.98,56.14,87.31,83.35
2017-11-01,166.89,92.44,54.0,176.25,175.42,95.79,27.53,258.5,136.29,162.69,101.95,34.62,115.9,99.03,87.86,20.02,74.835,244.26,165.38,144.93,154.03,46.71,139.98,100.92,45.8,148.89,166.37,230.18,55.34,83.18,49.63,55.07,110.13,35.26,86.89,53.46,55.13,64.28,52.08,96.35,33.55,209.53,117.0,117.46,47.83,111.07,56.21,87.94,83.87
2017-11-02,168.11,91.02,54.37,180.94,172.41,95.98,27.87,262.63,136.47,164.95,102.6,34.21,115.33,98.35,88.56,19.94,73.81,246.88,162.71,145.41,153.35,47.1,139.93,101.59,45.88,148.25,168.1,232.23,55.37,84.05,50.42,55.12,110.05,35.46,86.51,54.84,54.87,63.25,53.25,96.79,33.17,211.1,118.39,116.87,47.46,110.98,56.48,88.8,83.53
2017-11-03,172.5,92.31,55.47,182.3,173.44,96.43,27.82,261.75,136.63,166.44,102.71,34.47,114.99,98.64,88.52,20.14,73.46,244.4,164.39,144.97,151.58,46.34,140.08,101.41,45.97,149.29,168.65,232.22,56.06,84.14,50.02,55.71,110.22,35.55,86.58,61.81,56.03,63.58,52.44,97.98,33.3,212.87,117.18,115.46,47.42,111.36,56.35,89.68,83.18
2017-11-06,174.25,92.96,55.01,180.8,170.8,96.29,27.75,264.07,137.71,165.05,102.42,34.41,117.04,100.64,87.87,20.13,72.38,243.49,164.22,145.6,150.84,46.7,139.76,100.78,45.47,150.09,170.07,230.31,55.88,84.47,50.14,56.04,109.26,35.32,86.05,62.52,56.57,67.08,51.65,98.54,32.86,212.12,117.33,113.92,45.53,111.92,56.18,88.7,83.75
2017-11-07,174.81,93.96,55.16,180.88,173.48,95.37,27.18,266.13,138.81,166.28,102.72,34.4,117.24,101.61,89.36,20.21,73.21,239.81,163.66,146.97,151.35,46.78,139.77,98.75,45.94,149.97,170.77,230.05,55.59,84.27,49.39,55.15,110.47,35.36,86.98,64.1,57.22,66.43,51.72,98.4,33.07,212.7,117.04,113.95,45.57,112.09,55.05,88.95,83.58
2017-11-08,176.24,95.71,55.25,184.06,173.58,95.13,26.79,265.57,137.29,169.05,105.03,34.5,116.67,101.18,89.23,20.12,73.1,241.25,164.05,146.86,151.57,46.7,141.32,97.64,46.18,149.97,170.1,229.83,56.58,84.56,49.04,55.76,112.0,35.34,87.58,65.49,57.91,67.06,51.77,98.44,33.44,210.77,117.8,113.13,45.46,112.47,54.26,90.26,83.47
2017-11-09,175.88,95.89,55.45,181.92,174.0,93.75,26.49,262.7,135.34,169.11,103.6,34.05,117.24,102.68,89.63,19.99,73.02,240.79,163.27,145.44,150.3,46.3,140.35,97.63,46.23,149.29,167.0,228.39,56.21,84.09,48.82,56.13,111.48,35.2,87.78,64.6,57.36,66.89,52.01,97.05,34.0,211.56,117.07,112.55,45.07,112.14,54.0,90.3,83.97
2017-11-10,174.67,95.43,54.8,181.72,172.35,93.52,26.51,260.85,136.48,171.36,105.24,33.99,117.18,104.78,88.89,20.49,73.77,240.15,164.11,145.75,149.16,45.58,139.56,97.51,46.54,149.54,165.59,227.45,55.48,83.87,48.76,56.09,112.75,35.18,88.16,64.57,57.04,65.74,51.36,96.94,34.22,211.07,116.7,113.23,44.88,111.88,53.81,90.92,82.94
2017-11-13,173.97,95.12,55.3,181.85,171.5,93.9,26.4,262.42,136.53,171.46,105.78,33.95,117.23,104.74,89.88,19.02,72.85,240.27,165.35,146.72,148.4,45.75,139.76,97.86,46.72,149.69,167.37,228.22,55.1,83.93,48.63,55.91,114.04,35.3,89.0,66.49,56.64,65.04,51.82,97.03,34.17,212.66,116.48,114.81,44.75,111.4,53.72,90.99,82.89
2017-11-14,171.34,94.75,55.01,181.32,170.13,93.76,26.24,261.76,137.54,171.44,106.23,34.04,116.92,103.17,91.09,17.9,71.15,237.24,168.06,147.32,148.89,45.86,139.49,97.27,47.43,149.95,168.11,229.33,54.99,84.05,48.38,55.98,115.76,35.38,88.87,66.0,56.93,62.78,52.31,96.96,33.72,211.71,116.23,114.07,44.22,111.98,54.04,91.09,82.24
2017-11-15,169.08,93.76,54.83,180.08,169.38,93.26,26.79,262.86,134.1,169.0,105.43,34.11,116.45,103.69,90.58,18.26,71.81,237.61,165.47,146.37,147.1,45.46,139.1,98.19,46.81,148.33,167.32,227.4,54.8,82.98,48.1,56.63,115.1,35.36,88.23,65.61,56.7,61.55,51.92,96.77,33.81,209.86,115.7,112.89,44.11,110.25,53.75,89.83,81.21
2017-11-16,171.1,94.47,55.54,182.3,170.77,93.56,26.76,263.7,136.36,170.98,107.03,35.88,114.57,103.6,89.21,18.25,72.41,239.37,167.5,146.88,149.12,45.65,138.87,98.47,46.55,150.33,168.09,229.42,55.17,83.2,48.6,57.23,115.23,35.56,89.25,66.11,57.24,61.31,51.94,98.32,34.52,211.13,116.57,113.7,44.77,111.02,54.6,99.62,80.56
2017-11-17,170.15,93.61,55.56,182.24,170.0,93.69,26.62,262.26,136.13,170.98,107.58,35.9,114.71,103.44,88.52,18.21,72.44,238.02,167.74,146.49,148.97,44.63,138.0,98.14,45.71,149.02,166.72,229.36,55.2,82.4,48.7,59.19,114.68,35.37,88.43,66.72,56.93,61.96,50.97,97.74,34.51,209.9,115.63,112.94,45.42,109.82,54.15,97.47,80.24
2017-11-20,169.98,93.6,55.29,182.34,168.79,93.95,26.74,264.63,136.91,172.28,107.37,36.5,114.72,102.75,88.66,17.98,72.13,238.13,170.45,147.94,150.51,44.62,137.93,99.01,45.46,149.56,166.93,231.49,54.1,82.53,49.11,59.25,114.91,35.35,88.27,66.47,56.81,61.72,51.18,98.28,34.64,210.25,116.01,113.2,46.2,109.95,54.05,97.48,80.55
2017-11-21,173.14,94.68,56.12,184.15,169.84,94.41,26.73,266.99,137.6,173.42,108.8,36.65,115.17,103.0,88.81,17.83,72.51,238.02,172.86,149.35,151.95,44.94,138.34,98.93,45.78,152.51,168.3,234.09,54.27,83.72,49.38,59.39,116.05,35.54,88.72,66.67,57.26,61.88,51.3,99.19,34.33,212.6,117.12,113.92,46.18,111.45,54.52,96.52,80.87
2017-11-22,174.96,94.47,55.8,182.9,169.96,93.82,26.66,265.15,138.01,172.48,106.83,36.45,115.91,102.74,88.63,18.15,72.82,236.43,172.06,148.99,151.77,44.65,137.29,98.64,45.84,151.25,169.05,231.58,54.37,83.11,49.09,59.07,115.08,35.43,88.33,68.13,57.14,62.14,51.36,98.08,34.87,211.22,117.86,113.77,47.1,110.82,54.06,96.41,81.1
2017-11-24,174.97,94.72,56.13,184.46,170.12,93.48,26.59,265.88,137.39,171.62,107.15,36.49,116.51,102.64,88.78,18.19,72.46,235.95,172.33,149.66,151.84,44.75,138.01,98.32,45.88,152.74,169.11,231.38,54.35,83.26,49.06,59.32,115.9,35.49,88.45,68.91,56.8,61.93,51.39,99.3,34.81,212.51,118.25,113.14,47.01,111.97,54.09,96.62,81.42
2017-11-27,174.09,95.42,56.15,185.0,169.71,93.47,26.59,265.58,137.19,172.61,106.58,36.87,115.59,102.79,88.88,18.12,71.7,235.11,174.16,150.43,151.98,44.49,138.1,97.93,45.9,152.97,168.96,234.0,54.55,83.87,49.0,59.63,115.85,35.49,88.96,68.14,55.91,61.36,51.56,98.63,34.68,212.4,117.16,114.54,47.66,112.38,53.95,96.62,81.11
2017-11-28,173.07,95.42,56.02,185.4,170.26,95.28,27.64,267.99,138.99,173.65,106.46,37.73,116.45,103.41,88.98,18.41,72.59,239.41,176.57,152.76,152.47,44.73,140.02,101.36,45.83,154.19,171.34,235.63,54.93,84.88,50.4,59.58,116.77,35.85,89.4,68.38,56.66,62.29,51.49,99.48,35.42,216.14,118.8,115.19,48.82,113.36,55.57,96.77,81.67
2017-11-29,169.48,95.82,55.58,176.85,172.23,96.6,28.28,269.3,138.06,177.53,103.53,37.48,117.18,105.24,89.0,18.48,73.67,241.36,177.25,153.24,153.55,43.95,139.81,103.73,45.5,148.35,170.43,238.01,55.36,83.34,51.32,60.36,116.84,36.21,89.38,66.52,57.51,62.15,51.09,96.88,36.48,222.88,122.94,119.04,49.9,109.86,56.68,97.56,82.27
2017-11-30,171.85,96.92,56.37,181.47,175.66,97.71,28.17,276.8,141.15,184.43,104.32,37.3,118.99,104.82,89.18,18.29,74.78,247.64,179.82,155.96,153.97,44.84,139.33,104.52,45.77,150.47,171.97,243.14,55.27,84.17,51.61,60.42,116.52,36.26,89.99,66.34,57.82,62.85,51.2,97.29,36.38,228.17,126.5,121.45,50.89,112.59,56.47,97.23,83.29
2017-12-01,171.05,96.32,55.98,179.52,177.2,97.86,28.1,271.38,141.52,185.13,103.83,37.6,119.51,105.25,88.73,17.88,75.34,248.95,180.42,154.4,154.76,44.68,139.98,104.79,45.97,149.69,172.87,241.15,55.87,84.26,51.95,59.88,116.78,36.35,90.36,65.49,57.32,64.73,51.11,97.18,36.5,226.78,124.62,120.31,51.25,110.73,56.2,97.35,83.46
2017-12-04,169.8,95.22,54.71,168.44,178.69,98.59,29.06,277.97,141.5,189.56,99.85,37.72,120.84,110.22,88.62,17.95,73.09,250.65,184.9,153.77,156.46,44.49,139.01,106.95,46.23,143.43,170.65,239.26,56.22,81.08,52.68,60.1,117.46,36.06,91.41,64.56,58.76,64.6,50.33,95.97,37.27,221.42,130.08,123.72,51.72,107.43,57.39,97.01,83.57
2017-12-05,169.64,95.41,54.79,167.54,178.67,98.71,28.93,275.54,140.14,187.82,100.69,37.31,120.39,107.22,87.96,17.76,73.29,248.33,182.85,153.06,155.35,43.44,139.67,105.72,46.26,145.13,172.99,238.26,55.77,81.59,52.01,60.42,117.59,35.63,91.4,64.69,59.34,63.45,50.36,96.9,36.55,220.09,128.01,120.37,50.92,108.58,58.55,97.83,82.89
2017-12-06,169.01,94.4,54.66,173.52,176.22,98.21,28.64,278.27,140.34,187.22,102.92,37.41,119.61,105.46,88.31,17.66,73.29,245.95,180.8,153.0,154.1,43.45,141.06,104.93,46.45,147.42,173.48,238.67,54.35,82.78,51.69,59.72,118.9,35.56,91.25,64.98,59.28,62.07,50.89,97.02,36.11,219.94,127.95,118.29,50.68,109.74,58.57,97.28,82.28
2017-12-07,169.32,94.24,54.69,174.61,173.96,98.58,28.78,281.97,142.89,186.2,104.07,37.4,119.63,105.26,87.9,17.71,72.72,248.56,182.0,153.28,153.57,43.08,140.01,104.62,45.78,149.45,172.91,240.3,54.77,82.49,52.35,60.6,116.73,35.5,90.1,65.23,59.14,62.07,51.33,97.78,36.17,220.15,128.46,119.73,50.42,111.4,59.36,96.78,82.55
2017-12-08,169.37,95.95,54.64,173.57,175.41,98.55,29.05,285.9,143.86,188.07,103.44,37.61,119.92,104.23,88.05,17.71,74.22,250.35,183.41,153.66,154.81,43.35,140.59,105.93,45.31,149.89,173.15,238.13,55.57,84.16,52.89,61.3,116.57,35.74,90.37,64.24,58.61,63.54,51.06,98.02,36.73,223.91,129.11,119.56,51.09,112.6,59.31,96.55,82.66
2017-12-11,172.67,96.47,54.94,174.31,176.83,99.0,28.94,283.16,143.77,188.86,104.54,37.96,120.42,106.83,88.37,17.65,75.88,250.13,182.25,153.21,155.41,43.66,141.14,105.62,45.33,150.88,173.25,239.3,56.34,85.23,52.77,61.91,117.39,36.21,90.23,65.18,59.07,64.56,51.68,98.83,36.9,222.77,129.05,118.05,51.84,112.37,58.87,96.93,83.03
2017-12-12,171.7,96.3,55.7,172.54,176.26,99.37,29.32,289.94,143.42,188.3,103.67,37.91,119.68,107.43,87.13,17.91,76.09,257.68,181.8,153.74,156.74,43.33,142.6,106.85,45.29,152.5,172.23,236.58,57.07,85.58,53.85,62.17,117.4,36.58,89.85,64.86,59.27,64.18,51.19,98.43,38.1,222.49,130.7,118.16,53.19,113.46,60.33,96.7,82.76
2017-12-13,172.27,97.35,55.06,176.83,177.38,97.78,28.84,291.84,148.57,188.28,103.94,38.15,119.93,107.61,87.56,17.76,76.58,255.56,183.03,155.8,153.91,43.34,142.89,105.51,45.9,151.69,173.55,239.11,56.91,85.35,53.18,64.3,117.8,36.64,90.88,64.9,59.49,63.3,51.68,98.86,38.04,224.35,130.31,118.4,52.89,113.31,59.4,97.76,83.12
2017-12-14,172.22,96.3,54.73,175.0,174.92,97.15,28.73,293.88,146.28,186.53,104.24,37.9,119.53,110.57,87.56,17.64,74.34,255.48,182.13,153.23,154.0,43.26,141.65,104.66,46.03,151.93,173.14,238.08,56.01,84.69,52.64,64.53,118.02,36.46,91.0,64.7,59.7,62.37,51.52,100.25,37.74,221.25,129.17,116.84,52.34,112.92,59.22,97.13,82.9
2017-12-15,173.97,97.45,55.5,177.51,177.04,98.52,29.04,293.94,146.69,192.73,105.48,38.19,119.73,111.27,87.84,17.82,75.57,257.17,182.58,154.25,152.5,44.56,142.46,106.14,46.19,153.4,174.06,238.0,56.24,86.85,53.1,64.79,119.22,37.2,91.89,64.76,58.29,62.09,51.31,101.22,38.24,221.82,130.6,118.0,52.67,113.82,59.87,97.11,83.03
2017-12-18,176.42,98.19,56.4,176.74,176.14,99.68,29.48,296.14,149.77,192.31,105.08,38.48,119.7,111.03,86.54,17.76,75.13,260.02,184.73,154.59,153.33,46.26,141.8,106.96,45.93,153.12,174.2,238.42,56.22,86.38,53.24,64.81,118.05,37.13,91.88,65.38,58.03,63.6,50.55,103.27,38.46,222.67,132.47,118.81,53.25,113.55,60.92,97.9,82.94
2017-12-19,174.54,97.92,56.8,174.97,176.87,99.15,29.45,297.25,150.91,188.33,104.26,38.3,119.84,111.81,85.01,17.59,74.35,256.48,185.98,154.11,153.23,47.04,141.78,106.51,46.13,151.68,173.39,238.39,56.23,85.83,52.93,64.24,118.61,36.94,91.68,64.5,58.01,64.39,49.81,104.1,38.05,222.04,133.24,119.0,52.83,112.14,60.36,98.8,82.44
2017-12-20,174.35,97.41,57.02,174.25,177.11,98.51,29.48,297.9,152.52,187.51,103.39,38.74,120.89,109.69,84.49,17.45,74.01,255.18,187.31,154.73,152.95,47.56,141.16,106.14,46.08,151.45,172.17,236.92,56.11,85.52,52.51,63.59,119.02,36.46,91.53,64.6,57.73,65.28,49.94,104.8,38.55,222.38,134.68,118.33,52.77,112.12,60.14,98.75,82.87
2017-12-21,175.01,97.91,56.93,174.56,176.68,98.5,29.82,295.03,154.64,186.8,103.62,38.53,124.82,109.57,84.3,17.47,73.02,261.01,188.08,153.72,151.5,46.76,141.06,107.83,45.6,150.53,171.85,234.78,56.6,85.5,52.88,64.77,118.26,36.24,91.67,64.39,57.58,67.86,49.49,104.07,38.88,221.69,133.73,118.58,53.01,112.41,61.61,98.06,83.85
2017-12-22,175.01,98.21,56.93,175.0,176.42,98.74,29.88,295.1,155.75,186.63,102.63,38.55,124.98,108.67,84.17,17.5,72.71,258.97,188.13,153.49,152.5,46.7,140.12,107.45,45.59,150.85,171.42,234.73,56.36,85.51,52.72,63.29,118.6,36.14,92.13,64.73,57.3,67.44,48.5,104.13,38.94,220.0,134.47,118.64,53.19,112.69,61.55,98.21,83.97
2017-12-26,170.57,97.75,57.0,174.44,176.09,98.57,29.78,295.36,156.44,186.55,102.54,38.48,125.98,108.12,83.6,17.43,72.7,257.72,190.36,153.76,152.83,46.08,140.09,107.02,45.81,151.28,171.29,235.45,56.34,85.4,52.47,63.65,118.89,36.21,92.48,64.3,57.14,67.61,48.05,104.15,39.06,219.6,134.65,118.26,53.22,112.99,61.13,99.16,83.98
2017-12-27,170.6,98.09,57.47,175.36,176.21,99.13,29.73,295.62,157.52,186.3,102.65,38.56,125.55,107.64,83.98,17.38,72.98,255.95,190.19,153.95,153.13,46.11,140.57,107.22,45.93,151.4,172.67,236.2,56.34,85.71,52.57,62.95,119.3,36.33,92.1,64.54,57.27,67.92,48.05,104.53,38.89,220.42,136.32,119.08,53.28,114.02,60.95,99.26,83.9
2017-12-28,171.08,97.79,57.46,175.55,175.25,99.7,29.8,296.35,158.42,186.62,102.79,38.59,125.58,107.77,83.99,17.36,72.48,256.5,189.78,154.13,154.04,46.22,140.56,107.79,45.72,151.77,173.1,235.72,56.6,85.72,52.65,62.95,119.35,36.37,92.07,64.38,57.81,67.46,48.28,104.82,39.18,222.77,135.12,119.05,53.43,114.35,61.3,99.4,84.02
2017-12-29,169.23,96.71,57.07,175.24,173.9,99.31,29.52,294.91,157.58,186.12,102.23,38.3,125.19,107.51,84.11,17.45,71.64,254.76,189.53,153.36,153.42,46.16,139.72,106.94,45.88,151.36,172.12,235.37,56.27,85.54,52.47,62.55,119.92,36.22,91.88,64.02,57.43,67.39,48.09,104.44,38.88,220.46,134.1,119.15,52.93,114.02,60.67,98.75,83.64
2018-01-02,172.26,98.41,58.79,177.7,177.0,98.94,29.9,296.84,157.04,188.32,104.41,38.86,127.58,111.8,83.23,17.98,74.1,255.67,188.03,153.71,154.25,46.85,139.23,107.95,45.54,151.91,173.22,235.64,56.22,85.95,52.19,63.49,118.06,36.44,90.65,65.2,57.63,69.52,47.17,105.57,38.54,221.16,135.78,123.67,53.53,114.51,61.09,98.59,85.03
2018-01-03,172.23,99.95,58.92,181.04,180.34,99.55,29.8,297.8,157.28,190.58,105.29,39.17,128.51,112.28,82.97,18.15,74.66,253.29,189.01,152.44,158.49,45.26,140.56,108.06,45.44,153.82,172.49,235.63,56.14,86.35,52.33,63.48,117.75,36.71,90.54,65.94,58.71,71.33,46.9,108.43,37.65,223.48,136.54,126.41,52.43,115.65,61.56,99.45,86.7
2018-01-04,173.03,99.38,58.82,183.22,179.58,100.85,30.19,296.67,159.44,189.1,106.68,38.99,128.11,112.23,82.32,18.53,73.9,256.83,190.51,154.5,161.7,44.43,140.55,109.04,46.08,155.81,173.7,238.71,57.05,87.11,53.13,63.44,118.33,36.79,91.18,66.03,58.93,73.1,46.7,108.29,38.0,224.45,135.8,127.23,52.6,116.08,62.33,99.54,86.82
2018-01-05,175.0,101.11,58.99,185.34,180.65,101.08,30.33,308.84,161.96,187.75,108.1,39.53,127.9,111.62,81.94,18.54,74.52,255.52,192.5,155.58,162.49,44.74,141.71,108.34,46.07,159.04,174.05,240.57,56.99,88.19,53.11,63.98,118.67,36.86,91.24,66.47,59.61,73.6,46.78,109.12,38.14,228.73,137.53,127.62,52.48,118.86,62.75,100.13,86.75
2018-01-08,174.35,99.49,58.82,185.04,180.6,100.15,30.12,310.15,166.03,188.48,108.86,39.94,128.53,110.02,82.2,18.28,74.4,251.81,192.04,154.74,163.47,44.74,141.89,108.5,46.0,159.27,173.93,239.79,56.66,88.28,52.89,64.55,117.99,36.45,91.72,66.27,59.31,74.8,47.2,109.64,38.25,224.76,139.44,129.17,52.39,119.34,62.04,101.61,87.14
2018-01-09,174.33,100.24,58.92,186.7,183.38,100.52,30.27,318.43,166.43,186.29,109.15,39.69,127.84,109.94,81.24,18.56,78.1,253.94,193.1,156.01,163.83,43.62,144.14,109.05,46.23,159.5,173.54,241.28,56.8,88.22,53.3,64.09,118.08,36.41,91.05,65.27,59.18,74.9,46.61,110.39,37.49,225.88,141.0,129.11,51.61,119.11,62.26,100.39,86.77
2018-01-10,174.29,99.69,58.83,187.11,182.86,101.22,30.55,320.26,165.87,185.42,108.8,39.91,128.66,109.47,80.11,18.929,78.71,254.33,191.8,157.09,164.18,42.5,143.97,110.25,46.07,159.86,173.51,241.14,57.3,87.82,53.93,64.22,117.48,36.47,90.47,65.26,59.82,75.6,45.96,109.7,36.62,224.2,139.7,129.79,51.69,118.98,63.12,99.67,86.08
2018-01-11,175.28,99.27,58.95,188.92,181.96,100.73,30.66,328.12,169.2,189.38,109.1,40.1,132.57,110.99,79.28,19.02,79.06,255.13,194.68,157.92,164.2,43.41,144.79,110.84,46.04,160.92,173.39,242.31,57.6,88.08,54.2,64.29,116.88,36.56,90.15,65.43,60.0,77.05,45.25,110.67,36.48,225.39,140.35,133.46,52.11,119.84,63.01,100.02,86.93
2018-01-12,177.09,100.34,58.84,195.05,185.04,100.97,31.19,336.21,170.3,191.84,110.24,40.87,133.6,112.47,78.9,18.76,79.02,257.03,196.42,159.07,163.14,43.24,145.76,112.67,46.15,162.33,173.57,244.47,58.66,89.6,55.12,64.67,117.38,36.54,89.61,65.38,60.4,77.97,44.84,112.72,36.9,228.64,141.17,134.09,51.86,120.09,62.55,100.87,87.52
2018-01-16,176.19,102.49,58.44,192.46,185.54,100.34,31.24,335.16,169.31,191.53,108.89,40.54,132.01,110.69,78.42,18.21,80.25,258.46,196.31,157.89,163.85,43.14,146.86,112.27,46.53,162.29,173.68,244.74,62.07,88.35,54.6,63.42,117.86,36.6,90.22,68.25,60.56,77.17,44.66,112.92,36.72,232.9,140.31,132.88,51.66,120.39,62.5,100.69,86.97
2018-01-17,179.1,104.36,58.99,196.49,188.01,100.76,31.18,351.01,168.5,192.29,110.04,41.2,132.36,111.97,78.41,17.35,81.74,253.65,199.82,158.41,168.65,44.39,146.98,112.99,46.82,164.32,174.98,248.11,62.03,90.14,55.35,63.81,119.18,37.18,91.2,68.02,60.66,77.21,45.05,119.16,36.85,238.43,140.46,134.01,51.72,121.98,63.88,102.7,88.0
2018-01-18,179.26,103.81,59.07,196.2,187.59,99.86,31.48,340.16,168.83,191.51,111.77,41.3,131.59,110.42,77.34,16.77,81.17,250.97,198.33,157.78,169.12,44.48,146.92,113.26,46.88,165.48,174.57,245.91,61.13,90.1,55.84,64.11,119.05,36.99,90.18,68.05,61.09,76.37,44.9,116.41,37.15,243.16,140.43,133.59,51.55,123.11,63.95,104.3,87.43
2018-01-19,178.46,104.64,59.31,195.73,189.28,98.03,31.72,337.73,170.41,192.29,111.93,41.29,131.3,110.59,76.82,16.26,80.98,256.12,201.33,158.69,162.37,44.82,147.36,113.01,47.16,166.83,176.12,248.18,61.28,90.0,57.46,67.21,120.17,36.94,91.07,68.04,61.26,76.42,44.44,116.83,37.21,243.35,141.25,133.08,51.91,122.7,64.22,104.59,87.15
2018-01-22,177.0,106.49,59.57,197.84,192.33,98.32,31.94,338.0,170.89,194.38,112.89,41.66,132.56,111.1,76.95,16.17,81.41,261.52,204.46,158.54,162.6,45.75,148.14,114.33,47.38,168.28,176.21,247.3,61.25,91.61,57.36,66.39,121.51,36.93,91.89,68.67,61.41,79.79,44.04,119.44,37.87,243.56,141.97,132.86,53.46,124.33,64.73,105.45,88.25
2018-01-23,177.04,105.38,59.23,200.09,191.99,97.98,31.92,335.59,169.43,193.42,113.24,42.1,131.02,110.41,77.71,16.89,80.95,260.09,204.9,159.59,166.25,46.06,141.83,114.21,47.45,167.19,176.81,246.31,61.7,91.9,56.91,67.14,121.3,36.82,89.05,68.34,61.69,79.21,44.47,119.89,37.19,245.21,141.36,132.07,53.23,124.65,64.49,105.9,88.3
2018-01-24,174.22,105.51,61.72,197.78,190.63,99.3,32.09,334.69,168.34,194.24,112.85,42.17,131.39,110.5,77.24,16.44,81.3,265.68,206.22,159.97,165.37,45.51,142.07,115.67,47.83,167.01,176.12,247.69,61.18,91.82,57.24,68.0,121.14,36.93,88.31,67.98,60.83,78.18,44.08,109.7,37.02,244.85,141.19,131.69,54.22,124.55,65.48,105.79,88.53
2018-01-25,171.11,108.3,63.22,197.51,190.08,99.69,32.09,343.11,169.37,197.95,111.96,41.9,130.65,110.55,78.9,16.18,81.19,269.03,205.37,161.84,165.47,45.3,144.4,115.7,47.84,168.59,175.66,252.36,61.3,92.33,56.81,67.71,120.9,37.23,88.34,67.42,60.55,77.33,44.62,110.15,37.45,245.18,133.6,131.29,54.29,125.22,65.65,106.6,88.37
2018-01-26,171.51,123.21,63.42,201.3,196.01,99.63,32.2,343.22,167.06,198.91,113.7,42.56,131.19,112.19,78.83,16.13,85.46,268.14,207.23,164.99,167.34,50.08,145.33,116.32,48.53,170.34,178.36,258.63,62.04,94.06,57.6,68.04,121.76,39.01,87.73,68.53,57.99,77.61,44.31,113.69,37.82,248.47,134.23,132.72,54.72,126.32,65.93,108.39,89.0
2018-01-29,167.96,122.31,63.31,198.23,198.0,99.41,32.28,340.82,162.58,198.32,113.3,42.85,128.48,111.54,77.29,16.28,88.8,272.48,204.92,161.47,166.8,49.98,143.68,116.2,47.7,168.55,177.77,256.01,61.63,93.92,57.45,67.58,119.67,39.02,86.86,67.32,57.02,76.38,43.99,112.65,37.26,247.41,136.05,130.64,54.13,124.84,65.82,109.55,88.01
2018-01-30,166.97,115.88,62.44,196.9,191.27,98.71,31.88,337.71,163.76,197.91,112.23,42.25,125.23,110.11,77.66,15.95,87.29,268.94,201.81,158.97,163.62,48.79,142.43,115.11,47.41,167.19,172.48,251.54,60.65,92.74,56.6,67.33,119.89,37.8,86.95,66.99,57.19,74.54,44.8,109.89,37.44,236.65,135.36,128.11,53.9,123.55,65.28,107.73,86.78
2018-01-31,167.43,112.22,62.16,199.76,186.05,99.4,32.0,354.37,162.78,194.87,113.91,41.54,125.35,108.67,78.5,16.17,83.8,267.89,200.9,159.67,163.7,48.14,138.19,115.67,47.59,169.0,171.14,250.5,59.25,95.01,56.55,68.22,120.3,37.04,86.34,68.25,56.81,73.58,45.11,109.67,37.45,236.78,133.5,127.32,54.07,124.23,65.78,106.6,87.3
2018-02-01,167.78,116.34,62.18,199.38,185.56,100.0,32.5,356.94,162.24,193.47,112.74,41.7,125.57,110.49,76.84,16.02,83.49,272.23,199.9,159.65,162.4,47.65,140.02,116.87,47.45,172.93,171.9,247.94,59.86,94.26,57.45,67.65,120.3,36.83,85.85,66.8,56.0,75.51,44.38,110.08,39.16,235.22,132.38,119.51,54.3,125.72,65.51,105.52,89.07
2018-02-02,160.5,115.17,61.69,195.64,187.01,96.68,31.95,348.91,157.49,190.99,110.78,40.93,118.58,108.7,76.53,15.64,81.73,260.04,193.97,156.65,159.03,46.15,137.68,114.28,46.73,170.55,169.38,245.17,58.56,91.78,55.48,67.22,118.67,36.61,84.25,66.07,55.77,73.69,44.17,107.66,38.07,231.88,129.36,116.47,52.98,120.91,64.07,104.48,84.53
2018-02-05,156.49,109.51,58.73,190.27,174.75,92.01,30.26,328.88,151.08,182.77,107.65,38.78,112.62,104.7,75.81,14.91,78.37,249.11,183.11,150.17,152.53,44.52,130.39,108.8,44.89,164.59,163.85,231.44,56.4,88.0,52.55,64.39,114.46,34.67,81.06,61.73,54.69,71.35,43.72,104.21,36.63,220.02,124.14,113.3,50.5,116.27,58.16,100.09,79.72
2018-02-06,163.03,111.2,58.86,194.47,176.65,94.18,31.2,340.91,156.41,185.01,109.57,40.17,117.18,106.17,74.49,15.27,80.38,258.7,191.04,151.4,155.34,44.91,131.83,112.11,44.67,169.28,165.18,233.63,55.46,91.33,54.33,65.22,113.56,35.28,82.38,64.4,55.61,71.04,43.49,105.87,36.83,225.18,131.15,112.71,50.83,119.97,57.28,100.9,78.35
2018-02-07,159.54,113.62,58.67,192.34,177.47,93.61,31.25,348.12,154.34,183.19,110.05,40.34,115.29,104.76,74.4,15.25,82.76,257.1,191.29,151.19,153.85,45.2,131.42,112.87,44.56,168.73,165.71,233.19,55.88,89.61,54.55,65.63,113.5,34.98,81.84,65.04,54.46,69.75,43.34,101.98,36.93,225.82,128.96,111.91,51.01,119.65,57.54,102.85,76.94
